run,step,winding_antisymmetry,overlap_median,residual_reflected_median,residual_rotated_median
transformer_addsub113_f0.3_wd0.1_sq-addsub_s0,0,0.8326195591926768,0.9524133801460266,1.3580784047736065,0.18011287950216728
transformer_addsub113_f0.3_wd0.1_sq-addsub_s0,840,0.09682717005697804,0.5853627920150757,1.2936029124468456,0.8575030620690898
transformer_addsub113_f0.3_wd0.1_sq-addsub_s0,1681,0.5586446281265767,0.6262349486351013,1.2771192368587236,0.8782451805031557
transformer_addsub113_f0.3_wd0.1_sq-addsub_s0,2521,-0.10625124629778165,0.5321972817182541,1.267490187305592,0.9442915726660371
transformer_addsub113_f0.3_wd0.1_sq-addsub_s0,3361,0.17231836874017,0.5516132712364197,1.2561389331590553,0.9394539101999241
transformer_addsub113_f0.3_wd0.1_sq-addsub_s0,4202,0.4800395269614022,0.5485771000385284,1.2501407892314793,0.9497629277792093
transformer_addsub113_f0.3_wd0.1_sq-addsub_s0,5042,0.10757621324779586,0.49369192123413086,1.2398769748809793,0.9605901892515158
transformer_addsub113_f0.3_wd0.1_sq-addsub_s0,5882,0.3488828201401285,0.6157236397266388,1.2227949340875441,0.9366406257296898
transformer_addsub113_f0.3_wd0.1_sq-addsub_s0,6723,0.5075744985191162,0.6076717674732208,1.2129443100242803,0.9516296092646196
transformer_addsub113_f0.3_wd0.1_sq-addsub_s0,7563,0.4447631239572777,0.5366058647632599,1.191814890609558,0.9523774766504003
transformer_addsub113_f0.3_wd0.1_sq-addsub_s0,8403,0.6504154482962802,0.642709344625473,1.163059509520977,0.9635805418301557
transformer_addsub113_f0.3_wd0.1_sq-addsub_s0,9244,-0.10105452651180416,0.61851766705513,1.143381322616686,0.9155546638601858
transformer_addsub113_f0.3_wd0.1_sq-addsub_s0,10084,-0.02687101963736242,0.5133086442947388,1.1192962434711877,0.9537977820697385
transformer_addsub113_f0.3_wd0.1_sq-addsub_s0,10924,-0.8396106672259381,0.505768358707428,1.076099120286282,0.952394965877763
transformer_addsub113_f0.3_wd0.1_sq-addsub_s0,11765,-0.8954503705559153,0.6859481930732727,0.9706826862413882,0.9795521992121512
transformer_addsub113_f0.3_wd0.1_sq-addsub_s0,12605,-0.9413236532161808,0.7128191292285919,0.7628732687793314,1.0601913387982407
transformer_addsub113_f0.3_wd0.1_sq-addsub_s0,13445,-0.968739516736266,0.5839590728282928,0.5469083524162216,1.127923032492316
transformer_addsub113_f0.3_wd0.1_sq-addsub_s0,14286,-0.9446647271642284,0.7235317826271057,0.4537297258930692,1.179164011197347
transformer_addsub113_f0.3_wd0.1_sq-addsub_s0,15126,-0.983382592365775,0.7372989356517792,0.36255694891150947,1.224448020306933
transformer_addsub113_f0.3_wd0.1_sq-addsub_s0,15966,-0.9784555057396298,0.7684506475925446,0.2836270221891825,1.2410364956980744
transformer_addsub113_f0.3_wd0.1_sq-addsub_s0,16807,-0.9627175481357414,0.6834685802459717,0.288586337202508,1.2390465910751227
transformer_addsub113_f0.3_wd0.1_sq-addsub_s0,17647,-0.9779092083981142,0.7928043007850647,0.2888737635530715,1.1984790642684158
transformer_addsub113_f0.3_wd0.1_sq-addsub_s0,18487,-0.9065321845421446,0.8455979824066162,0.2816781792782,1.207218176276629
transformer_addsub113_f0.3_wd0.1_sq-addsub_s0,19328,-0.9527308420049665,0.9405690431594849,0.2408963399996305,1.2201893192091449
transformer_addsub113_f0.3_wd0.1_sq-addsub_s0,20168,-0.9964493157832326,0.9532279968261719,0.25183831252619976,1.2481896848682807
transformer_addsub113_f0.3_wd0.1_sq-addsub_s0,21008,-0.9958262596799989,0.9051141142845154,0.26503530314195534,1.2573784118442124
transformer_addsub113_f0.3_wd0.1_sq-addsub_s0,21849,-0.9945299517168662,0.9722226560115814,0.2522377296493684,1.290203332459662
transformer_addsub113_f0.3_wd0.1_sq-addsub_s0,22689,-0.9903917559354797,0.896007776260376,0.2890527652634922,1.249050432171646
transformer_addsub113_f0.3_wd0.1_sq-addsub_s0,23529,-0.9763804727078335,0.9438299834728241,0.2932957337035852,1.2383516578375702
transformer_addsub113_f0.3_wd0.1_sq-addsub_s0,24370,-0.9922125190016535,0.9442599415779114,0.3574558162825935,1.2443502167350895
transformer_addsub113_f0.3_wd0.1_sq-addsub_s0,25210,-0.9709214467269972,0.8662731051445007,0.1259921101290395,1.3171182913245791
transformer_addsub113_f0.3_wd0.1_sq-addsub_s0,26050,-0.9968399293526885,0.9294761121273041,0.1210108255029838,1.315948748298537
transformer_addsub113_f0.3_wd0.1_sq-addsub_s0,26891,-0.997432856521465,0.9375932216644287,0.12250614477092822,1.3159623081952971
transformer_addsub113_f0.3_wd0.1_sq-addsub_s0,27731,-0.9922729917324884,0.8420508503913879,0.13143300787013662,1.3105948424986662
transformer_addsub113_f0.3_wd0.1_sq-addsub_s0,28571,-0.9822505054026589,0.8995224833488464,0.14162696249751555,1.309135977523573
transformer_addsub113_f0.3_wd0.1_sq-addsub_s0,29412,-0.9794091070057273,0.9029068350791931,0.17750417778078614,1.2884191026389673
transformer_addsub113_f0.3_wd0.1_sq-addsub_s0,30252,-0.9839629559883688,0.8619869649410248,0.14470976456002238,1.3098270707532338
transformer_addsub113_f0.3_wd0.1_sq-addsub_s0,31092,-0.9256275357327537,0.9454023838043213,0.1355619106317087,1.3138646417115645
transformer_addsub113_f0.3_wd0.1_sq-addsub_s0,31933,-0.9700276547978437,0.9346526861190796,0.12912276904527187,1.3154331518691147
transformer_addsub113_f0.3_wd0.1_sq-addsub_s0,32773,-0.9723663367635458,0.8127138018608093,0.18698045706033461,1.271317490706874
transformer_addsub113_f0.3_wd0.1_sq-addsub_s0,33613,-0.9412984205632912,0.9002747535705566,0.17041542833904938,1.3022985008215384
transformer_addsub113_f0.3_wd0.1_sq-addsub_s0,34454,-0.9864896012232157,0.9234029352664948,0.19020382516498363,1.302622696133072
transformer_addsub113_f0.3_wd0.1_sq-addsub_s0,35294,-0.9792178668729032,0.9633006453514099,0.18191771278823732,1.292315057670864
transformer_addsub113_f0.3_wd0.1_sq-addsub_s0,36134,-0.9550879802614552,0.9319379925727844,0.14067022708592075,1.31811186173096
transformer_addsub113_f0.3_wd0.1_sq-addsub_s0,36975,-0.9999999999999803,0.9962503612041473,0.19695363068783256,1.269469992587443
transformer_addsub113_f0.3_wd0.1_sq-addsub_s0,37815,-0.9590217298800364,0.9935290813446045,0.20006552881671943,1.283656446236591
transformer_addsub113_f0.3_wd0.1_sq-addsub_s0,38655,-0.8984961818873926,0.9769014716148376,0.1803172280618462,1.2839566405012972
transformer_addsub113_f0.3_wd0.1_sq-addsub_s0,39496,-0.9640584207779732,0.9824230670928955,0.22178728669601075,1.3039958250755377
transformer_addsub113_f0.3_wd0.1_sq-addsub_s0,40336,-0.968120981783206,0.9464991688728333,0.18152303349177498,1.2918684661983149
transformer_addsub113_f0.3_wd0.1_sq-addsub_s0,41176,-0.9810681868039092,0.9412887096405029,0.15040499518541942,1.3289684988982038
transformer_addsub113_f0.3_wd0.1_sq-addsub_s0,42017,-0.9770224260100325,0.9100859463214874,0.2002873639862026,1.26779221792596
transformer_addsub113_f0.3_wd0.1_sq-addsub_s0,42857,-0.9876373297065442,0.9408490061759949,0.3718139326659851,1.2471805174367723
transformer_addsub113_f0.3_wd0.1_sq-addsub_s0,43697,-0.8567058524420348,0.9466078579425812,0.24877075130343101,1.2857910747029258
transformer_addsub113_f0.3_wd0.1_sq-addsub_s0,44538,-0.670337771075885,0.9474362134933472,0.2069557355212438,1.269945731901668
transformer_addsub113_f0.3_wd0.1_sq-addsub_s0,45378,-0.9340366148612084,0.8754886984825134,0.17035587104405334,1.2738685568401107
transformer_addsub113_f0.3_wd0.1_sq-addsub_s0,46218,-0.833681645855858,0.9451302289962769,0.2901630092844498,1.2483631138461815
transformer_addsub113_f0.3_wd0.1_sq-addsub_s0,47059,-0.9687743456890605,0.8730900287628174,0.1890561111531598,1.2737354199411504
transformer_addsub113_f0.3_wd0.1_sq-addsub_s0,47899,-0.9142300000464898,0.9349603056907654,0.18169673247259072,1.279599988824999
transformer_addsub113_f0.3_wd0.1_sq-addsub_s0,48739,-0.9117232750933977,0.9325080513954163,0.19862219920636198,1.1810844245795684
transformer_addsub113_f0.3_wd0.1_sq-addsub_s0,49580,-0.9823732449433322,0.8731362223625183,0.16903435434371183,1.3061410476215505
transformer_addsub113_f0.3_wd0.1_sq-addsub_s0,50420,-0.9591662824451113,0.9913608729839325,0.19159088699972318,1.2572579347989876
transformer_addsub113_f0.3_wd0.1_sq-addsub_s0,51261,-0.9301386579806125,0.9245349764823914,0.2974100641656115,1.281362578538953
transformer_addsub113_f0.3_wd0.1_sq-addsub_s0,52101,-0.9999999999999725,0.9892385601997375,0.16063577484561833,1.2733114861239652
transformer_addsub113_f0.3_wd0.1_sq-addsub_s0,52941,-0.8069141284572184,0.8492330312728882,0.34536467251178904,1.2404591546286365
transformer_addsub113_f0.3_wd0.1_sq-addsub_s0,53782,-0.8495201310122923,0.9847277104854584,0.23217003490372343,1.2515114089481092
transformer_addsub113_f0.3_wd0.1_sq-addsub_s0,54622,-0.973756241918893,0.9666618406772614,0.17269592371800974,1.282973139787164
transformer_addsub113_f0.3_wd0.1_sq-addsub_s0,55462,-0.9685869311083982,0.9625644385814667,0.16389180502802625,1.292082778530773
transformer_addsub113_f0.3_wd0.1_sq-addsub_s0,56303,-0.9871532247103528,0.9824274182319641,0.16282777496752013,1.2969228854530634
transformer_addsub113_f0.3_wd0.1_sq-addsub_s0,57143,-0.9877757241502738,0.9517189264297485,0.16832651345884825,1.2867760670459587
transformer_addsub113_f0.3_wd0.1_sq-addsub_s0,57983,-0.8246380065113249,0.9856413304805756,0.18187715784796143,1.2530294333649001
transformer_addsub113_f0.3_wd0.1_sq-addsub_s0,58824,-0.862274281119946,0.8068322539329529,0.31655388120160177,1.2876556033574198
transformer_addsub113_f0.3_wd0.1_sq-addsub_s0,59664,-0.9170341851339479,0.9263244867324829,0.3608969412006702,1.2786327115997487
transformer_addsub113_f0.3_wd0.1_sq-addsub_s0,60504,-0.9970556963336424,0.9655783176422119,0.14953410189526237,1.3105859261443153
transformer_addsub113_f0.3_wd0.1_sq-addsub_s0,61345,-0.9941308261271629,0.9683559238910675,0.15857344818496602,1.3003992368528876
transformer_addsub113_f0.3_wd0.1_sq-addsub_s0,62185,-0.9662230116400055,0.9596358239650726,0.20762996036420264,1.2625428633118132
transformer_addsub113_f0.3_wd0.1_sq-addsub_s0,63025,-0.8497090891133933,0.9794597327709198,0.1777128455732308,1.263298392681405
transformer_addsub113_f0.3_wd0.1_sq-addsub_s0,63866,-0.9877587049951285,0.9426486790180206,0.16463066989111153,1.2868187620984957
transformer_addsub113_f0.3_wd0.1_sq-addsub_s0,64706,-0.9834136647392338,0.9446045756340027,0.29704769294511124,1.256186283677493
transformer_addsub113_f0.3_wd0.1_sq-addsub_s0,65546,-0.9610581079310834,0.970287024974823,0.20925625871197118,1.2790521752796988
transformer_addsub113_f0.3_wd0.1_sq-addsub_s0,66387,-0.938011032191608,0.8235891461372375,0.1729486737785464,1.2901027821574806
transformer_addsub113_f0.3_wd0.1_sq-addsub_s0,67227,-0.9898636204351327,0.8116841316223145,0.1795222011610632,1.2944001678443207
transformer_addsub113_f0.3_wd0.1_sq-addsub_s0,68067,-0.9707814961324736,0.9372106790542603,0.15905155805105992,1.3114500992343663
transformer_addsub113_f0.3_wd0.1_sq-addsub_s0,68908,-0.986771381677494,0.8238294720649719,0.20785056988004907,1.2433912544884782
transformer_addsub113_f0.3_wd0.1_sq-addsub_s0,69748,-0.7369391873426218,0.9335852861404419,0.18448554185848906,1.2596359256512528
transformer_addsub113_f0.3_wd0.1_sq-addsub_s0,70588,-0.8599046766334437,0.9357195794582367,0.16906926028345678,1.2774664806153448
transformer_addsub113_f0.3_wd0.1_sq-addsub_s0,71429,-0.9896399832423931,0.9179716110229492,0.16380778477469338,1.300613697966932
transformer_addsub113_f0.3_wd0.1_sq-addsub_s0,72269,-0.9837373849498057,0.9574079215526581,0.15377188873001107,1.3018620105682515
transformer_addsub113_f0.3_wd0.1_sq-addsub_s0,73109,-0.9915632988464118,0.9423622488975525,0.1725155118486783,1.2757000253622393
transformer_addsub113_f0.3_wd0.1_sq-addsub_s0,73950,-0.9597424732362563,0.9188156425952911,0.1758924540261084,1.2718150766793834
transformer_addsub113_f0.3_wd0.1_sq-addsub_s0,74790,-0.967911684242882,0.9143154621124268,0.15123143172950587,1.2839742367699016
transformer_addsub113_f0.3_wd0.1_sq-addsub_s0,75630,-0.8784118708481112,0.8597418665885925,0.22884359217557199,1.2386642160740688
transformer_addsub113_f0.3_wd0.1_sq-addsub_s0,76471,-0.9192631626564389,0.9631503820419312,0.2085706414887934,1.2504775545449835
transformer_addsub113_f0.3_wd0.1_sq-addsub_s0,77311,-0.7724053827669752,0.9572901725769043,0.185383979812885,1.265026196518432
transformer_addsub113_f0.3_wd0.1_sq-addsub_s0,78151,-0.9287243832205474,0.9478626549243927,0.1496335116317807,1.2727081551915855
transformer_addsub113_f0.3_wd0.1_sq-addsub_s0,78992,-0.9780094922108507,0.8475369513034821,0.22651476575345633,1.253417665171758
transformer_addsub113_f0.3_wd0.1_sq-addsub_s0,79832,-0.9920663175296017,0.9228415489196777,0.20259653416786283,1.2552900867891348
transformer_addsub113_f0.3_wd0.1_sq-addsub_s0,80672,-0.9800217894587498,0.865905225276947,0.15702842300865746,1.2746195249183718
transformer_addsub113_f0.3_wd0.1_sq-addsub_s0,81513,-0.9848562801872061,0.8970480263233185,0.35687188050485086,1.2578038337393926
transformer_addsub113_f0.3_wd0.1_sq-addsub_s0,82353,-0.6926959503842648,0.9580956101417542,0.20091332811049017,1.28345466454995
transformer_addsub113_f0.3_wd0.1_sq-addsub_s0,83193,-0.9938092604625521,0.8960930109024048,0.18042148927350898,1.2590171578373046
transformer_addsub113_f0.3_wd0.1_sq-addsub_s0,84034,-0.9894074712534955,0.9202162027359009,0.1801235093829977,1.2554155619135292
transformer_addsub113_f0.3_wd0.1_sq-addsub_s0,84874,-0.9690918921569543,0.9094899892807007,0.19044972284421105,1.2656800601910974
transformer_addsub113_f0.3_wd0.1_sq-addsub_s0,85714,-0.9162697462531001,0.9634561538696289,0.2118335885529025,1.2739935674711322
transformer_addsub113_f0.3_wd0.1_sq-addsub_s0,86555,-0.7913710381751748,0.9638529717922211,0.20103311523687792,1.26721539956477
transformer_addsub113_f0.3_wd0.1_sq-addsub_s0,87395,-0.9711522013612974,0.9090123176574707,0.34556582812442255,1.2363597380239084
transformer_addsub113_f0.3_wd0.1_sq-addsub_s0,88235,-0.9945030623565876,0.9432022869586945,0.27333581885711855,1.2533218328544549
transformer_addsub113_f0.3_wd0.1_sq-addsub_s0,89076,-0.9982401023595421,0.9684624671936035,0.19976428970382631,1.2580999681472294
transformer_addsub113_f0.3_wd0.1_sq-addsub_s0,89916,-0.9983732460576132,0.9484067261219025,0.18857836137076056,1.283239820800468
transformer_addsub113_f0.3_wd0.1_sq-addsub_s0,90756,-0.9809210899676023,0.944813460111618,0.16868533337457042,1.2877322632123456
transformer_addsub113_f0.3_wd0.1_sq-addsub_s0,91597,-0.9955797791443651,0.938347190618515,0.16040257069145408,1.2850751115865033
transformer_addsub113_f0.3_wd0.1_sq-addsub_s0,92437,-0.9852244873389867,0.9461010694503784,0.23158486754846003,1.2509591484661464
transformer_addsub113_f0.3_wd0.1_sq-addsub_s0,93277,-0.9221404544027119,0.938922107219696,0.2882606746727463,1.275009212644282
transformer_addsub113_f0.3_wd0.1_sq-addsub_s0,94118,-0.9931554802594568,0.9425025284290314,0.21282478077636424,1.2235090018227628
transformer_addsub113_f0.3_wd0.1_sq-addsub_s0,94958,-0.9912567369338967,0.9032464027404785,0.19403184015819147,1.2740063667526293
transformer_addsub113_f0.3_wd0.1_sq-addsub_s0,95798,-0.9960792551131459,0.8357203304767609,0.1729241554693116,1.3005982767702258
transformer_addsub113_f0.3_wd0.1_sq-addsub_s0,96639,-0.9987216151630368,0.9617878794670105,0.16635720054794284,1.2970924496277232
transformer_addsub113_f0.3_wd0.1_sq-addsub_s0,97479,-0.9983657923378038,0.9109728038311005,0.16482900734999606,1.279865311346041
transformer_addsub113_f0.3_wd0.1_sq-addsub_s0,98319,-0.9993992557576664,0.9686115086078644,0.1417899676464342,1.3082569695808863
transformer_addsub113_f0.3_wd0.1_sq-addsub_s0,99160,-0.9940640889298055,0.9329881966114044,0.14393082014093575,1.30737868560786
transformer_addsub113_f0.3_wd0.1_sq-addsub_s0,100000,-0.9939833634689695,0.9412484765052795,0.2236778867649768,1.2534401944763767
transformer_addsub113_f0.3_wd0.1_sq-addsub_s1,0,0.6198600042847695,0.9074458181858063,1.387398580950299,0.1488950780156426
transformer_addsub113_f0.3_wd0.1_sq-addsub_s1,840,0.7108914503449926,0.6391508877277374,1.2836316019240193,0.886599386375727
transformer_addsub113_f0.3_wd0.1_sq-addsub_s1,1681,0.06252816486432042,0.6137830317020416,1.2788140920177875,0.8883224063479418
transformer_addsub113_f0.3_wd0.1_sq-addsub_s1,2521,0.5943946579475647,0.5871371924877167,1.2708906800541573,0.9199192523148736
transformer_addsub113_f0.3_wd0.1_sq-addsub_s1,3361,0.4316641123317489,0.5946169495582581,1.2589399890375603,0.9377233544544025
transformer_addsub113_f0.3_wd0.1_sq-addsub_s1,4202,0.39958355134313933,0.5346015989780426,1.2458231130615922,0.9382850968118939
transformer_addsub113_f0.3_wd0.1_sq-addsub_s1,5042,0.5509092846418989,0.5895074307918549,1.2350391042786149,0.939531821515807
transformer_addsub113_f0.3_wd0.1_sq-addsub_s1,5882,0.43687126896322226,0.6230002045631409,1.229547217607732,0.9188250063594924
transformer_addsub113_f0.3_wd0.1_sq-addsub_s1,6723,0.11033681067972065,0.5857170522212982,1.2001099470768093,0.9249165592877661
transformer_addsub113_f0.3_wd0.1_sq-addsub_s1,7563,0.2165112638673548,0.5447634756565094,1.195518278503711,0.9226006092456822
transformer_addsub113_f0.3_wd0.1_sq-addsub_s1,8403,0.021276749152544294,0.552217036485672,1.1847336242519293,0.9182640672738405
transformer_addsub113_f0.3_wd0.1_sq-addsub_s1,9244,-0.13618419065163243,0.6241046786308289,1.1684856399756973,0.919390806084085
transformer_addsub113_f0.3_wd0.1_sq-addsub_s1,10084,0.08463992232797908,0.6793850660324097,1.1442553735569487,0.9209761334392597
transformer_addsub113_f0.3_wd0.1_sq-addsub_s1,10924,0.19758206644232063,0.6602296531200409,1.0826222032122683,0.9476872289858786
transformer_addsub113_f0.3_wd0.1_sq-addsub_s1,11765,-0.9186501458319882,0.5783230662345886,0.8550568317459613,1.0797337497051689
transformer_addsub113_f0.3_wd0.1_sq-addsub_s1,12605,-0.9562062446525322,0.6569485366344452,0.5321407603289322,1.1969707772602631
transformer_addsub113_f0.3_wd0.1_sq-addsub_s1,13445,-0.9566602347098969,0.7387272119522095,0.42434563742028963,1.1906063739134627
transformer_addsub113_f0.3_wd0.1_sq-addsub_s1,14286,-0.9579718108427497,0.7076676189899445,0.35890778841858484,1.2066858791035266
transformer_addsub113_f0.3_wd0.1_sq-addsub_s1,15126,-0.997773385651114,0.7203328311443329,0.3299450492982201,1.2013486717576618
transformer_addsub113_f0.3_wd0.1_sq-addsub_s1,15966,-0.9975313862536963,0.921355128288269,0.26456783263757816,1.1887390167755574
transformer_addsub113_f0.3_wd0.1_sq-addsub_s1,16807,-0.9686896723390136,0.8914733529090881,0.2170957623689762,1.2481944987183744
transformer_addsub113_f0.3_wd0.1_sq-addsub_s1,17647,-0.9810426518611186,0.890968382358551,0.34083995170482645,1.2307078508611555
transformer_addsub113_f0.3_wd0.1_sq-addsub_s1,18487,-0.9893040587935114,0.8297308087348938,0.40026361148468004,1.276618249177519
transformer_addsub113_f0.3_wd0.1_sq-addsub_s1,19328,-0.998527660482886,0.9485982358455658,0.48513026049642194,1.1907061637472682
transformer_addsub113_f0.3_wd0.1_sq-addsub_s1,20168,-0.9375250673498808,0.7690266370773315,0.41556814262464087,1.2548021761605312
transformer_addsub113_f0.3_wd0.1_sq-addsub_s1,21008,-0.9742009198164161,0.8559020161628723,0.28318384782243455,1.2914990309733017
transformer_addsub113_f0.3_wd0.1_sq-addsub_s1,21849,-0.9867241063805332,0.8817504048347473,0.2245183158468027,1.301653049402
transformer_addsub113_f0.3_wd0.1_sq-addsub_s1,22689,-0.8919892978181857,0.9529004693031311,0.20154774207311998,1.186195079145206
transformer_addsub113_f0.3_wd0.1_sq-addsub_s1,23529,-0.9348898089963028,0.8871995210647583,0.2624474383694362,1.2486524684229856
transformer_addsub113_f0.3_wd0.1_sq-addsub_s1,24370,-0.9836351290635318,0.8712512254714966,0.33432682343207953,1.247381713024567
transformer_addsub113_f0.3_wd0.1_sq-addsub_s1,25210,-0.9584222226524964,0.8874040246009827,0.34559843662209105,1.2667481349425695
transformer_addsub113_f0.3_wd0.1_sq-addsub_s1,26050,-0.925135055296652,0.8731856346130371,0.29261250097562097,1.2590119866278902
transformer_addsub113_f0.3_wd0.1_sq-addsub_s1,26891,-0.9954077501681519,0.9483768343925476,0.20234141464729177,1.3170459908470464
transformer_addsub113_f0.3_wd0.1_sq-addsub_s1,27731,-0.9930771149905817,0.8993913531303406,0.21250737004152126,1.3006874438820375
transformer_addsub113_f0.3_wd0.1_sq-addsub_s1,28571,-0.9766393174175237,0.9119267463684082,0.20398770541784111,1.3249882720013464
transformer_addsub113_f0.3_wd0.1_sq-addsub_s1,29412,-0.9931278405776193,0.949697881937027,0.1990365263815727,1.2890811991747606
transformer_addsub113_f0.3_wd0.1_sq-addsub_s1,30252,-0.9908903060052975,0.9376945197582245,0.1989079132944051,1.2550057935044183
transformer_addsub113_f0.3_wd0.1_sq-addsub_s1,31092,-0.9729086389671728,0.9591074287891388,0.1476862738816782,1.3043425006391496
transformer_addsub113_f0.3_wd0.1_sq-addsub_s1,31933,-0.9668451816291842,0.8909062445163727,0.1398928439145456,1.3103594443280362
transformer_addsub113_f0.3_wd0.1_sq-addsub_s1,32773,-0.9202628140247839,0.9781649708747864,0.14907737484560923,1.2766560885824814
transformer_addsub113_f0.3_wd0.1_sq-addsub_s1,33613,-0.954893398402213,0.9407457113265991,0.25088011956916906,1.2766167306438356
transformer_addsub113_f0.3_wd0.1_sq-addsub_s1,34454,-0.9963921767537269,0.9832376837730408,0.10165301661144391,1.3361576118004748
transformer_addsub113_f0.3_wd0.1_sq-addsub_s1,35294,-0.9953964518103721,0.9404807388782501,0.10812012277296712,1.3398227585592277
transformer_addsub113_f0.3_wd0.1_sq-addsub_s1,36134,-0.9930654000111342,0.9551047384738922,0.1095755414981393,1.3363848284452793
transformer_addsub113_f0.3_wd0.1_sq-addsub_s1,36975,-0.9801362802657951,0.9080831706523895,0.21606586787479132,1.254909332736421
transformer_addsub113_f0.3_wd0.1_sq-addsub_s1,37815,-0.9599960692934582,0.9001037776470184,0.19915955972985072,1.2881535589007038
transformer_addsub113_f0.3_wd0.1_sq-addsub_s1,38655,-0.9859769765770815,0.9696686267852783,0.19465917549916456,1.28701307435368
transformer_addsub113_f0.3_wd0.1_sq-addsub_s1,39496,-0.8942875511293394,0.9213061332702637,0.20123892630244208,1.3036159791740642
transformer_addsub113_f0.3_wd0.1_sq-addsub_s1,40336,-0.9858548676492098,0.8979649245738983,0.20035258249376814,1.3039129517286105
transformer_addsub113_f0.3_wd0.1_sq-addsub_s1,41176,-0.982865722284458,0.8440684080123901,0.20636668536072295,1.3111096196664143
transformer_addsub113_f0.3_wd0.1_sq-addsub_s1,42017,-0.9903442667597212,0.9419316053390503,0.20327162286182127,1.285843147595409
transformer_addsub113_f0.3_wd0.1_sq-addsub_s1,42857,-0.9655267451483973,0.8978626728057861,0.18319730858208905,1.2604159510350998
transformer_addsub113_f0.3_wd0.1_sq-addsub_s1,43697,-0.991097524020078,0.9335851073265076,0.18248889302521704,1.297966594918202
transformer_addsub113_f0.3_wd0.1_sq-addsub_s1,44538,-0.9747588724486277,0.9258542954921722,0.20114013224249272,1.3073801649183427
transformer_addsub113_f0.3_wd0.1_sq-addsub_s1,45378,-0.984725426980146,0.9524689018726349,0.19153220079129185,1.265873332009762
transformer_addsub113_f0.3_wd0.1_sq-addsub_s1,46218,-0.9645180225234485,0.802718460559845,0.17971211588222658,1.2939889587361515
transformer_addsub113_f0.3_wd0.1_sq-addsub_s1,47059,-0.9731893499272692,0.9381395578384399,0.18857226903749758,1.2803026404460036
transformer_addsub113_f0.3_wd0.1_sq-addsub_s1,47899,-0.8274917184247197,0.8963913917541504,0.19197819843827613,1.2556216002000475
transformer_addsub113_f0.3_wd0.1_sq-addsub_s1,48739,-0.988836730265411,0.9489395618438721,0.18295749466403077,1.2950745430854007
transformer_addsub113_f0.3_wd0.1_sq-addsub_s1,49580,-0.9746634166570859,0.9364579916000366,0.1762812646839747,1.2688759567749328
transformer_addsub113_f0.3_wd0.1_sq-addsub_s1,50420,-0.954456243114626,0.8127912282943726,0.18761788609783026,1.2713127888813318
transformer_addsub113_f0.3_wd0.1_sq-addsub_s1,51261,-0.9744310870916253,0.9152981638908386,0.16577807318745075,1.2846139300148227
transformer_addsub113_f0.3_wd0.1_sq-addsub_s1,52101,-0.9725095328505404,0.9594144821166992,0.16514810042995554,1.3073865482620488
transformer_addsub113_f0.3_wd0.1_sq-addsub_s1,52941,-0.9938676846238952,0.950004905462265,0.1344483662713002,1.3258101854574735
transformer_addsub113_f0.3_wd0.1_sq-addsub_s1,53782,-0.9988531102833237,0.9651256501674652,0.1256276586840269,1.321221857516133
transformer_addsub113_f0.3_wd0.1_sq-addsub_s1,54622,-0.9766316622949126,0.9479903280735016,0.1434729823523196,1.3129745100686208
transformer_addsub113_f0.3_wd0.1_sq-addsub_s1,55462,-0.9893039213326369,0.9635993540287018,0.13981127346454714,1.3124466324552955
transformer_addsub113_f0.3_wd0.1_sq-addsub_s1,56303,-0.9806715328842469,0.9573964774608612,0.13420264491325,1.3183276897282739
transformer_addsub113_f0.3_wd0.1_sq-addsub_s1,57143,-0.9553118827286842,0.969245582818985,0.12522282072011554,1.3169782666606524
transformer_addsub113_f0.3_wd0.1_sq-addsub_s1,57983,-0.9839304643838446,0.9709999561309814,0.14274113953906575,1.30923604223219
transformer_addsub113_f0.3_wd0.1_sq-addsub_s1,58824,-0.9398879904093691,0.9562540352344513,0.1303444965793918,1.3133578584851635
transformer_addsub113_f0.3_wd0.1_sq-addsub_s1,59664,-0.8467107342240505,0.9503188133239746,0.1456622575081038,1.278740739293018
transformer_addsub113_f0.3_wd0.1_sq-addsub_s1,60504,-0.9830786026455015,0.9390332698822021,0.1280883705772533,1.325456727822988
transformer_addsub113_f0.3_wd0.1_sq-addsub_s1,61345,-0.9883556841028286,0.961424857378006,0.13581410808935876,1.3138050778488515
transformer_addsub113_f0.3_wd0.1_sq-addsub_s1,62185,-0.9921769232698573,0.9437446594238281,0.1353347518901098,1.3181480721907435
transformer_addsub113_f0.3_wd0.1_sq-addsub_s1,63025,-0.9950459917193203,0.9585233330726624,0.10495335681328169,1.3332324807570255
transformer_addsub113_f0.3_wd0.1_sq-addsub_s1,63866,-0.996893367868821,0.9716128408908844,0.10345278641973168,1.3335743851239474
transformer_addsub113_f0.3_wd0.1_sq-addsub_s1,64706,-0.9932298952184239,0.9714200794696808,0.11562746893253925,1.3232545904480424
transformer_addsub113_f0.3_wd0.1_sq-addsub_s1,65546,-0.9825141231294413,0.9544316530227661,0.1145786256441238,1.3182067365125345
transformer_addsub113_f0.3_wd0.1_sq-addsub_s1,66387,-0.9899348380527423,0.9600645005702972,0.09425081875535697,1.3352540426203388
transformer_addsub113_f0.3_wd0.1_sq-addsub_s1,67227,-0.9182543798783268,0.9319071769714355,0.188522944638279,1.2624364984317136
transformer_addsub113_f0.3_wd0.1_sq-addsub_s1,68067,-0.9794117055189071,0.8452747464179993,0.3514140756153162,1.2425099659039145
transformer_addsub113_f0.3_wd0.1_sq-addsub_s1,68908,-0.9011245567803017,0.9723387658596039,0.16360863361760616,1.2703451561076637
transformer_addsub113_f0.3_wd0.1_sq-addsub_s1,69748,-0.911534161442215,0.860984593629837,0.30428272373435566,1.2856815201540126
transformer_addsub113_f0.3_wd0.1_sq-addsub_s1,70588,-0.9755696418525596,0.9674638211727142,0.17367201997551207,1.2676597619826913
transformer_addsub113_f0.3_wd0.1_sq-addsub_s1,71429,-0.9937255730472558,0.9840563833713531,0.14843078326146802,1.2679717314449956
transformer_addsub113_f0.3_wd0.1_sq-addsub_s1,72269,-0.9610166916934629,0.9514531493186951,0.23200453239787994,1.2768069467577137
transformer_addsub113_f0.3_wd0.1_sq-addsub_s1,73109,-0.9805907323771491,0.9511953890323639,0.18836680231514225,1.269542914856752
transformer_addsub113_f0.3_wd0.1_sq-addsub_s1,73950,-0.9377168692972592,0.9869322180747986,0.13258253752151866,1.2553578412192095
transformer_addsub113_f0.3_wd0.1_sq-addsub_s1,74790,-0.8916842005973046,0.9656907320022583,0.19641396677835526,1.2569997200575758
transformer_addsub113_f0.3_wd0.1_sq-addsub_s1,75630,-0.8086074998171886,0.9788041114807129,0.153240742773598,1.2466432494019422
transformer_addsub113_f0.3_wd0.1_sq-addsub_s1,76471,-0.5000473863406498,0.9829469919204712,0.13318649341978184,1.2585158684653202
transformer_addsub113_f0.3_wd0.1_sq-addsub_s1,77311,-0.9375533015915661,0.9367639422416687,0.23277514779350436,1.2677604067786254
transformer_addsub113_f0.3_wd0.1_sq-addsub_s1,78151,-0.9369814666472186,0.8495633006095886,0.19611887676861783,1.24692408381053
transformer_addsub113_f0.3_wd0.1_sq-addsub_s1,78992,-0.8654764654326775,0.9775194823741913,0.1508988930363417,1.246571300499221
transformer_addsub113_f0.3_wd0.1_sq-addsub_s1,79832,-0.9776170480816674,0.9640091359615326,0.13289122810207635,1.249791949891839
transformer_addsub113_f0.3_wd0.1_sq-addsub_s1,80672,-0.8930391008456635,0.9456715285778046,0.28576062594437923,1.2673294526892998
transformer_addsub113_f0.3_wd0.1_sq-addsub_s1,81513,-0.8151194121535241,0.9368923902511597,0.19802800965981043,1.251943886550148
transformer_addsub113_f0.3_wd0.1_sq-addsub_s1,82353,-0.9757539778736042,0.9731338024139404,0.14858143769636986,1.2500566818677212
transformer_addsub113_f0.3_wd0.1_sq-addsub_s1,83193,-0.7782895244598997,0.9858272671699524,0.1347934863349295,1.2468419949876761
transformer_addsub113_f0.3_wd0.1_sq-addsub_s1,84034,-0.9297524011568855,0.9384110867977142,0.21786530402623086,1.2657425589100155
transformer_addsub113_f0.3_wd0.1_sq-addsub_s1,84874,-0.9622931033479375,0.8810998499393463,0.18704823124447167,1.2672876138162927
transformer_addsub113_f0.3_wd0.1_sq-addsub_s1,85714,-0.9290517576713717,0.9768296480178833,0.14633407279725308,1.2712942961627087
transformer_addsub113_f0.3_wd0.1_sq-addsub_s1,86555,-0.7989110015493238,0.9412272572517395,0.12764026208333856,1.2687769547707426
transformer_addsub113_f0.3_wd0.1_sq-addsub_s1,87395,-0.9226089674543182,0.9694775938987732,0.19423602552887104,1.2958719729021708
transformer_addsub113_f0.3_wd0.1_sq-addsub_s1,88235,-0.9673681113016926,0.9260449409484863,0.1599117348801308,1.2760547223534617
transformer_addsub113_f0.3_wd0.1_sq-addsub_s1,89076,-0.959480331913465,0.9593471884727478,0.14838270640442414,1.2725243097057608
transformer_addsub113_f0.3_wd0.1_sq-addsub_s1,89916,-0.843713149861883,0.9542744755744934,0.1227618659702025,1.278961501551703
transformer_addsub113_f0.3_wd0.1_sq-addsub_s1,90756,-0.8807453132251215,0.8964701890945435,0.22134761533764713,1.291287745411248
transformer_addsub113_f0.3_wd0.1_sq-addsub_s1,91597,-0.9521270401915259,0.9489947557449341,0.18548553075562815,1.2753202987166714
transformer_addsub113_f0.3_wd0.1_sq-addsub_s1,92437,-0.9656161367026151,0.9243458211421967,0.16483135805891944,1.27797822490369
transformer_addsub113_f0.3_wd0.1_sq-addsub_s1,93277,-0.9674455430556309,0.9599694609642029,0.13690348090688437,1.2831322978186408
transformer_addsub113_f0.3_wd0.1_sq-addsub_s1,94118,-0.983012747605,0.9423530697822571,0.11844935096573421,1.266128596940264
transformer_addsub113_f0.3_wd0.1_sq-addsub_s1,94958,-0.9133060835793023,0.8423416316509247,0.2798643341669871,1.278607046030968
transformer_addsub113_f0.3_wd0.1_sq-addsub_s1,95798,-0.9829767117275316,0.9339652955532074,0.1776947736704621,1.2651174403818015
transformer_addsub113_f0.3_wd0.1_sq-addsub_s1,96639,-0.9519853710693318,0.9649073779582977,0.12719737818155408,1.2711744371255809
transformer_addsub113_f0.3_wd0.1_sq-addsub_s1,97479,-0.9780728680777212,0.9335362613201141,0.30717619914769834,1.233606342115571
transformer_addsub113_f0.3_wd0.1_sq-addsub_s1,98319,-0.9750824444664135,0.9756589829921722,0.14075946326492672,1.2778587598994013
transformer_addsub113_f0.3_wd0.1_sq-addsub_s1,99160,-0.9674947025538598,0.9689541757106781,0.13327180547646172,1.2718826840163326
transformer_addsub113_f0.3_wd0.1_sq-addsub_s1,100000,-0.8935341843318404,0.9335066676139832,0.10806928779392541,1.2608079896873086
transformer_addsub113_f0.3_wd0.1_sq-addsub_s2,0,0.7604393878149691,0.9739441871643066,1.3992221520533579,0.14909544134986574
transformer_addsub113_f0.3_wd0.1_sq-addsub_s2,840,0.7332695633544946,0.702111005783081,1.269789924251342,0.8367434040916668
transformer_addsub113_f0.3_wd0.1_sq-addsub_s2,1681,0.0967102486314853,0.658757746219635,1.260287798624148,0.8418008443996668
transformer_addsub113_f0.3_wd0.1_sq-addsub_s2,2521,0.4139206880265721,0.5737678408622742,1.2515338993835523,0.861717134653261
transformer_addsub113_f0.3_wd0.1_sq-addsub_s2,3361,0.23242701085239073,0.6721314787864685,1.2433804354366351,0.86142890610912
transformer_addsub113_f0.3_wd0.1_sq-addsub_s2,4202,0.20137272895516983,0.563675582408905,1.2362639071010446,0.8908545249946305
transformer_addsub113_f0.3_wd0.1_sq-addsub_s2,5042,0.4942709356504959,0.6164921820163727,1.2193802138965586,0.9253850969316446
transformer_addsub113_f0.3_wd0.1_sq-addsub_s2,5882,0.5464715792539258,0.5862564742565155,1.2066212609345799,0.889879888822608
transformer_addsub113_f0.3_wd0.1_sq-addsub_s2,6723,0.43879620721192275,0.6340281963348389,1.1910609335358733,0.915254416559228
transformer_addsub113_f0.3_wd0.1_sq-addsub_s2,7563,0.2421537203229793,0.6429133713245392,1.1862973749933894,0.9075685470253383
transformer_addsub113_f0.3_wd0.1_sq-addsub_s2,8403,-0.2658864689445916,0.5906308591365814,1.1677053603009915,0.9309247998296031
transformer_addsub113_f0.3_wd0.1_sq-addsub_s2,9244,0.09188122517748307,0.5956423282623291,1.127438466499319,0.9376130058809075
transformer_addsub113_f0.3_wd0.1_sq-addsub_s2,10084,-0.4745001527700122,0.5586530864238739,1.0441800123891072,0.9461284329780144
transformer_addsub113_f0.3_wd0.1_sq-addsub_s2,10924,-0.6045690099896399,0.521544337272644,0.9086156489126155,1.0011724874009815
transformer_addsub113_f0.3_wd0.1_sq-addsub_s2,11765,-0.9098475605505677,0.5608605146408081,0.6543102318188576,1.111633255689111
transformer_addsub113_f0.3_wd0.1_sq-addsub_s2,12605,-0.9260062884598915,0.6561802923679352,0.5038783353364937,1.168525447582084
transformer_addsub113_f0.3_wd0.1_sq-addsub_s2,13445,-0.9194507473231905,0.6903732120990753,0.32263937025632783,1.2305296275324695
transformer_addsub113_f0.3_wd0.1_sq-addsub_s2,14286,-0.9777037740756171,0.7944753766059875,0.24977948388422744,1.2697945994419495
transformer_addsub113_f0.3_wd0.1_sq-addsub_s2,15126,-0.9974289774150938,0.734896332025528,0.2072627697642595,1.2968352866694253
transformer_addsub113_f0.3_wd0.1_sq-addsub_s2,15966,-0.982164248955644,0.8222639560699463,0.2311351278524485,1.3088167015563346
transformer_addsub113_f0.3_wd0.1_sq-addsub_s2,16807,-0.9722288240334883,0.8679717183113098,0.21934998968526484,1.302507652100386
transformer_addsub113_f0.3_wd0.1_sq-addsub_s2,17647,-0.9830829534840176,0.9402465224266052,0.22560891804740513,1.272191098884443
transformer_addsub113_f0.3_wd0.1_sq-addsub_s2,18487,-0.9370475501013178,0.7976901531219482,0.25329802921500866,1.2754303660304698
transformer_addsub113_f0.3_wd0.1_sq-addsub_s2,19328,-0.9868636099553696,0.9321399927139282,0.2877376054492614,1.261188120354767
transformer_addsub113_f0.3_wd0.1_sq-addsub_s2,20168,-0.992538638689148,0.90328648686409,0.19344148725102583,1.2253927210864526
transformer_addsub113_f0.3_wd0.1_sq-addsub_s2,21008,-0.999999999999988,0.9961009621620178,0.13835210542116821,1.3055366474344814
transformer_addsub113_f0.3_wd0.1_sq-addsub_s2,21849,-0.9286923144564937,0.9200477600097656,0.26773658186900307,1.2755237635621803
transformer_addsub113_f0.3_wd0.1_sq-addsub_s2,22689,-0.9822986414260937,0.9691789746284485,0.20023311635021313,1.270992632137483
transformer_addsub113_f0.3_wd0.1_sq-addsub_s2,23529,-0.9786903325376108,0.9732150435447693,0.16502372370127127,1.2641798673467899
transformer_addsub113_f0.3_wd0.1_sq-addsub_s2,24370,-0.9958378094432438,0.9903875887393951,0.1559145987462232,1.2584753850874428
transformer_addsub113_f0.3_wd0.1_sq-addsub_s2,25210,-0.8798525333029171,0.9141631722450256,0.24536923725158352,1.2693706747495999
transformer_addsub113_f0.3_wd0.1_sq-addsub_s2,26050,-0.9711899317007976,0.9517097473144531,0.20820344036068522,1.2496997074946012
transformer_addsub113_f0.3_wd0.1_sq-addsub_s2,26891,-0.9958834328081939,0.9878188371658325,0.16803914944223602,1.273031983246555
transformer_addsub113_f0.3_wd0.1_sq-addsub_s2,27731,-0.9905868188778747,0.9864900708198547,0.16311986195292724,1.2764913319410478
transformer_addsub113_f0.3_wd0.1_sq-addsub_s2,28571,-0.9908463472369128,0.9935363531112671,0.14823558575783102,1.2761738777663334
transformer_addsub113_f0.3_wd0.1_sq-addsub_s2,29412,-0.9979051655527771,0.9713073968887329,0.31730566450187253,1.2369235428556533
transformer_addsub113_f0.3_wd0.1_sq-addsub_s2,30252,-0.9936629250890993,0.9036401510238647,0.20730077564287103,1.2312829764711388
transformer_addsub113_f0.3_wd0.1_sq-addsub_s2,31092,-0.9787022544875756,0.9644081890583038,0.16666200974442844,1.232232843915043
transformer_addsub113_f0.3_wd0.1_sq-addsub_s2,31933,-0.9982409797976713,0.9931150078773499,0.13687519345615204,1.2845213262964255
transformer_addsub113_f0.3_wd0.1_sq-addsub_s2,32773,-0.9999999999999963,0.9938286542892456,0.13383804919387488,1.2885172397715343
transformer_addsub113_f0.3_wd0.1_sq-addsub_s2,33613,-0.982210529020734,0.8837018609046936,0.217723233319505,1.2570881448054845
transformer_addsub113_f0.3_wd0.1_sq-addsub_s2,34454,-0.9821141739961847,0.9815817177295685,0.18355719364001527,1.289188703569927
transformer_addsub113_f0.3_wd0.1_sq-addsub_s2,35294,-0.9999999999999982,0.9965114593505859,0.1538411068729941,1.3171337567990271
transformer_addsub113_f0.3_wd0.1_sq-addsub_s2,36134,-0.9979570116578332,0.9912020564079285,0.1477324074806111,1.2828370174298382
transformer_addsub113_f0.3_wd0.1_sq-addsub_s2,36975,-0.9999999999999979,0.9952163100242615,0.13352763992576633,1.29727704931346
transformer_addsub113_f0.3_wd0.1_sq-addsub_s2,37815,-0.9944773005747126,0.9384012520313263,0.24101165123155183,1.2627554647150903
transformer_addsub113_f0.3_wd0.1_sq-addsub_s2,38655,-0.9835013555749661,0.9637084901332855,0.19426032305577107,1.2452365757056438
transformer_addsub113_f0.3_wd0.1_sq-addsub_s2,39496,-0.9952697923934197,0.9849831759929657,0.16291471644420139,1.266801578585135
transformer_addsub113_f0.3_wd0.1_sq-addsub_s2,40336,-0.9999999999999968,0.9943757951259613,0.13379470095421298,1.2832938709103945
transformer_addsub113_f0.3_wd0.1_sq-addsub_s2,41176,-0.999999999999996,0.9935081601142883,0.1336873805943506,1.2873149885618669
transformer_addsub113_f0.3_wd0.1_sq-addsub_s2,42017,-0.9721374460667389,0.8800103664398193,0.20715160383573916,1.2965875753483307
transformer_addsub113_f0.3_wd0.1_sq-addsub_s2,42857,-0.9886709304328124,0.9854521155357361,0.16786769584269895,1.2818128690451482
transformer_addsub113_f0.3_wd0.1_sq-addsub_s2,43697,-0.996108645701897,0.9897696077823639,0.14052979533348045,1.2838537855757348
transformer_addsub113_f0.3_wd0.1_sq-addsub_s2,44538,-0.9999999999999919,0.9917463064193726,0.1387647772241864,1.2872738712806837
transformer_addsub113_f0.3_wd0.1_sq-addsub_s2,45378,-0.9999999999999976,0.9942550361156464,0.1378732945194185,1.2827708676273426
transformer_addsub113_f0.3_wd0.1_sq-addsub_s2,46218,-0.9388575327711032,0.8841914534568787,0.37136746529677694,1.1712781180147505
transformer_addsub113_f0.3_wd0.1_sq-addsub_s2,47059,-0.983025436076687,0.9335423409938812,0.19861934769461415,1.2864058691612663
transformer_addsub113_f0.3_wd0.1_sq-addsub_s2,47899,-0.9807106880847309,0.9831973910331726,0.16184598395577998,1.2697749190122467
transformer_addsub113_f0.3_wd0.1_sq-addsub_s2,48739,0.10820574258084324,0.9976409077644348,0.13094738247545004,1.2832853174452634
transformer_addsub113_f0.3_wd0.1_sq-addsub_s2,49580,0.3698001307249209,0.9954928755760193,0.1288465760193671,1.2943836577260792
transformer_addsub113_f0.3_wd0.1_sq-addsub_s2,50420,-0.9695054108835331,0.9640225172042847,0.18743871657837938,1.2939160225939172
transformer_addsub113_f0.3_wd0.1_sq-addsub_s2,51261,-0.9953569125688189,0.9694690704345703,0.18786677343727254,1.2769520356218516
transformer_addsub113_f0.3_wd0.1_sq-addsub_s2,52101,-0.9783600910946536,0.9733121693134308,0.16426968717695373,1.2858866054286473
transformer_addsub113_f0.3_wd0.1_sq-addsub_s2,52941,-0.9868018875754825,0.9892553389072418,0.15891528567916746,1.285170078001048
transformer_addsub113_f0.3_wd0.1_sq-addsub_s2,53782,-0.9999999999999841,0.9969588816165924,0.1277803704601122,1.290335965709152
transformer_addsub113_f0.3_wd0.1_sq-addsub_s2,54622,-0.9999999999999897,0.9939245879650116,0.1359469869494242,1.2910315230644136
transformer_addsub113_f0.3_wd0.1_sq-addsub_s2,55462,-0.9545095702948075,0.9928986132144928,0.1228182003132609,1.2924866828924872
transformer_addsub113_f0.3_wd0.1_sq-addsub_s2,56303,-0.982647865566077,0.9737992882728577,0.22793713966629198,1.2784637859772459
transformer_addsub113_f0.3_wd0.1_sq-addsub_s2,57143,-0.9879318148761504,0.9760153293609619,0.1859009959928974,1.271958179436376
transformer_addsub113_f0.3_wd0.1_sq-addsub_s2,57983,-0.8416696341054816,0.9159608781337738,0.1854945573457107,1.2395696955856321
transformer_addsub113_f0.3_wd0.1_sq-addsub_s2,58824,-0.9999999999999923,0.9970058798789978,0.1315569724236839,1.2842931634180939
transformer_addsub113_f0.3_wd0.1_sq-addsub_s2,59664,-0.9952439017378157,0.9963266849517822,0.12818084011635994,1.2722521076115574
transformer_addsub113_f0.3_wd0.1_sq-addsub_s2,60504,-0.9625126349017687,0.9940029978752136,0.14642589885849994,1.2812444214690317
transformer_addsub113_f0.3_wd0.1_sq-addsub_s2,61345,-0.997377174798857,0.9865193367004395,0.14230991629066914,1.276070010231532
transformer_addsub113_f0.3_wd0.1_sq-addsub_s2,62185,-0.9880422044722618,0.9928144812583923,0.12585277768150177,1.2854416445738641
transformer_addsub113_f0.3_wd0.1_sq-addsub_s2,63025,-0.9936866648144321,0.9921654164791107,0.12765436921131826,1.296827665360006
transformer_addsub113_f0.3_wd0.1_sq-addsub_s2,63866,-0.9952481089004174,0.9874241948127747,0.12361436744038351,1.2776905171170352
transformer_addsub113_f0.3_wd0.1_sq-addsub_s2,64706,-0.9584487608311341,0.9686736464500427,0.20649439313179202,1.2856730028215209
transformer_addsub113_f0.3_wd0.1_sq-addsub_s2,65546,-0.9349469780076679,0.9721758961677551,0.1656593147196022,1.292730413756304
transformer_addsub113_f0.3_wd0.1_sq-addsub_s2,66387,-0.9928283761858253,0.9819719195365906,0.15179126409147017,1.2798864040546136
transformer_addsub113_f0.3_wd0.1_sq-addsub_s2,67227,-0.9999999999999905,0.9975574612617493,0.12363827118681933,1.2776506034872968
transformer_addsub113_f0.3_wd0.1_sq-addsub_s2,68067,-0.9349157777234385,0.780754566192627,0.34326187072146763,1.2450662247966389
transformer_addsub113_f0.3_wd0.1_sq-addsub_s2,68908,-0.9557696229862953,0.9463251531124115,0.19281644922606717,1.2755656301965042
transformer_addsub113_f0.3_wd0.1_sq-addsub_s2,69748,-0.9983948976822251,0.9856211543083191,0.18303748549774046,1.2340040391641225
transformer_addsub113_f0.3_wd0.1_sq-addsub_s2,70588,-0.9700158804649851,0.9795823097229004,0.13207296459488882,1.2790830453235786
transformer_addsub113_f0.3_wd0.1_sq-addsub_s2,71429,-0.9700801617050652,0.9164270758628845,0.2806451871594663,1.2544138670447387
transformer_addsub113_f0.3_wd0.1_sq-addsub_s2,72269,-0.8843075555369061,0.961315929889679,0.18635204085080248,1.2803213812157894
transformer_addsub113_f0.3_wd0.1_sq-addsub_s2,73109,-0.8337807396295654,0.9724055826663971,0.17261606915660752,1.236724348762774
transformer_addsub113_f0.3_wd0.1_sq-addsub_s2,73950,-0.9824466826766971,0.992836594581604,0.1299759168206487,1.2921384782652714
transformer_addsub113_f0.3_wd0.1_sq-addsub_s2,74790,0.4308465415115068,0.9943917989730835,0.12005575491082011,1.2917235068554667
transformer_addsub113_f0.3_wd0.1_sq-addsub_s2,75630,-0.9648724450324445,0.9419359564781189,0.18648592374591452,1.2957397030544837
transformer_addsub113_f0.3_wd0.1_sq-addsub_s2,76471,-0.9598462659374762,0.9506087303161621,0.16668514891032657,1.198481655421057
transformer_addsub113_f0.3_wd0.1_sq-addsub_s2,77311,-0.9635838797285919,0.8158432841300964,0.27546886208778837,1.2538728596867807
transformer_addsub113_f0.3_wd0.1_sq-addsub_s2,78151,-0.9915863810022616,0.950382798910141,0.22042492261536822,1.2949143590653795
transformer_addsub113_f0.3_wd0.1_sq-addsub_s2,78992,-0.9942095472773543,0.9564351141452789,0.17622416057588813,1.2478927771695951
transformer_addsub113_f0.3_wd0.1_sq-addsub_s2,79832,-0.9999999999999876,0.9919268786907196,0.13753467067113143,1.296516106769694
transformer_addsub113_f0.3_wd0.1_sq-addsub_s2,80672,-0.9999999999999937,0.9955293834209442,0.13260329916706254,1.2926984602713385
transformer_addsub113_f0.3_wd0.1_sq-addsub_s2,81513,-0.9999999999999851,0.9968852698802948,0.12030470486940852,1.2987092472294393
transformer_addsub113_f0.3_wd0.1_sq-addsub_s2,82353,-0.9920528549934465,0.810139387845993,0.3713422975727745,1.1607335699014807
transformer_addsub113_f0.3_wd0.1_sq-addsub_s2,83193,-0.9107843372424645,0.9335318505764008,0.22852696517306703,1.262160094300591
transformer_addsub113_f0.3_wd0.1_sq-addsub_s2,84034,-0.9989938050934348,0.9946779906749725,0.17885471499515804,1.2302841845352597
transformer_addsub113_f0.3_wd0.1_sq-addsub_s2,84874,-0.9767087699356173,0.9039806723594666,0.3208288358111965,1.2798186928853827
transformer_addsub113_f0.3_wd0.1_sq-addsub_s2,85714,-0.9957347778849298,0.9323254227638245,0.22286122446586354,1.2720917694880096
transformer_addsub113_f0.3_wd0.1_sq-addsub_s2,86555,-0.9882984430966407,0.9517373740673065,0.18484727362162978,1.2658279242801684
transformer_addsub113_f0.3_wd0.1_sq-addsub_s2,87395,-0.9999999999999964,0.992650032043457,0.1401658224332945,1.2813482313006577
transformer_addsub113_f0.3_wd0.1_sq-addsub_s2,88235,-0.9999999999999968,0.9947129487991333,0.12675941646647937,1.2981720135320884
transformer_addsub113_f0.3_wd0.1_sq-addsub_s2,89076,-0.999999999999998,0.9979393482208252,0.11980757967006207,1.3013894573094253
transformer_addsub113_f0.3_wd0.1_sq-addsub_s2,89916,-0.967578412377039,0.985186755657196,0.19108115999422082,1.2316149652785144
transformer_addsub113_f0.3_wd0.1_sq-addsub_s2,90756,-0.9775605491742657,0.9672282636165619,0.16020963102282865,1.276445518901832
transformer_addsub113_f0.3_wd0.1_sq-addsub_s2,91597,-0.9999999999999943,0.9911614060401917,0.13010582786765984,1.2776762533821826
transformer_addsub113_f0.3_wd0.1_sq-addsub_s2,92437,-0.9999999999999977,0.9980303943157196,0.1251748631228475,1.2983095170153527
transformer_addsub113_f0.3_wd0.1_sq-addsub_s2,93277,-0.9864292617830991,0.9551047086715698,0.1979653370630588,1.2630476399898667
transformer_addsub113_f0.3_wd0.1_sq-addsub_s2,94118,-0.9186734912292805,0.9847466051578522,0.15664286221878326,1.2670944760861407
transformer_addsub113_f0.3_wd0.1_sq-addsub_s2,94958,-0.9874194694549566,0.9931444525718689,0.1268045736741491,1.270632823702593
transformer_addsub113_f0.3_wd0.1_sq-addsub_s2,95798,-0.9783420974968,0.9085317254066467,0.2375832426116814,1.2578946947795062
transformer_addsub113_f0.3_wd0.1_sq-addsub_s2,96639,-0.9923816571144926,0.9851918518543243,0.1813941340758305,1.2341013283950018
transformer_addsub113_f0.3_wd0.1_sq-addsub_s2,97479,-0.9900657262083747,0.9867175817489624,0.14336633186339948,1.280507605772293
transformer_addsub113_f0.3_wd0.1_sq-addsub_s2,98319,-0.9980521491056754,0.9969801902770996,0.12626945376799142,1.2956665811555874
transformer_addsub113_f0.3_wd0.1_sq-addsub_s2,99160,-0.9999999999999973,0.9956492781639099,0.12159273418845504,1.2830962667198822
transformer_addsub113_f0.3_wd0.1_sq-addsub_s2,100000,-0.9973231963163128,0.9821661412715912,0.17324860269516645,1.2135636705769721
transformer_addsub113_f0.3_wd0.1_sq-addsub_s3,0,0.8776441993041442,0.8549847304821014,1.3987333027281879,0.17176553111466833
transformer_addsub113_f0.3_wd0.1_sq-addsub_s3,840,0.4566776765199913,0.6499842703342438,1.291466809740733,0.8352141428819386
transformer_addsub113_f0.3_wd0.1_sq-addsub_s3,1681,0.3395367631245048,0.633272260427475,1.268751325524132,0.8688305689701842
transformer_addsub113_f0.3_wd0.1_sq-addsub_s3,2521,-0.16918196855899714,0.6508272886276245,1.254650858751769,0.850519361544058
transformer_addsub113_f0.3_wd0.1_sq-addsub_s3,3361,0.301350552221519,0.6006756722927094,1.246801067547905,0.9010128233261334
transformer_addsub113_f0.3_wd0.1_sq-addsub_s3,4202,0.611766598654242,0.5691515505313873,1.2278525078789306,0.8832362317475713
transformer_addsub113_f0.3_wd0.1_sq-addsub_s3,5042,0.24569122590137038,0.6226979196071625,1.2095531584045127,0.9218033741699734
transformer_addsub113_f0.3_wd0.1_sq-addsub_s3,5882,0.3181556795621732,0.5953812599182129,1.1910218459437463,0.8852100652005457
transformer_addsub113_f0.3_wd0.1_sq-addsub_s3,6723,0.3321152294607717,0.5561557412147522,1.1927943780514958,0.9247720963536958
transformer_addsub113_f0.3_wd0.1_sq-addsub_s3,7563,0.2509659118766801,0.6287968158721924,1.165468675249519,0.9302550212485088
transformer_addsub113_f0.3_wd0.1_sq-addsub_s3,8403,0.43938335960111713,0.631537526845932,1.142223090012659,0.8930699742139494
transformer_addsub113_f0.3_wd0.1_sq-addsub_s3,9244,0.019934491151180924,0.6413043141365051,1.1063872676060815,0.9446050603674101
transformer_addsub113_f0.3_wd0.1_sq-addsub_s3,10084,-0.7622097374978096,0.5983990430831909,0.9555685431251142,0.9817903469785951
transformer_addsub113_f0.3_wd0.1_sq-addsub_s3,10924,-0.895722004838356,0.634215384721756,0.811701325886655,1.0482467836148124
transformer_addsub113_f0.3_wd0.1_sq-addsub_s3,11765,-0.9325097356657928,0.5413571894168854,0.7534965211934659,1.0890799081838987
transformer_addsub113_f0.3_wd0.1_sq-addsub_s3,12605,-0.948821485514838,0.5991416871547699,0.6269681287660657,1.1565120953671117
transformer_addsub113_f0.3_wd0.1_sq-addsub_s3,13445,-0.9952497471828481,0.7348278164863586,0.3999543033725668,1.212571755495428
transformer_addsub113_f0.3_wd0.1_sq-addsub_s3,14286,-0.9753751532785082,0.6506280899047852,0.26654268384767943,1.2978903110120343
transformer_addsub113_f0.3_wd0.1_sq-addsub_s3,15126,-0.9994175478885449,0.9694117605686188,0.23576709459686854,1.290078427752236
transformer_addsub113_f0.3_wd0.1_sq-addsub_s3,15966,-0.9920374297273474,0.9286510348320007,0.1911750686059011,1.2988629775492788
transformer_addsub113_f0.3_wd0.1_sq-addsub_s3,16807,-0.9904213527735647,0.9464267194271088,0.21268545052232757,1.3187693617882772
transformer_addsub113_f0.3_wd0.1_sq-addsub_s3,17647,-0.9920750385604135,0.932571530342102,0.1619194491713799,1.2924725327914448
transformer_addsub113_f0.3_wd0.1_sq-addsub_s3,18487,-0.9976135727288109,0.9108867645263672,0.18359090059662342,1.2809822485870508
transformer_addsub113_f0.3_wd0.1_sq-addsub_s3,19328,-0.9879841113548273,0.9352088868618011,0.15568550655884383,1.280636394114477
transformer_addsub113_f0.3_wd0.1_sq-addsub_s3,20168,-0.9964177793267687,0.9444896578788757,0.14099501497223388,1.2937707851070954
transformer_addsub113_f0.3_wd0.1_sq-addsub_s3,21008,-0.9997786121638182,0.9814676940441132,0.12794134623257092,1.2893801673717835
transformer_addsub113_f0.3_wd0.1_sq-addsub_s3,21849,-0.9991040730056221,0.9863252937793732,0.12620542615471217,1.2801647499702664
transformer_addsub113_f0.3_wd0.1_sq-addsub_s3,22689,-0.9962437148291361,0.9663742780685425,0.1859430217272217,1.270568248581048
transformer_addsub113_f0.3_wd0.1_sq-addsub_s3,23529,-0.9976468792964097,0.9688129723072052,0.18995582329725852,1.2796402213973104
transformer_addsub113_f0.3_wd0.1_sq-addsub_s3,24370,-0.9948999786464565,0.972315639257431,0.17476891053220486,1.2962422211414535
transformer_addsub113_f0.3_wd0.1_sq-addsub_s3,25210,-0.9987139138690095,0.9854457378387451,0.13556244159808595,1.296966363400725
transformer_addsub113_f0.3_wd0.1_sq-addsub_s3,26050,-0.9990084184666977,0.9809545278549194,0.14619860077896146,1.287447743067542
transformer_addsub113_f0.3_wd0.1_sq-addsub_s3,26891,-0.9987095723202238,0.9536785781383514,0.1609837611796897,1.2737109646647493
transformer_addsub113_f0.3_wd0.1_sq-addsub_s3,27731,-0.994537674287462,0.9694297313690186,0.12892853815620703,1.2832622437400218
transformer_addsub113_f0.3_wd0.1_sq-addsub_s3,28571,-0.9958713135985152,0.9591667950153351,0.13110743015257664,1.3057321195594445
transformer_addsub113_f0.3_wd0.1_sq-addsub_s3,29412,-0.9947769401399873,0.9691302180290222,0.12456231853608178,1.3171864431345965
transformer_addsub113_f0.3_wd0.1_sq-addsub_s3,30252,-0.9969783964680033,0.9788897037506104,0.13361385642524456,1.3156046246018782
transformer_addsub113_f0.3_wd0.1_sq-addsub_s3,31092,-0.9834085511889733,0.9187334477901459,0.15219092178540172,1.2950317047939734
transformer_addsub113_f0.3_wd0.1_sq-addsub_s3,31933,-0.9989879221630503,0.9962958693504333,0.11656465900103831,1.3013891666175716
transformer_addsub113_f0.3_wd0.1_sq-addsub_s3,32773,-0.9950159716327517,0.9241517186164856,0.15191734979000557,1.26443991001743
transformer_addsub113_f0.3_wd0.1_sq-addsub_s3,33613,-0.9909503822913543,0.8893566131591797,0.15050932697679445,1.2856385303068103
transformer_addsub113_f0.3_wd0.1_sq-addsub_s3,34454,-0.9980085079031659,0.9664928019046783,0.12320479105170812,1.2947832509731207
transformer_addsub113_f0.3_wd0.1_sq-addsub_s3,35294,-0.995358557040104,0.9599736332893372,0.14847244792839986,1.25539571494396
transformer_addsub113_f0.3_wd0.1_sq-addsub_s3,36134,-0.9912784216983408,0.9438537955284119,0.14290238217662,1.3169555106995454
transformer_addsub113_f0.3_wd0.1_sq-addsub_s3,36975,-0.9972742218295177,0.9644728600978851,0.14112051899599765,1.2576180349238069
transformer_addsub113_f0.3_wd0.1_sq-addsub_s3,37815,-0.9981509807927873,0.9751514494419098,0.1524952150905094,1.2996152352250965
transformer_addsub113_f0.3_wd0.1_sq-addsub_s3,38655,-0.997146996304196,0.9446087181568146,0.1520839360402419,1.2864309242692422
transformer_addsub113_f0.3_wd0.1_sq-addsub_s3,39496,-0.9984365526890777,0.9679560363292694,0.17144388831296312,1.2750464110437765
transformer_addsub113_f0.3_wd0.1_sq-addsub_s3,40336,-0.993979838548656,0.9743311405181885,0.16411676613922416,1.2837634468980499
transformer_addsub113_f0.3_wd0.1_sq-addsub_s3,41176,-0.9997387085942135,0.9942551851272583,0.1264734322913088,1.2987351202452944
transformer_addsub113_f0.3_wd0.1_sq-addsub_s3,42017,-0.9935648813693647,0.9803785383701324,0.16337607901762674,1.2868556634289823
transformer_addsub113_f0.3_wd0.1_sq-addsub_s3,42857,-0.9943447863697994,0.9437264204025269,0.18180155043575666,1.2977574183734404
transformer_addsub113_f0.3_wd0.1_sq-addsub_s3,43697,-0.9991288554179864,0.985394299030304,0.2271465017488587,1.2851739493163559
transformer_addsub113_f0.3_wd0.1_sq-addsub_s3,44538,-0.9881398670272162,0.8687817454338074,0.30223360993925197,1.2839120413365732
transformer_addsub113_f0.3_wd0.1_sq-addsub_s3,45378,-0.9895965182227581,0.947438508272171,0.1742849411175421,1.2998844310866906
transformer_addsub113_f0.3_wd0.1_sq-addsub_s3,46218,-0.9916480381155459,0.9863818883895874,0.12724553171759828,1.3052273815152065
transformer_addsub113_f0.3_wd0.1_sq-addsub_s3,47059,-0.966738531182034,0.9401834607124329,0.30819757596618047,1.2428776489729219
transformer_addsub113_f0.3_wd0.1_sq-addsub_s3,47899,-0.9996328028200815,0.9914728999137878,0.06350767645216816,1.3070165087008303
transformer_addsub113_f0.3_wd0.1_sq-addsub_s3,48739,-0.9991811204326634,0.9768648147583008,0.08122600419650303,1.3063327015758115
transformer_addsub113_f0.3_wd0.1_sq-addsub_s3,49580,-0.9983400652754221,0.9808166027069092,0.08305573742684552,1.294736872984263
transformer_addsub113_f0.3_wd0.1_sq-addsub_s3,50420,-0.992858903483775,0.9321606755256653,0.1919492108599778,1.2800533034726618
transformer_addsub113_f0.3_wd0.1_sq-addsub_s3,51261,-0.9713198030005021,0.9375331997871399,0.27742467907590396,1.2600071094544647
transformer_addsub113_f0.3_wd0.1_sq-addsub_s3,52101,-0.9992130834033599,0.9820266664028168,0.07056908290256658,1.3019657627556747
transformer_addsub113_f0.3_wd0.1_sq-addsub_s3,52941,-0.9994531485955247,0.9908119738101959,0.07229948969581584,1.2885952800876697
transformer_addsub113_f0.3_wd0.1_sq-addsub_s3,53782,-0.9987387758039108,0.9884585440158844,0.07855753588173664,1.293290090138905
transformer_addsub113_f0.3_wd0.1_sq-addsub_s3,54622,-0.998145245247556,0.9926897585391998,0.08254344205681745,1.277782014222852
transformer_addsub113_f0.3_wd0.1_sq-addsub_s3,55462,-0.9990580346938605,0.9698977470397949,0.08112058890338206,1.2902245328906967
transformer_addsub113_f0.3_wd0.1_sq-addsub_s3,56303,-0.9920010181944153,0.8839660882949829,0.1948097553852456,1.2871904039014375
transformer_addsub113_f0.3_wd0.1_sq-addsub_s3,57143,-0.9935509010319192,0.9787389934062958,0.16569351114705314,1.3006903887190455
transformer_addsub113_f0.3_wd0.1_sq-addsub_s3,57983,-0.9951959155792156,0.9806666374206543,0.14132027423232785,1.290405688258573
transformer_addsub113_f0.3_wd0.1_sq-addsub_s3,58824,-0.9910800833740043,0.9775793254375458,0.18373436841716612,1.2844896971144006
transformer_addsub113_f0.3_wd0.1_sq-addsub_s3,59664,-0.9900620728148102,0.9782171845436096,0.2053914416437956,1.2590091715012508
transformer_addsub113_f0.3_wd0.1_sq-addsub_s3,60504,-0.9944522993327942,0.9736753404140472,0.18467595532696507,1.274014803294277
transformer_addsub113_f0.3_wd0.1_sq-addsub_s3,61345,-0.9988373861387133,0.9867678880691528,0.1665367226473039,1.250663170804609
transformer_addsub113_f0.3_wd0.1_sq-addsub_s3,62185,-0.9967365093093575,0.9941118955612183,0.07345928994945222,1.2923375630179992
transformer_addsub113_f0.3_wd0.1_sq-addsub_s3,63025,-0.9989286644196657,0.9936871528625488,0.06564938993218788,1.2934075465033334
transformer_addsub113_f0.3_wd0.1_sq-addsub_s3,63866,-0.9984226023144142,0.9863276779651642,0.07311688641372556,1.308259601862677
transformer_addsub113_f0.3_wd0.1_sq-addsub_s3,64706,-0.9987715816898447,0.9937436282634735,0.07317734679146037,1.3030910556083282
transformer_addsub113_f0.3_wd0.1_sq-addsub_s3,65546,-0.9983347722677591,0.992662101984024,0.07249664113227697,1.29605499410133
transformer_addsub113_f0.3_wd0.1_sq-addsub_s3,66387,-0.9892612614150149,0.9754836559295654,0.2683436425665811,1.2197610118980338
transformer_addsub113_f0.3_wd0.1_sq-addsub_s3,67227,-0.9963749436630999,0.9951784014701843,0.08411438469571125,1.2899257455478566
transformer_addsub113_f0.3_wd0.1_sq-addsub_s3,68067,-0.9880822233969858,0.8937528431415558,0.23354812407535006,1.24734713518539
transformer_addsub113_f0.3_wd0.1_sq-addsub_s3,68908,-0.9700526501093883,0.9358812868595123,0.25913718509273903,1.264876863956032
transformer_addsub113_f0.3_wd0.1_sq-addsub_s3,69748,-0.9865154437919637,0.9371345043182373,0.21848678932781346,1.2744256436054267
transformer_addsub113_f0.3_wd0.1_sq-addsub_s3,70588,-0.9965174388299424,0.9806944727897644,0.17030572786826384,1.2840409971095519
transformer_addsub113_f0.3_wd0.1_sq-addsub_s3,71429,-0.9987722604492595,0.9809521436691284,0.13533960800354314,1.290736294929483
transformer_addsub113_f0.3_wd0.1_sq-addsub_s3,72269,-0.9997533906709521,0.9905252754688263,0.10083390246275313,1.298160371139867
transformer_addsub113_f0.3_wd0.1_sq-addsub_s3,73109,-0.9992053911322979,0.9789010286331177,0.08874963236819486,1.2981724130143835
transformer_addsub113_f0.3_wd0.1_sq-addsub_s3,73950,-0.9981738648014855,0.9852915108203888,0.0909873534990315,1.2954012754378703
transformer_addsub113_f0.3_wd0.1_sq-addsub_s3,74790,-0.9992648159756806,0.9767413139343262,0.09505287567758139,1.3091792109004738
transformer_addsub113_f0.3_wd0.1_sq-addsub_s3,75630,-0.9982125247246666,0.9724456071853638,0.111359317327717,1.3085361945716731
transformer_addsub113_f0.3_wd0.1_sq-addsub_s3,76471,-0.9984732095971869,0.9726914167404175,0.11751129567244643,1.2934034282902636
transformer_addsub113_f0.3_wd0.1_sq-addsub_s3,77311,-0.997839906668461,0.9712843000888824,0.11787015040215507,1.2887159401355044
transformer_addsub113_f0.3_wd0.1_sq-addsub_s3,78151,-0.9975625232870965,0.9295563697814941,0.12036055283588012,1.3085085615480594
transformer_addsub113_f0.3_wd0.1_sq-addsub_s3,78992,-0.9960556204819484,0.9663479924201965,0.1275328491407285,1.2793689327233717
transformer_addsub113_f0.3_wd0.1_sq-addsub_s3,79832,-0.9978721231212059,0.9806831479072571,0.10758864611321539,1.3155712111654436
transformer_addsub113_f0.3_wd0.1_sq-addsub_s3,80672,-0.9994939169847545,0.972025990486145,0.09569645044116859,1.3009909818242535
transformer_addsub113_f0.3_wd0.1_sq-addsub_s3,81513,-0.9988163119814923,0.9780102372169495,0.10590513837282217,1.3035747560472024
transformer_addsub113_f0.3_wd0.1_sq-addsub_s3,82353,-0.9999009256780094,0.9939602613449097,0.1056840843975636,1.3043949833133341
transformer_addsub113_f0.3_wd0.1_sq-addsub_s3,83193,-0.9974104934685883,0.9857961237430573,0.13381050412507162,1.3129172743053812
transformer_addsub113_f0.3_wd0.1_sq-addsub_s3,84034,-0.99887841889316,0.9779127836227417,0.10100877335681269,1.314026552913296
transformer_addsub113_f0.3_wd0.1_sq-addsub_s3,84874,-0.9994369213314516,0.9918441772460938,0.07293478080831245,1.2953916750878909
transformer_addsub113_f0.3_wd0.1_sq-addsub_s3,85714,-0.999254172532436,0.984653502702713,0.08772005395221155,1.2910791037463927
transformer_addsub113_f0.3_wd0.1_sq-addsub_s3,86555,-0.997778088062376,0.9643487334251404,0.0920513896924191,1.2934720735129686
transformer_addsub113_f0.3_wd0.1_sq-addsub_s3,87395,-0.9980964503159038,0.9562863707542419,0.09038236189124346,1.2888923253103646
transformer_addsub113_f0.3_wd0.1_sq-addsub_s3,88235,-0.9922344663051822,0.9403716921806335,0.2195333099567282,1.2731573827843916
transformer_addsub113_f0.3_wd0.1_sq-addsub_s3,89076,-0.9946749089420402,0.8041380345821381,0.23187528626702575,1.2777210129124257
transformer_addsub113_f0.3_wd0.1_sq-addsub_s3,89916,-0.9987901541510229,0.9929881393909454,0.06739538269530596,1.2911808511056195
transformer_addsub113_f0.3_wd0.1_sq-addsub_s3,90756,-0.9986287515838722,0.9954740703105927,0.07125984763910026,1.286716980716771
transformer_addsub113_f0.3_wd0.1_sq-addsub_s3,91597,-0.9990944039812963,0.9937544763088226,0.07452561875756661,1.283026530418851
transformer_addsub113_f0.3_wd0.1_sq-addsub_s3,92437,-0.9990462075878341,0.9821370840072632,0.07401807218601036,1.2876176371368748
transformer_addsub113_f0.3_wd0.1_sq-addsub_s3,93277,-0.9993981200093206,0.9751718044281006,0.08243478773468366,1.2900755479718162
transformer_addsub113_f0.3_wd0.1_sq-addsub_s3,94118,-0.9979226976865399,0.974192351102829,0.08423595835335143,1.2953457797239465
transformer_addsub113_f0.3_wd0.1_sq-addsub_s3,94958,-0.9984047705320511,0.9902245700359344,0.07871065343097702,1.295853861470841
transformer_addsub113_f0.3_wd0.1_sq-addsub_s3,95798,-0.9978398348685483,0.9796803295612335,0.0797723465869403,1.305741081486794
transformer_addsub113_f0.3_wd0.1_sq-addsub_s3,96639,-0.9989686690990656,0.9907053112983704,0.10036722534408318,1.2989847494674391
transformer_addsub113_f0.3_wd0.1_sq-addsub_s3,97479,-0.9974894499421949,0.9773942232131958,0.12788469664799815,1.2782420808254642
transformer_addsub113_f0.3_wd0.1_sq-addsub_s3,98319,-0.9987266167512667,0.9745069146156311,0.14189785786690035,1.271385543217767
transformer_addsub113_f0.3_wd0.1_sq-addsub_s3,99160,-0.9983551610829413,0.9646039009094238,0.1725376978542359,1.2851897455122652
transformer_addsub113_f0.3_wd0.1_sq-addsub_s3,100000,-0.9930938755117308,0.9605056643486023,0.16898902448302644,1.2745400593243863
transformer_addsub113_f0.3_wd0.1_sq-addsub_s4,0,0.7274889435870059,0.9829321801662445,1.4126893639600597,0.16175466437231845
transformer_addsub113_f0.3_wd0.1_sq-addsub_s4,840,0.5747114993874634,0.6899239122867584,1.2796723345103374,0.8270351700823861
transformer_addsub113_f0.3_wd0.1_sq-addsub_s4,1681,0.3524523201464552,0.6673919260501862,1.2537251375081389,0.8582566697847839
transformer_addsub113_f0.3_wd0.1_sq-addsub_s4,2521,0.2595777771002072,0.6907897591590881,1.2413497165495282,0.8765983170408529
transformer_addsub113_f0.3_wd0.1_sq-addsub_s4,3361,0.4412833978914728,0.6265863180160522,1.2195213150792195,0.9013581996595734
transformer_addsub113_f0.3_wd0.1_sq-addsub_s4,4202,0.4969188538481301,0.6107609272003174,1.2036309258827862,0.9078751762888155
transformer_addsub113_f0.3_wd0.1_sq-addsub_s4,5042,-0.07381727345095654,0.6055202484130859,1.189853182247707,0.9178808403888088
transformer_addsub113_f0.3_wd0.1_sq-addsub_s4,5882,0.33782459788194064,0.6725752055644989,1.1732268238701948,0.9189907845961068
transformer_addsub113_f0.3_wd0.1_sq-addsub_s4,6723,0.18846407378652774,0.6259355843067169,1.1526541019324064,0.9361909354801847
transformer_addsub113_f0.3_wd0.1_sq-addsub_s4,7563,0.09534264286940423,0.7227839231491089,1.0919597812785948,0.8923068709328252
transformer_addsub113_f0.3_wd0.1_sq-addsub_s4,8403,-0.8163758855354571,0.6357789039611816,1.0387770075647103,0.9890073630088609
transformer_addsub113_f0.3_wd0.1_sq-addsub_s4,9244,-0.7916694596632949,0.7656305432319641,0.8208141744270394,1.0925454240120218
transformer_addsub113_f0.3_wd0.1_sq-addsub_s4,10084,-0.9786825232856718,0.9206605553627014,0.4822011134666148,1.2310484900449796
transformer_addsub113_f0.3_wd0.1_sq-addsub_s4,10924,-0.9366936408748328,0.8515987694263458,0.35667296418184613,1.2795609063273434
transformer_addsub113_f0.3_wd0.1_sq-addsub_s4,11765,-0.9394122557500434,0.9686575531959534,0.18103957255726677,1.2983697480995207
transformer_addsub113_f0.3_wd0.1_sq-addsub_s4,12605,-0.9946383852753893,0.97995924949646,0.16345289239192617,1.3078486681569972
transformer_addsub113_f0.3_wd0.1_sq-addsub_s4,13445,-0.9966289592360325,0.9814095497131348,0.16365069233341153,1.3012593678485151
transformer_addsub113_f0.3_wd0.1_sq-addsub_s4,14286,-0.985534489872175,0.9798977971076965,0.16839032104518972,1.2447382724532123
transformer_addsub113_f0.3_wd0.1_sq-addsub_s4,15126,-0.9876800267827992,0.9462765753269196,0.16421911034276457,1.2753075942320367
transformer_addsub113_f0.3_wd0.1_sq-addsub_s4,15966,-0.9850870345561366,0.9839781522750854,0.16079733716955602,1.2886641962044725
transformer_addsub113_f0.3_wd0.1_sq-addsub_s4,16807,-0.9943000421094034,0.9760043323040009,0.15548323627172791,1.2667835261185363
transformer_addsub113_f0.3_wd0.1_sq-addsub_s4,17647,-0.9972556654148637,0.9920921325683594,0.13591354948595857,1.2663890613790616
transformer_addsub113_f0.3_wd0.1_sq-addsub_s4,18487,-0.9918987303677234,0.9918616116046906,0.12597101083999834,1.2933934486593537
transformer_addsub113_f0.3_wd0.1_sq-addsub_s4,19328,-0.9916311561048679,0.9915390610694885,0.13058304122490355,1.274922319345659
transformer_addsub113_f0.3_wd0.1_sq-addsub_s4,20168,-0.9947999298911104,0.9635643064975739,0.1851843683073164,1.3147389547436532
transformer_addsub113_f0.3_wd0.1_sq-addsub_s4,21008,-0.9958686361487152,0.9750415980815887,0.21340829459664248,1.2671369604284086
transformer_addsub113_f0.3_wd0.1_sq-addsub_s4,21849,-0.9999999999999922,0.9918899834156036,0.15820213308748726,1.3062347353824242
transformer_addsub113_f0.3_wd0.1_sq-addsub_s4,22689,-0.9999999999999966,0.9955605268478394,0.15782586201822102,1.2840336647941841
transformer_addsub113_f0.3_wd0.1_sq-addsub_s4,23529,-0.9994681366239396,0.9948617219924927,0.159853185918578,1.3036614105889948
transformer_addsub113_f0.3_wd0.1_sq-addsub_s4,24370,-0.9999999999999986,0.9971398115158081,0.1466410395921374,1.3231864917395642
transformer_addsub113_f0.3_wd0.1_sq-addsub_s4,25210,-0.9999999999999974,0.9972265362739563,0.1298599920357261,1.3093502366937595
transformer_addsub113_f0.3_wd0.1_sq-addsub_s4,26050,-0.9991008587318274,0.9966090619564056,0.14205203457763677,1.3236174605912872
transformer_addsub113_f0.3_wd0.1_sq-addsub_s4,26891,-0.9995531155476832,0.9966851472854614,0.13882648149679577,1.3124879815775414
transformer_addsub113_f0.3_wd0.1_sq-addsub_s4,27731,-0.9968709426403447,0.9957831501960754,0.13740885542989978,1.3090451669850283
transformer_addsub113_f0.3_wd0.1_sq-addsub_s4,28571,-0.9999999999999968,0.997989684343338,0.11884250383719348,1.3121056165268095
transformer_addsub113_f0.3_wd0.1_sq-addsub_s4,29412,-0.9767618907477958,0.9416281878948212,0.12382100260132156,1.315512770757434
transformer_addsub113_f0.3_wd0.1_sq-addsub_s4,30252,-0.9632697396019725,0.9596764445304871,0.12602003241717336,1.301652516817963
transformer_addsub113_f0.3_wd0.1_sq-addsub_s4,31092,-0.9966615541222127,0.97364342212677,0.11832063900223078,1.3191719983935895
transformer_addsub113_f0.3_wd0.1_sq-addsub_s4,31933,-0.9935727485244573,0.9609978199005127,0.134479638311503,1.317197552502263
transformer_addsub113_f0.3_wd0.1_sq-addsub_s4,32773,-0.9889377044516942,0.9459533095359802,0.24697243930193524,1.300102957177927
transformer_addsub113_f0.3_wd0.1_sq-addsub_s4,33613,-0.9898849454199763,0.901142418384552,0.29290371479484756,1.2774491162537034
transformer_addsub113_f0.3_wd0.1_sq-addsub_s4,34454,-0.9910978911869671,0.9718489944934845,0.26357262368800694,1.1895697175869622
transformer_addsub113_f0.3_wd0.1_sq-addsub_s4,35294,-0.9818157485037861,0.9524187743663788,0.19818225692794444,1.3037173724238063
transformer_addsub113_f0.3_wd0.1_sq-addsub_s4,36134,-0.9995449058304826,0.9804493188858032,0.18668948205721864,1.3087209369809985
transformer_addsub113_f0.3_wd0.1_sq-addsub_s4,36975,-0.9705992505095151,0.7685968279838562,0.2102356653281322,1.2942224904277806
transformer_addsub113_f0.3_wd0.1_sq-addsub_s4,37815,-0.9940555211892615,0.9875875115394592,0.20819289592440743,1.291631179053784
transformer_addsub113_f0.3_wd0.1_sq-addsub_s4,38655,-0.9935578254184774,0.9621570110321045,0.1035007554283498,1.335302333280965
transformer_addsub113_f0.3_wd0.1_sq-addsub_s4,39496,-0.9935868599561579,0.9572659730911255,0.19698670927708842,1.2910606177769013
transformer_addsub113_f0.3_wd0.1_sq-addsub_s4,40336,-0.9629296159123918,0.8513358533382416,0.3306186585601891,1.3093949550736015
transformer_addsub113_f0.3_wd0.1_sq-addsub_s4,41176,-0.9976622911658141,0.9861387312412262,0.19550596011592197,1.3164484194968638
transformer_addsub113_f0.3_wd0.1_sq-addsub_s4,42017,-0.9993857999070195,0.9852628707885742,0.1785830652065596,1.3067064757217615
transformer_addsub113_f0.3_wd0.1_sq-addsub_s4,42857,-0.9977312615899577,0.9840114712715149,0.15110286948288804,1.3174529987664498
transformer_addsub113_f0.3_wd0.1_sq-addsub_s4,43697,-0.9856087351797572,0.9582585394382477,0.12382314726807314,1.3216459841860555
transformer_addsub113_f0.3_wd0.1_sq-addsub_s4,44538,-0.9629957215212805,0.85594642162323,0.12580956331687965,1.3045275798236762
transformer_addsub113_f0.3_wd0.1_sq-addsub_s4,45378,-0.9317595915739597,0.9408383369445801,0.10888072617301872,1.330317446342452
transformer_addsub113_f0.3_wd0.1_sq-addsub_s4,46218,-0.9844078776781875,0.8384227752685547,0.10709660860040443,1.3186134084341647
transformer_addsub113_f0.3_wd0.1_sq-addsub_s4,47059,-0.985199469629112,0.9481695890426636,0.11466247958330687,1.309909359706693
transformer_addsub113_f0.3_wd0.1_sq-addsub_s4,47899,-0.982474757287145,0.931401252746582,0.12156612944530046,1.3247338817571754
transformer_addsub113_f0.3_wd0.1_sq-addsub_s4,48739,-0.9922034140888171,0.936717689037323,0.1265030391709288,1.317120214003662
transformer_addsub113_f0.3_wd0.1_sq-addsub_s4,49580,-0.9481328915326979,0.9544014930725098,0.11442776438040453,1.3124986577547617
transformer_addsub113_f0.3_wd0.1_sq-addsub_s4,50420,-0.9228724402209637,0.9616491794586182,0.10603062393204639,1.3243001561342265
transformer_addsub113_f0.3_wd0.1_sq-addsub_s4,51261,-0.9786144867466401,0.9541971385478973,0.09770367281287458,1.3423805572823708
transformer_addsub113_f0.3_wd0.1_sq-addsub_s4,52101,-0.9541833878746604,0.9684069752693176,0.16392638424692468,1.303679119992364
transformer_addsub113_f0.3_wd0.1_sq-addsub_s4,52941,-0.99271751321049,0.9662043452262878,0.1803012666956661,1.2931353229443259
transformer_addsub113_f0.3_wd0.1_sq-addsub_s4,53782,-0.9945100851217402,0.9691328406333923,0.17030767056290932,1.3036954019502143
transformer_addsub113_f0.3_wd0.1_sq-addsub_s4,54622,-0.9832036578352108,0.9765048027038574,0.1676641442266571,1.2980379013277505
transformer_addsub113_f0.3_wd0.1_sq-addsub_s4,55462,-0.9720159360884033,0.969092071056366,0.11548240660697756,1.3114577253717767
transformer_addsub113_f0.3_wd0.1_sq-addsub_s4,56303,-0.9945649539251554,0.9811578392982483,0.1335113019771701,1.3151171443778789
transformer_addsub113_f0.3_wd0.1_sq-addsub_s4,57143,-0.9896503970142628,0.9647373557090759,0.13038841537366253,1.3152022968023642
transformer_addsub113_f0.3_wd0.1_sq-addsub_s4,57983,-0.9893982058168037,0.921816885471344,0.11614229185486138,1.3251724902910453
transformer_addsub113_f0.3_wd0.1_sq-addsub_s4,58824,-0.986769236363632,0.9287103712558746,0.13036353233216746,1.319819754684919
transformer_addsub113_f0.3_wd0.1_sq-addsub_s4,59664,-0.8309769186599273,0.9734092354774475,0.10779947014901325,1.3344506510610055
transformer_addsub113_f0.3_wd0.1_sq-addsub_s4,60504,-0.9723319983600089,0.9646641314029694,0.12051791725667653,1.333533747196776
transformer_addsub113_f0.3_wd0.1_sq-addsub_s4,61345,-0.9894938293501789,0.9725852012634277,0.20579067802158013,1.3162681602236477
transformer_addsub113_f0.3_wd0.1_sq-addsub_s4,62185,-0.9777578578290821,0.9697771072387695,0.1740705161964679,1.3057105483202127
transformer_addsub113_f0.3_wd0.1_sq-addsub_s4,63025,-0.9962404344994493,0.9223650991916656,0.12458571012859257,1.310355495152107
transformer_addsub113_f0.3_wd0.1_sq-addsub_s4,63866,-0.9861959786094996,0.9760309755802155,0.13564282090568275,1.3109539012319087
transformer_addsub113_f0.3_wd0.1_sq-addsub_s4,64706,-0.9979673550783984,0.9574525356292725,0.10675331544726163,1.3270322571715898
transformer_addsub113_f0.3_wd0.1_sq-addsub_s4,65546,-0.9221028327492775,0.9272412061691284,0.10858780505494922,1.3276183728310842
transformer_addsub113_f0.3_wd0.1_sq-addsub_s4,66387,-0.9881303463669623,0.9736151099205017,0.11498244847004237,1.3471480918082077
transformer_addsub113_f0.3_wd0.1_sq-addsub_s4,67227,-0.9950968099505506,0.9401669204235077,0.1023528528859176,1.3451449125648787
transformer_addsub113_f0.3_wd0.1_sq-addsub_s4,68067,-0.9623275218176096,0.9421992301940918,0.09306039420248569,1.3382322281136105
transformer_addsub113_f0.3_wd0.1_sq-addsub_s4,68908,-0.9842905737495475,0.9710951149463654,0.08883697844048405,1.335919776554467
transformer_addsub113_f0.3_wd0.1_sq-addsub_s4,69748,-0.9897171377184618,0.9779540598392487,0.10605888027682499,1.3203437926954986
transformer_addsub113_f0.3_wd0.1_sq-addsub_s4,70588,-0.9853652112367849,0.9633169174194336,0.10590415116699699,1.3192620876545638
transformer_addsub113_f0.3_wd0.1_sq-addsub_s4,71429,-0.979281908879183,0.9740207195281982,0.09391727936944769,1.302744537685553
transformer_addsub113_f0.3_wd0.1_sq-addsub_s4,72269,-0.9780603975298928,0.9796165525913239,0.10096856704204679,1.3019952681075067
transformer_addsub113_f0.3_wd0.1_sq-addsub_s4,73109,-0.9044758718916492,0.9659177660942078,0.0998214056037174,1.3064461171109012
transformer_addsub113_f0.3_wd0.1_sq-addsub_s4,73950,-0.9605469894535601,0.9528383910655975,0.10091381792596234,1.3178785363827612
transformer_addsub113_f0.3_wd0.1_sq-addsub_s4,74790,-0.9849633087181893,0.9486280381679535,0.14778580748660386,1.3197242148099035
transformer_addsub113_f0.3_wd0.1_sq-addsub_s4,75630,-0.9996048205042202,0.9867827892303467,0.07293240496295564,1.3570429065719485
transformer_addsub113_f0.3_wd0.1_sq-addsub_s4,76471,-0.9499767050007702,0.951633483171463,0.10153613001329802,1.3370659410534742
transformer_addsub113_f0.3_wd0.1_sq-addsub_s4,77311,-0.9159487355936891,0.8431175649166107,0.35008574951977844,1.2280009929558717
transformer_addsub113_f0.3_wd0.1_sq-addsub_s4,78151,-0.999379228615721,0.9769831895828247,0.0733063334923503,1.3420816766910892
transformer_addsub113_f0.3_wd0.1_sq-addsub_s4,78992,-0.9326857998454336,0.9111168384552002,0.09689754693320349,1.3288163024507256
transformer_addsub113_f0.3_wd0.1_sq-addsub_s4,79832,-0.978991288540412,0.9084277451038361,0.2878401528047265,1.2951116867648411
transformer_addsub113_f0.3_wd0.1_sq-addsub_s4,80672,-0.9919462402480518,0.9681127071380615,0.09824422342763359,1.3321138949146332
transformer_addsub113_f0.3_wd0.1_sq-addsub_s4,81513,-0.9530495059451501,0.9214158356189728,0.2646827545320529,1.2786829186462194
transformer_addsub113_f0.3_wd0.1_sq-addsub_s4,82353,-0.9990588104201875,0.9898364841938019,0.09212839135525469,1.340388296705153
transformer_addsub113_f0.3_wd0.1_sq-addsub_s4,83193,-0.9958560507620003,0.9923920631408691,0.09970416715692237,1.3334148343793997
transformer_addsub113_f0.3_wd0.1_sq-addsub_s4,84034,-0.995031794407782,0.9747944474220276,0.11121813238460176,1.3235343399391302
transformer_addsub113_f0.3_wd0.1_sq-addsub_s4,84874,-0.9974965579364482,0.9896401166915894,0.0652561504044854,1.3283756019028314
transformer_addsub113_f0.3_wd0.1_sq-addsub_s4,85714,-0.977121896402906,0.9670812487602234,0.14466692853375412,1.2849048203174773
transformer_addsub113_f0.3_wd0.1_sq-addsub_s4,86555,-0.9924721745330809,0.98562291264534,0.10789819827297692,1.3076622568007585
transformer_addsub113_f0.3_wd0.1_sq-addsub_s4,87395,-0.9952789548774605,0.9857000112533569,0.09403846282400705,1.310586814427778
transformer_addsub113_f0.3_wd0.1_sq-addsub_s4,88235,-0.9951863762844688,0.9896789193153381,0.07238512038309616,1.3180585031127245
transformer_addsub113_f0.3_wd0.1_sq-addsub_s4,89076,-0.8018546722606179,0.9450397491455078,0.3057842706761257,1.1828133928397961
transformer_addsub113_f0.3_wd0.1_sq-addsub_s4,89916,-0.9964223027498702,0.9921071231365204,0.1189743686286965,1.2826807393962738
transformer_addsub113_f0.3_wd0.1_sq-addsub_s4,90756,-0.9993037599301835,0.9787462651729584,0.1180822147056143,1.2900867000494587
transformer_addsub113_f0.3_wd0.1_sq-addsub_s4,91597,-0.9984462538621226,0.9809777140617371,0.0883323141185611,1.308935852191948
transformer_addsub113_f0.3_wd0.1_sq-addsub_s4,92437,-0.9972869152597946,0.9936491847038269,0.06693408618944388,1.3049831063833737
transformer_addsub113_f0.3_wd0.1_sq-addsub_s4,93277,-0.9993369263184326,0.9928507804870605,0.11884216892356686,1.287813552960095
transformer_addsub113_f0.3_wd0.1_sq-addsub_s4,94118,-0.998645132761323,0.9928486347198486,0.08981834171069683,1.3004749375335858
transformer_addsub113_f0.3_wd0.1_sq-addsub_s4,94958,-0.9991775922352031,0.9944593012332916,0.06549788779251109,1.3158538331804777
transformer_addsub113_f0.3_wd0.1_sq-addsub_s4,95798,-0.9999999999999989,0.9949482083320618,0.13650283487668063,1.32694495472091
transformer_addsub113_f0.3_wd0.1_sq-addsub_s4,96639,-0.9994531714443401,0.9905166625976562,0.09567403755774437,1.3137192601080936
transformer_addsub113_f0.3_wd0.1_sq-addsub_s4,97479,-0.9903344669597043,0.9954058825969696,0.078015068867812,1.302720353462716
transformer_addsub113_f0.3_wd0.1_sq-addsub_s4,98319,-0.999780620417504,0.9938340485095978,0.1284350709776524,1.3120155215211127
transformer_addsub113_f0.3_wd0.1_sq-addsub_s4,99160,-0.9982117250261459,0.9951949119567871,0.13229967670376103,1.2976566548639439
transformer_addsub113_f0.3_wd0.1_sq-addsub_s4,100000,-0.9972134277185897,0.9973011016845703,0.09006666099370358,1.2785605055768905
