run,model,operation,modulus,train_fraction,weight_decay,seed,circularity,circularity_column,h1_max_persistence__ratio,h1_max_persistence_normalised__ratio,h1_total_persistence_normalised__ratio,test_acc__final
mlp_add97_f0.3_wd0.0_stablemax_ce_s0,mlp,add,97,0.3,0.0,0,0.9980418537800546,fourier_concentration_k5,4.7867169046479505,7.36054027571698,2.4297275184182365,1.0
mlp_add97_f0.3_wd0.0_stablemax_ce_s1,mlp,add,97,0.3,0.0,1,0.9954460859264616,fourier_concentration_k5,5.663795218019083,10.784373005261454,6.065672649829234,0.9996963143348694
mlp_add97_f0.3_wd1.0_softmax_ce_s0,mlp,add,97,0.3,1.0,0,0.9038182268415554,fourier_concentration_k5,1.6519235707272861,3.223276355543278,8.267078136760771,1.0
mlp_add97_f0.3_wd1.0_softmax_ce_s1,mlp,add,97,0.3,1.0,1,0.9902461924605876,fourier_concentration_k5,2.141332290511389,4.331232515101209,4.951800487792166,1.0
mlp_add97_f0.3_wd1.0_softmax_ce_s2,mlp,add,97,0.3,1.0,2,0.9903106859431106,fourier_concentration_k5,2.0052443532010904,4.370455262338772,0.8341317035765378,1.0
mlp_add97_f0.3_wd1.0_softmax_ce_s3,mlp,add,97,0.3,1.0,3,0.9083018375697468,fourier_concentration_k5,1.2821082672382644,2.3673131737644417,2.71179394570642,1.0
mlp_add97_f0.3_wd1.0_softmax_ce_s4,mlp,add,97,0.3,1.0,4,0.9876122590101613,fourier_concentration_k5,1.5816923120596091,3.2967092504735738,1.9377388935246211,1.0
mlp_add97_f0.4_wd0.0_softmax_ce_s0,mlp,add,97,0.4,0.0,0,0.2986591892352295,fourier_concentration_k5,0.9868589365682848,0.9795946568455159,1.0745556111509404,1.0
mlp_add97_f0.4_wd0.0_softmax_ce_s1,mlp,add,97,0.4,0.0,1,0.3048162909033425,fourier_concentration_k5,0.964712235456048,0.9656094940146985,1.2524674402265559,0.9998228549957277
mlp_add97_f0.4_wd0.0_softmax_ce_s2,mlp,add,97,0.4,0.0,2,0.3024637237018836,fourier_concentration_k5,1.038998282111683,1.050237438938884,0.9500709664511621,1.0
transformer_add113_f0.3_wd0.1_softmax_ce_s0,transformer,add,113,0.3,0.1,0,0.7592647302298183,fourier_concentration_k5,1.4026492717446335,2.899287092566698,29.75395345343068,0.9982098937034608
transformer_add113_f0.3_wd0.1_softmax_ce_s1,transformer,add,113,0.3,0.1,1,0.8706815167237938,fourier_concentration_k5,2.041051951171681,5.768599048467296,37.6186270236315,1.0
transformer_add113_f0.3_wd0.1_softmax_ce_s2,transformer,add,113,0.3,0.1,2,0.827082646401613,fourier_concentration_k5,1.6784325739430757,3.1024682427764594,14.808992637587519,1.0
transformer_add113_f0.3_wd0.1_softmax_ce_s3,transformer,add,113,0.3,0.1,3,0.6550313774445015,fourier_concentration_k5,0.9563256564157616,2.197848441308226,6.7841521244280765,1.0
transformer_add113_f0.3_wd0.1_softmax_ce_s4,transformer,add,113,0.3,0.1,4,0.7531757276599529,fourier_concentration_k5,0.7001055366839773,2.3776975901703756,6.478398286980889,1.0
transformer_add113_f0.3_wd1.0_softmax_ce_s0,transformer,add,113,0.3,1.0,0,0.3774624287003187,fourier_concentration_k5,1.4016210001346991,1.5713693415826302,2.6580073506262507,1.0
transformer_add113_f0.3_wd1.0_softmax_ce_s1,transformer,add,113,0.3,1.0,1,0.3295196630070622,fourier_concentration_k5,0.6797293826516251,0.9646976278673893,1.8434290773423296,1.0
transformer_add113_f0.3_wd1.0_softmax_ce_s2,transformer,add,113,0.3,1.0,2,0.3219422522898848,fourier_concentration_k5,1.0009143891880243,1.569099222461524,4.142316297128949,1.0
transformer_add113_f0.3_wd1.0_softmax_ce_s3,transformer,add,113,0.3,1.0,3,0.3527702772080742,fourier_concentration_k5,0.8427281600780848,1.0967487726720946,1.5963353250021957,1.0
transformer_add113_f0.3_wd1.0_softmax_ce_s4,transformer,add,113,0.3,1.0,4,0.3024614795984436,fourier_concentration_k5,0.8646777043721712,1.2007771288142552,2.8007891318516043,1.0
transformer_add149_f0.3_wd1.0_softmax_ce_s0,transformer,add,149,0.3,1.0,0,0.3399502150151722,fourier_concentration_k5,0.8828872426574955,1.204195558272703,2.338610322414246,1.0
transformer_add149_f0.3_wd1.0_softmax_ce_s1,transformer,add,149,0.3,1.0,1,0.3075373094819161,fourier_concentration_k5,1.0256977830345728,1.386530542843953,3.523031385526946,1.0
transformer_add149_f0.3_wd1.0_softmax_ce_s2,transformer,add,149,0.3,1.0,2,0.4413674081367579,fourier_concentration_k5,0.7722425139392878,1.4363701000756621,2.5207648393621627,1.0
transformer_add149_f0.3_wd1.0_softmax_ce_s3,transformer,add,149,0.3,1.0,3,0.3006016247973259,fourier_concentration_k5,0.8543907469303205,1.1766256140379059,2.270890056793438,1.0
transformer_add149_f0.3_wd1.0_softmax_ce_s4,transformer,add,149,0.3,1.0,4,0.3682904099865329,fourier_concentration_k5,1.086603602896041,1.52896512006388,5.558949510149526,1.0
transformer_add97_f0.3_wd0.1_softmax_ce_s1,transformer,add,97,0.3,0.1,1,0.2581367688012379,fourier_concentration_k5,1.087929525760877,0.9532905253824766,1.0922525007494643,0.991193413734436
transformer_add97_f0.3_wd0.1_softmax_ce_s2,transformer,add,97,0.3,0.1,2,0.2528834351169893,fourier_concentration_k5,0.681621324823345,0.8244282656069507,1.0387028950753365,1.0
transformer_add97_f0.3_wd0.1_softmax_ce_s4,transformer,add,97,0.3,0.1,4,0.2732094975310092,fourier_concentration_k5,0.9368835674579562,0.8613201047402105,1.5912637079479128,1.0
transformer_add97_f0.3_wd0.3_softmax_ce_s0,transformer,add,97,0.3,0.3,0,0.3991442249293097,fourier_concentration_k5,1.1184172677789108,0.9876177053219255,1.071419897738416,0.994837522506714
transformer_add97_f0.3_wd0.3_softmax_ce_s1,transformer,add,97,0.3,0.3,1,0.3131302829539761,fourier_concentration_k5,0.5409569580889065,0.7235231768844428,1.2698564669594932,1.0
transformer_add97_f0.3_wd0.3_softmax_ce_s2,transformer,add,97,0.3,0.3,2,0.3216230472040032,fourier_concentration_k5,0.633234692506589,0.8229848081517435,1.9047490136889365,1.0
transformer_add97_f0.3_wd0.3_softmax_ce_s3,transformer,add,97,0.3,0.3,3,0.2789160381030834,fourier_concentration_k5,0.7453439586902033,0.8778145743405158,1.3182763075333634,1.0
transformer_add97_f0.3_wd0.3_softmax_ce_s4,transformer,add,97,0.3,0.3,4,0.3012196237858726,fourier_concentration_k5,0.6616076027039792,0.8447014054271509,1.2644404694606781,1.0
transformer_add97_f0.3_wd1.0_softmax_ce_s0,transformer,add,97,0.3,1.0,0,0.2412654871544454,fourier_concentration_k5,1.209967493067307,1.2091118833356345,1.6579035560594824,1.0
transformer_add97_f0.3_wd1.0_softmax_ce_s1,transformer,add,97,0.3,1.0,1,0.2494681814420685,fourier_concentration_k5,0.8688833483951094,0.907013910343647,0.9570062523383844,1.0
transformer_add97_f0.3_wd1.0_softmax_ce_s2,transformer,add,97,0.3,1.0,2,0.2569721975077983,fourier_concentration_k5,1.0918934009113925,1.1716242593902648,3.400348699418392,1.0
transformer_add97_f0.3_wd1.0_softmax_ce_s3,transformer,add,97,0.3,1.0,3,0.2556247820354627,fourier_concentration_k5,0.9086106289461077,0.8806260554151021,1.4366813332289958,1.0
transformer_add97_f0.3_wd1.0_softmax_ce_s4,transformer,add,97,0.3,1.0,4,0.2811364482142584,fourier_concentration_k5,0.8483782597197783,1.0854264170867567,3.8028069027083804,1.0
transformer_add97_f0.3_wd3.0_softmax_ce_s0,transformer,add,97,0.3,3.0,0,0.1297840096751687,fourier_concentration_k5,0.33256522210268663,0.33021899087428247,0.08915047038958282,1.0
transformer_add97_f0.3_wd3.0_softmax_ce_s1,transformer,add,97,0.3,3.0,1,0.1396657393637137,fourier_concentration_k5,0.330617186559719,0.3471656348415727,0.09983046204769169,1.0
transformer_add97_f0.3_wd3.0_softmax_ce_s2,transformer,add,97,0.3,3.0,2,0.1396920850670376,fourier_concentration_k5,0.34192180170610975,0.3297753440223136,0.13207888917467017,1.0
transformer_add97_f0.3_wd3.0_softmax_ce_s3,transformer,add,97,0.3,3.0,3,0.1167374743626925,fourier_concentration_k5,0.16942882864756428,0.19300226071205842,0.04274654385009632,1.0
transformer_add97_f0.3_wd3.0_softmax_ce_s4,transformer,add,97,0.3,3.0,4,0.1368791569618209,fourier_concentration_k5,0.36370894931118797,0.34929389505887964,0.14346410948114655,1.0
transformer_add97_f0.4_wd0.0_softmax_ce_s0,transformer,add,97,0.4,0.0,0,0.1693967085713115,fourier_concentration_k5,1.5164937437523698,1.522648846467533,0.9722354092697271,0.9883082509040833
transformer_add97_f0.4_wd0.0_softmax_ce_s1,transformer,add,97,0.4,0.0,1,0.3499231678083568,fourier_concentration_k5,0.9624148054695244,0.9910888861383316,1.33963400760315,0.97360497713089
transformer_add97_f0.4_wd0.0_softmax_ce_s3,transformer,add,97,0.4,0.0,3,0.1758926856496888,fourier_concentration_k5,0.9884498889954058,0.9886170888740143,0.8017339087263065,0.961736023426056
transformer_add97_f0.4_wd0.0_stablemax_ce_s3,transformer,add,97,0.4,0.0,3,0.3966817508890788,fourier_concentration_k5,1.1050806718596529,0.9883500229040859,1.718260188751262,0.9989371299743652
transformer_add97_f0.4_wd1.0_softmax_ce_s0,transformer,add,97,0.4,1.0,0,0.2347363101139236,fourier_concentration_k5,0.664789989321529,0.8323371464004539,3.046014288484369,1.0
transformer_add97_f0.4_wd1.0_softmax_ce_s1,transformer,add,97,0.4,1.0,1,0.2743482655321146,fourier_concentration_k5,0.7398790417147293,1.0152570934078067,2.6303277742097166,1.0
transformer_add97_f0.4_wd1.0_softmax_ce_s2,transformer,add,97,0.4,1.0,2,0.3320738657899126,fourier_concentration_k5,0.21034431851503343,1.3518502231636247,2.610022689097712,1.0
transformer_add97_f0.4_wd1.0_softmax_ce_s3,transformer,add,97,0.4,1.0,3,0.3030454502706953,fourier_concentration_k5,0.9233354872167703,1.2603312988499946,1.7552189017013347,1.0
transformer_add97_f0.4_wd1.0_softmax_ce_s4,transformer,add,97,0.4,1.0,4,0.3740981363532329,fourier_concentration_k5,0.46087998116259965,1.375050586739729,2.4449183663459753,0.998405694961548
transformer_add97_f0.5_wd1.0_softmax_ce_s0,transformer,add,97,0.5,1.0,0,0.2761265699898355,fourier_concentration_k5,0.04127596235653978,1.0048793765690027,1.7223799361408512,1.0
transformer_add97_f0.5_wd1.0_softmax_ce_s1,transformer,add,97,0.5,1.0,1,0.3385984368254454,fourier_concentration_k5,0.08695510794436113,1.3358796163401696,2.3221398121243446,1.0
transformer_add97_f0.5_wd1.0_softmax_ce_s2,transformer,add,97,0.5,1.0,2,0.3944003011245671,fourier_concentration_k5,0.06792040926417871,1.5289429601824684,4.863997423499982,0.999574899673462
transformer_add97_f0.5_wd1.0_softmax_ce_s3,transformer,add,97,0.5,1.0,3,0.3139450891980139,fourier_concentration_k5,0.07991027723671221,1.575463574237433,2.548961501934315,1.0
transformer_add97_f0.5_wd1.0_softmax_ce_s4,transformer,add,97,0.5,1.0,4,0.3236254899966057,fourier_concentration_k5,0.09370291677013835,1.3378369108325037,1.8697659982102182,1.0
transformer_div97_f0.5_wd1.0_softmax_ce_s0,transformer,div,97,0.5,1.0,0,0.3840594755081475,fourier_concentration_group_k5,0.4645022760933006,0.644755415452993,2.5274634620974794,1.0
transformer_div97_f0.5_wd1.0_softmax_ce_s1,transformer,div,97,0.5,1.0,1,0.4927746890747194,fourier_concentration_group_k5,1.5918875186265402,1.0715307232957645,4.392445497933839,1.0
transformer_div97_f0.5_wd1.0_softmax_ce_s2,transformer,div,97,0.5,1.0,2,0.6784367296519687,fourier_concentration_group_k5,1.1259818894838167,1.2912571450257917,2.1077478512691807,1.0
transformer_div97_f0.5_wd1.0_softmax_ce_s3,transformer,div,97,0.5,1.0,3,0.443905301288198,fourier_concentration_group_k5,0.5193891110087894,1.175026501972885,3.3618693097042938,1.0
transformer_div97_f0.5_wd1.0_softmax_ce_s4,transformer,div,97,0.5,1.0,4,0.6697044476561529,fourier_concentration_group_k5,1.5981955553735991,1.6040381121871994,5.28612779263938,1.0
transformer_mul97_f0.5_wd1.0_softmax_ce_s0,transformer,mul,97,0.5,1.0,0,0.4126620420530678,fourier_concentration_group_k5,0.056792486132192316,0.9857234973966229,2.0774901585273264,1.0
transformer_mul97_f0.5_wd1.0_softmax_ce_s1,transformer,mul,97,0.5,1.0,1,0.4697248774961534,fourier_concentration_group_k5,0.0781052802857626,0.8526441210586797,1.3199098148532737,1.0
transformer_mul97_f0.5_wd1.0_softmax_ce_s2,transformer,mul,97,0.5,1.0,2,0.3495876751545864,fourier_concentration_group_k5,0.06176182230224022,0.5377859745995553,1.1246700699139756,1.0
transformer_mul97_f0.5_wd1.0_softmax_ce_s3,transformer,mul,97,0.5,1.0,3,0.4671438241402619,fourier_concentration_group_k5,0.053372221671134,0.9178202884132017,1.822292845601252,1.0
transformer_mul97_f0.5_wd1.0_softmax_ce_s4,transformer,mul,97,0.5,1.0,4,0.391833384235783,fourier_concentration_group_k5,0.09513099109737923,0.8840567697320144,1.8217283196589424,1.0
transformer_sub97_f0.4_wd1.0_softmax_ce_s0,transformer,sub,97,0.4,1.0,0,0.316376323898306,fourier_concentration_k5,0.8095567731302085,1.5708598811231917,5.835858419194436,1.0
transformer_sub97_f0.4_wd1.0_softmax_ce_s1,transformer,sub,97,0.4,1.0,1,0.618656898900515,fourier_concentration_k5,1.6584325413070935,2.2306926891865246,10.239150757385683,1.0
transformer_sub97_f0.5_wd1.0_softmax_ce_s0,transformer,sub,97,0.5,1.0,0,0.7082107313426468,fourier_concentration_k5,0.9301907314862858,1.8062143243642526,8.71385967203903,1.0
transformer_sub97_f0.5_wd1.0_softmax_ce_s1,transformer,sub,97,0.5,1.0,1,0.6386077281201988,fourier_concentration_k5,1.1706460562522005,2.1292217077038282,5.946993236241444,1.0
