step,train_acc,test_acc,run,t_c,t_g,test_acc_novel
0,0.00991852581501007,0.0103249317035079,transformer_add97_f0.3_wd1.0_softmax_ce_s1,200.0,28600.0,0.0100305275991559
1,,,,,,0.0093763628974556
2,,,,,,0.009158307686448
3,,,,,,0.0098124723881483
4,,,,,,0.0080680334940552
5,,,,,,0.0080680334940552
6,,,,,,0.0074138683266937
7,,,,,,0.0065416484139859
8,,,,,,0.0058874837122857
9,,,,,,0.0074138683266937
10,,,,,,0.0043610990978777
11,,,,,,0.0034888791851699
12,,,,,,0.0039249891415238
13,,,,,,0.0021805495489388
14,,,,,,0.0017444395925849
15,,,,,,0.0008722197962924
16,,,,,,0.0010902747744694
18,,,,,,0.0008722197962924
19,,,,,,0.0008722197962924
20,,,,,,0.0
22,,,,,,0.0002180549490731
23,,,,,,0.0002180549490731
25,,,,,,0.0004361098981462
27,,,,,,0.0004361098981462
29,,,,,,0.0004361098981462
31,,,,,,0.0004361098981462
33,,,,,,0.0004361098981462
36,,,,,,0.0004361098981462
39,,,,,,0.0004361098981462
41,,,,,,0.0004361098981462
44,,,,,,0.0004361098981462
48,,,,,,0.0004361098981462
51,,,,,,0.0004361098981462
55,,,,,,0.0004361098981462
59,,,,,,0.0002180549490731
64,,,,,,0.0
68,,,,,,0.0
73,,,,,,0.0
79,,,,,,0.0
85,,,,,,0.0
91,,,,,,0.0
98,,,,,,0.0
100,0.8150902986526489,0.215457022190094,transformer_add97_f0.3_wd1.0_softmax_ce_s1,200.0,28600.0,
105,,,,,,0.0
113,,,,,,0.0
121,,,,,,0.0004361098981462
130,,,,,,0.0004361098981462
140,,,,,,0.0006541648763231
150,,,,,,0.0013083297526463
161,,,,,,0.0017444395925849
173,,,,,,0.0013083297526463
186,,,,,,0.0017444395925849
200,0.9943322539329529,0.2995748519897461,transformer_add97_f0.3_wd1.0_softmax_ce_s1,200.0,28600.0,0.0013083297526463
215,,,,,,0.001526384614408
231,,,,,,0.0021805495489388
248,,,,,,0.0021805495489388
266,,,,,,0.0026166595052927
286,,,,,,0.002834714250639
300,0.9992915391921997,0.3024597764015198,transformer_add97_f0.3_wd1.0_softmax_ce_s1,200.0,28600.0,
307,,,,,,0.0026166595052927
330,,,,,,0.003052769228816
355,,,,,,0.0023986045271158
381,,,,,,0.0017444395925849
400,1.0,0.302763432264328,transformer_add97_f0.3_wd1.0_softmax_ce_s1,200.0,28600.0,
409,,,,,,0.0017444395925849
440,,,,,,0.0023986045271158
472,,,,,,0.002834714250639
500,1.0,0.3042818009853363,transformer_add97_f0.3_wd1.0_softmax_ce_s1,200.0,28600.0,
507,,,,,,0.003052769228816
545,,,,,,0.0026166595052927
585,,,,,,0.002834714250639
600,1.0,0.3042818009853363,transformer_add97_f0.3_wd1.0_softmax_ce_s1,200.0,28600.0,
629,,,,,,0.002834714250639
676,,,,,,0.0026166595052927
700,1.0,0.3047373294830322,transformer_add97_f0.3_wd1.0_softmax_ce_s1,200.0,28600.0,
726,,,,,,0.0034888791851699
780,,,,,,0.0023986045271158
800,1.0,0.3039781451225281,transformer_add97_f0.3_wd1.0_softmax_ce_s1,200.0,28600.0,
837,,,,,,0.003052769228816
900,1.0,0.30534467101097107,transformer_add97_f0.3_wd1.0_softmax_ce_s1,200.0,28600.0,0.0034888791851699
966,,,,,,0.0037069341633468
1000,1.0,0.3054965138435364,transformer_add97_f0.3_wd1.0_softmax_ce_s1,200.0,28600.0,
1038,,,,,,0.0041430438868701
1100,1.0,0.30337077379226685,transformer_add97_f0.3_wd1.0_softmax_ce_s1,200.0,28600.0,
1115,,,,,,0.0017444395925849
1198,,,,,,0.001526384614408
1200,1.0,0.3039781451225281,transformer_add97_f0.3_wd1.0_softmax_ce_s1,200.0,28600.0,
1287,,,,,,0.0013083297526463
1300,0.9989373087882996,0.30352261662483215,transformer_add97_f0.3_wd1.0_softmax_ce_s1,200.0,28600.0,
1382,,,,,,0.0017444395925849
1400,1.0,0.304129958152771,transformer_add97_f0.3_wd1.0_softmax_ce_s1,200.0,28600.0,
1485,,,,,,0.0010902747744694
1500,1.0,0.30367445945739746,transformer_add97_f0.3_wd1.0_softmax_ce_s1,200.0,28600.0,
1595,,,,,,0.0017444395925849
1600,1.0,0.3042818009853363,transformer_add97_f0.3_wd1.0_softmax_ce_s1,200.0,28600.0,
1700,0.9996457695960999,0.3032189607620239,transformer_add97_f0.3_wd1.0_softmax_ce_s1,200.0,28600.0,
1713,,,,,,0.0008722197962924
1800,1.0,0.3047373294830322,transformer_add97_f0.3_wd1.0_softmax_ce_s1,200.0,28600.0,
1841,,,,,,0.0
1900,1.0,0.3045854866504669,transformer_add97_f0.3_wd1.0_softmax_ce_s1,200.0,28600.0,
1977,,,,,,0.0037069341633468
2000,1.0,0.3056483566761017,transformer_add97_f0.3_wd1.0_softmax_ce_s1,200.0,28600.0,
2100,1.0,0.304129958152771,transformer_add97_f0.3_wd1.0_softmax_ce_s1,200.0,28600.0,
2124,,,,,,0.0017444395925849
2200,0.9854764342308044,0.29562708735466003,transformer_add97_f0.3_wd1.0_softmax_ce_s1,200.0,28600.0,
2282,,,,,,0.0021805495489388
2300,1.0,0.30504098534584045,transformer_add97_f0.3_wd1.0_softmax_ce_s1,200.0,28600.0,
2400,1.0,0.30519282817840576,transformer_add97_f0.3_wd1.0_softmax_ce_s1,200.0,28600.0,
2451,,,,,,0.0021805495489388
2500,0.41268154978752136,0.08229577541351318,transformer_add97_f0.3_wd1.0_softmax_ce_s1,200.0,28600.0,
2600,1.0,0.3044336438179016,transformer_add97_f0.3_wd1.0_softmax_ce_s1,200.0,28600.0,
2633,,,,,,0.0010902747744694
2700,1.0,0.3047373294830322,transformer_add97_f0.3_wd1.0_softmax_ce_s1,200.0,28600.0,
2800,1.0,0.3047373294830322,transformer_add97_f0.3_wd1.0_softmax_ce_s1,200.0,28600.0,
2828,,,,,,0.0019624945707619
2900,0.29932695627212524,0.08290312439203262,transformer_add97_f0.3_wd1.0_softmax_ce_s1,200.0,28600.0,
3000,1.0,0.30534467101097107,transformer_add97_f0.3_wd1.0_softmax_ce_s1,200.0,28600.0,
3038,,,,,,0.0021805495489388
3100,1.0,0.3062556982040405,transformer_add97_f0.3_wd1.0_softmax_ce_s1,200.0,28600.0,
3200,1.0,0.30671119689941406,transformer_add97_f0.3_wd1.0_softmax_ce_s1,200.0,28600.0,
3264,,,,,,0.0043610990978777
3300,1.0,0.30716672539711,transformer_add97_f0.3_wd1.0_softmax_ce_s1,200.0,28600.0,
3400,1.0,0.30655935406684875,transformer_add97_f0.3_wd1.0_softmax_ce_s1,200.0,28600.0,
3500,1.0,0.30671119689941406,transformer_add97_f0.3_wd1.0_softmax_ce_s1,200.0,28600.0,
3506,,,,,,0.0039249891415238
3600,1.0,0.30686303973197937,transformer_add97_f0.3_wd1.0_softmax_ce_s1,200.0,28600.0,
3700,1.0,0.30640754103660583,transformer_add97_f0.3_wd1.0_softmax_ce_s1,200.0,28600.0,
3766,,,,,,0.0047972090542316
3800,1.0,0.3073185682296753,transformer_add97_f0.3_wd1.0_softmax_ce_s1,200.0,28600.0,
3900,1.0,0.3070148825645447,transformer_add97_f0.3_wd1.0_softmax_ce_s1,200.0,28600.0,
4000,1.0,0.30686303973197937,transformer_add97_f0.3_wd1.0_softmax_ce_s1,200.0,28600.0,
4046,,,,,,0.0050152637995779
4100,1.0,0.3062556982040405,transformer_add97_f0.3_wd1.0_softmax_ce_s1,200.0,28600.0,
4200,1.0,0.30534467101097107,transformer_add97_f0.3_wd1.0_softmax_ce_s1,200.0,28600.0,
4300,1.0,0.3059520125389099,transformer_add97_f0.3_wd1.0_softmax_ce_s1,200.0,28600.0,
4346,,,,,,0.0034888791851699
4400,1.0,0.3058001697063446,transformer_add97_f0.3_wd1.0_softmax_ce_s1,200.0,28600.0,
4500,1.0,0.30686303973197937,transformer_add97_f0.3_wd1.0_softmax_ce_s1,200.0,28600.0,
4600,1.0,0.3073185682296753,transformer_add97_f0.3_wd1.0_softmax_ce_s1,200.0,28600.0,
4669,,,,,,0.0052333190105855
4700,1.0,0.30686303973197937,transformer_add97_f0.3_wd1.0_softmax_ce_s1,200.0,28600.0,
4800,1.0,0.3070148825645447,transformer_add97_f0.3_wd1.0_softmax_ce_s1,200.0,28600.0,
4900,1.0,0.30671119689941406,transformer_add97_f0.3_wd1.0_softmax_ce_s1,200.0,28600.0,
5000,1.0,0.3070148825645447,transformer_add97_f0.3_wd1.0_softmax_ce_s1,200.0,28600.0,
5015,,,,,,0.004579153843224
5100,1.0,0.30534467101097107,transformer_add97_f0.3_wd1.0_softmax_ce_s1,200.0,28600.0,
5200,1.0,0.3054965138435364,transformer_add97_f0.3_wd1.0_softmax_ce_s1,200.0,28600.0,
5300,1.0,0.3059520125389099,transformer_add97_f0.3_wd1.0_softmax_ce_s1,200.0,28600.0,
5388,,,,,,0.0034888791851699
5400,1.0,0.3059520125389099,transformer_add97_f0.3_wd1.0_softmax_ce_s1,200.0,28600.0,
5500,1.0,0.30671119689941406,transformer_add97_f0.3_wd1.0_softmax_ce_s1,200.0,28600.0,
5600,1.0,0.30655935406684875,transformer_add97_f0.3_wd1.0_softmax_ce_s1,200.0,28600.0,
5700,1.0,0.30686303973197937,transformer_add97_f0.3_wd1.0_softmax_ce_s1,200.0,28600.0,
5788,,,,,,0.0041430438868701
5800,1.0,0.30671119689941406,transformer_add97_f0.3_wd1.0_softmax_ce_s1,200.0,28600.0,
5900,1.0,0.30686303973197937,transformer_add97_f0.3_wd1.0_softmax_ce_s1,200.0,28600.0,
6000,1.0,0.30716672539711,transformer_add97_f0.3_wd1.0_softmax_ce_s1,200.0,28600.0,
6100,1.0,0.3073185682296753,transformer_add97_f0.3_wd1.0_softmax_ce_s1,200.0,28600.0,
6200,1.0,0.30792590975761414,transformer_add97_f0.3_wd1.0_softmax_ce_s1,200.0,28600.0,
6217,,,,,,0.006105538457632
6300,1.0,0.3059520125389099,transformer_add97_f0.3_wd1.0_softmax_ce_s1,200.0,28600.0,
6400,1.0,0.3059520125389099,transformer_add97_f0.3_wd1.0_softmax_ce_s1,200.0,28600.0,
6500,1.0,0.3070148825645447,transformer_add97_f0.3_wd1.0_softmax_ce_s1,200.0,28600.0,
6600,1.0,0.30716672539711,transformer_add97_f0.3_wd1.0_softmax_ce_s1,200.0,28600.0,
6679,,,,,,0.004579153843224
6700,1.0,0.30686303973197937,transformer_add97_f0.3_wd1.0_softmax_ce_s1,200.0,28600.0,
6800,1.0,0.3070148825645447,transformer_add97_f0.3_wd1.0_softmax_ce_s1,200.0,28600.0,
6900,1.0,0.3070148825645447,transformer_add97_f0.3_wd1.0_softmax_ce_s1,200.0,28600.0,
7000,1.0,0.3073185682296753,transformer_add97_f0.3_wd1.0_softmax_ce_s1,200.0,28600.0,
7100,1.0,0.3074703812599182,transformer_add97_f0.3_wd1.0_softmax_ce_s1,200.0,28600.0,
7174,,,,,,0.0054513737559318
7200,1.0,0.30716672539711,transformer_add97_f0.3_wd1.0_softmax_ce_s1,200.0,28600.0,
7300,1.0,0.30807775259017944,transformer_add97_f0.3_wd1.0_softmax_ce_s1,200.0,28600.0,
7400,1.0,0.3061038553714752,transformer_add97_f0.3_wd1.0_softmax_ce_s1,200.0,28600.0,
7500,1.0,0.3061038553714752,transformer_add97_f0.3_wd1.0_softmax_ce_s1,200.0,28600.0,
7600,1.0,0.30655935406684875,transformer_add97_f0.3_wd1.0_softmax_ce_s1,200.0,28600.0,
7700,1.0,0.3073185682296753,transformer_add97_f0.3_wd1.0_softmax_ce_s1,200.0,28600.0,
7707,,,,,,0.0056694285012781
7800,1.0,0.3076222240924835,transformer_add97_f0.3_wd1.0_softmax_ce_s1,200.0,28600.0,
7900,1.0,0.3073185682296753,transformer_add97_f0.3_wd1.0_softmax_ce_s1,200.0,28600.0,
8000,1.0,0.30777406692504883,transformer_add97_f0.3_wd1.0_softmax_ce_s1,200.0,28600.0,
8100,1.0,0.30838140845298767,transformer_add97_f0.3_wd1.0_softmax_ce_s1,200.0,28600.0,
8200,1.0,0.3073185682296753,transformer_add97_f0.3_wd1.0_softmax_ce_s1,200.0,28600.0,
8279,,,,,,0.0058874837122857
8300,1.0,0.30792590975761414,transformer_add97_f0.3_wd1.0_softmax_ce_s1,200.0,28600.0,
8400,1.0,0.3074703812599182,transformer_add97_f0.3_wd1.0_softmax_ce_s1,200.0,28600.0,
8500,1.0,0.308533251285553,transformer_add97_f0.3_wd1.0_softmax_ce_s1,200.0,28600.0,
8600,1.0,0.3061038553714752,transformer_add97_f0.3_wd1.0_softmax_ce_s1,200.0,28600.0,
8700,1.0,0.30792590975761414,transformer_add97_f0.3_wd1.0_softmax_ce_s1,200.0,28600.0,
8800,1.0,0.3088369369506836,transformer_add97_f0.3_wd1.0_softmax_ce_s1,200.0,28600.0,
8893,,,,,,0.0069777583703398
8900,1.0,0.308533251285553,transformer_add97_f0.3_wd1.0_softmax_ce_s1,200.0,28600.0,
9000,1.0,0.3091405928134918,transformer_add97_f0.3_wd1.0_softmax_ce_s1,200.0,28600.0,
9100,1.0,0.30822956562042236,transformer_add97_f0.3_wd1.0_softmax_ce_s1,200.0,28600.0,
9200,1.0,0.308533251285553,transformer_add97_f0.3_wd1.0_softmax_ce_s1,200.0,28600.0,
9300,1.0,0.3086850941181183,transformer_add97_f0.3_wd1.0_softmax_ce_s1,200.0,28600.0,
9400,1.0,0.3089887499809265,transformer_add97_f0.3_wd1.0_softmax_ce_s1,200.0,28600.0,
9500,1.0,0.30959612131118774,transformer_add97_f0.3_wd1.0_softmax_ce_s1,200.0,28600.0,
9553,,,,,,0.0095944181084632
9600,1.0,0.3091405928134918,transformer_add97_f0.3_wd1.0_softmax_ce_s1,200.0,28600.0,
9700,1.0,0.30777406692504883,transformer_add97_f0.3_wd1.0_softmax_ce_s1,200.0,28600.0,
9800,1.0,0.30807775259017944,transformer_add97_f0.3_wd1.0_softmax_ce_s1,200.0,28600.0,
9900,1.0,0.30989977717399597,transformer_add97_f0.3_wd1.0_softmax_ce_s1,200.0,28600.0,
10000,1.0,0.30974796414375305,transformer_add97_f0.3_wd1.0_softmax_ce_s1,200.0,28600.0,
10100,1.0,0.3103553056716919,transformer_add97_f0.3_wd1.0_softmax_ce_s1,200.0,28600.0,
10200,1.0,0.3105071485042572,transformer_add97_f0.3_wd1.0_softmax_ce_s1,200.0,28600.0,
10263,,,,,,0.0098124723881483
10300,1.0,0.3103553056716919,transformer_add97_f0.3_wd1.0_softmax_ce_s1,200.0,28600.0,
10400,1.0,0.31111449003219604,transformer_add97_f0.3_wd1.0_softmax_ce_s1,200.0,28600.0,
10500,1.0,0.31081080436706543,transformer_add97_f0.3_wd1.0_softmax_ce_s1,200.0,28600.0,
10600,1.0,0.3103553056716919,transformer_add97_f0.3_wd1.0_softmax_ce_s1,200.0,28600.0,
10700,1.0,0.3105071485042572,transformer_add97_f0.3_wd1.0_softmax_ce_s1,200.0,28600.0,
10800,1.0,0.3117218315601349,transformer_add97_f0.3_wd1.0_softmax_ce_s1,200.0,28600.0,
10900,1.0,0.3133920431137085,transformer_add97_f0.3_wd1.0_softmax_ce_s1,200.0,28600.0,
11000,1.0,0.3135438859462738,transformer_add97_f0.3_wd1.0_softmax_ce_s1,200.0,28600.0,
11024,,,,,,0.0137374615296721
11100,1.0,0.3120255172252655,transformer_add97_f0.3_wd1.0_softmax_ce_s1,200.0,28600.0,
11200,1.0,0.31126633286476135,transformer_add97_f0.3_wd1.0_softmax_ce_s1,200.0,28600.0,
11300,1.0,0.31111449003219604,transformer_add97_f0.3_wd1.0_softmax_ce_s1,200.0,28600.0,
11400,1.0,0.31081080436706543,transformer_add97_f0.3_wd1.0_softmax_ce_s1,200.0,28600.0,
11500,1.0,0.31111449003219604,transformer_add97_f0.3_wd1.0_softmax_ce_s1,200.0,28600.0,
11600,1.0,0.3118736743927002,transformer_add97_f0.3_wd1.0_softmax_ce_s1,200.0,28600.0,
11700,1.0,0.3117218315601349,transformer_add97_f0.3_wd1.0_softmax_ce_s1,200.0,28600.0,
11800,1.0,0.31111449003219604,transformer_add97_f0.3_wd1.0_softmax_ce_s1,200.0,28600.0,
11843,,,,,,0.0109027475118637
11900,1.0,0.31111449003219604,transformer_add97_f0.3_wd1.0_softmax_ce_s1,200.0,28600.0,
12000,1.0,0.31096264719963074,transformer_add97_f0.3_wd1.0_softmax_ce_s1,200.0,28600.0,
12100,1.0,0.3135438859462738,transformer_add97_f0.3_wd1.0_softmax_ce_s1,200.0,28600.0,
12200,1.0,0.3118736743927002,transformer_add97_f0.3_wd1.0_softmax_ce_s1,200.0,28600.0,
12300,1.0,0.31293654441833496,transformer_add97_f0.3_wd1.0_softmax_ce_s1,200.0,28600.0,
12400,1.0,0.3130883574485779,transformer_add97_f0.3_wd1.0_softmax_ce_s1,200.0,28600.0,
12500,1.0,0.3130883574485779,transformer_add97_f0.3_wd1.0_softmax_ce_s1,200.0,28600.0,
12600,1.0,0.31248101592063904,transformer_add97_f0.3_wd1.0_softmax_ce_s1,200.0,28600.0,
12700,1.0,0.3130883574485779,transformer_add97_f0.3_wd1.0_softmax_ce_s1,200.0,28600.0,
12722,,,,,,0.0139555167406797
12800,1.0,0.31278470158576965,transformer_add97_f0.3_wd1.0_softmax_ce_s1,200.0,28600.0,
12900,1.0,0.31263285875320435,transformer_add97_f0.3_wd1.0_softmax_ce_s1,200.0,28600.0,
13000,1.0,0.31263285875320435,transformer_add97_f0.3_wd1.0_softmax_ce_s1,200.0,28600.0,
13100,1.0,0.3146067261695862,transformer_add97_f0.3_wd1.0_softmax_ce_s1,200.0,28600.0,
13200,1.0,0.3150622546672821,transformer_add97_f0.3_wd1.0_softmax_ce_s1,200.0,28600.0,
13300,1.0,0.3149104118347168,transformer_add97_f0.3_wd1.0_softmax_ce_s1,200.0,28600.0,
13400,1.0,0.31551775336265564,transformer_add97_f0.3_wd1.0_softmax_ce_s1,200.0,28600.0,
13500,1.0,0.31597328186035156,transformer_add97_f0.3_wd1.0_softmax_ce_s1,200.0,28600.0,
13600,1.0,0.31733980774879456,transformer_add97_f0.3_wd1.0_softmax_ce_s1,200.0,28600.0,
13666,,,,,,0.0209332760423421
13700,1.0,0.31870633363723755,transformer_add97_f0.3_wd1.0_softmax_ce_s1,200.0,28600.0,
13800,1.0,0.3180989921092987,transformer_add97_f0.3_wd1.0_softmax_ce_s1,200.0,28600.0,
13900,1.0,0.3180989921092987,transformer_add97_f0.3_wd1.0_softmax_ce_s1,200.0,28600.0,
14000,1.0,0.31718796491622925,transformer_add97_f0.3_wd1.0_softmax_ce_s1,200.0,28600.0,
14100,1.0,0.31703612208366394,transformer_add97_f0.3_wd1.0_softmax_ce_s1,200.0,28600.0,
14200,1.0,0.31582143902778625,transformer_add97_f0.3_wd1.0_softmax_ce_s1,200.0,28600.0,
14300,1.0,0.31855452060699463,transformer_add97_f0.3_wd1.0_softmax_ce_s1,200.0,28600.0,
14400,1.0,0.3211357295513153,transformer_add97_f0.3_wd1.0_softmax_ce_s1,200.0,28600.0,
14500,1.0,0.31916186213493347,transformer_add97_f0.3_wd1.0_softmax_ce_s1,200.0,28600.0,
14600,1.0,0.32052838802337646,transformer_add97_f0.3_wd1.0_softmax_ce_s1,200.0,28600.0,
14680,,,,,,0.0242040995508432
14700,1.0,0.3197692036628723,transformer_add97_f0.3_wd1.0_softmax_ce_s1,200.0,28600.0,
14800,1.0,0.31855452060699463,transformer_add97_f0.3_wd1.0_softmax_ce_s1,200.0,28600.0,
14900,1.0,0.31901001930236816,transformer_add97_f0.3_wd1.0_softmax_ce_s1,200.0,28600.0,
15000,1.0,0.31901001930236816,transformer_add97_f0.3_wd1.0_softmax_ce_s1,200.0,28600.0,
15100,1.0,0.318250834941864,transformer_add97_f0.3_wd1.0_softmax_ce_s1,200.0,28600.0,
15200,1.0,0.3179471492767334,transformer_add97_f0.3_wd1.0_softmax_ce_s1,200.0,28600.0,
15300,1.0,0.316884309053421,transformer_add97_f0.3_wd1.0_softmax_ce_s1,200.0,28600.0,
15400,1.0,0.3165806233882904,transformer_add97_f0.3_wd1.0_softmax_ce_s1,200.0,28600.0,
15500,1.0,0.3238688111305237,transformer_add97_f0.3_wd1.0_softmax_ce_s1,200.0,28600.0,
15600,1.0,0.32629820704460144,transformer_add97_f0.3_wd1.0_softmax_ce_s1,200.0,28600.0,
15700,1.0,0.32341331243515015,transformer_add97_f0.3_wd1.0_softmax_ce_s1,200.0,28600.0,
15770,,,,,,0.0290013086050748
15800,1.0,0.3237169682979584,transformer_add97_f0.3_wd1.0_softmax_ce_s1,200.0,28600.0,
15900,1.0,0.32356512546539307,transformer_add97_f0.3_wd1.0_softmax_ce_s1,200.0,28600.0,
16000,1.0,0.3238688111305237,transformer_add97_f0.3_wd1.0_softmax_ce_s1,200.0,28600.0,
16100,1.0,0.3241724967956543,transformer_add97_f0.3_wd1.0_softmax_ce_s1,200.0,28600.0,
16200,1.0,0.32508352398872375,transformer_add97_f0.3_wd1.0_softmax_ce_s1,200.0,28600.0,
16300,1.0,0.32508352398872375,transformer_add97_f0.3_wd1.0_softmax_ce_s1,200.0,28600.0,
16400,1.0,0.3244761526584625,transformer_add97_f0.3_wd1.0_softmax_ce_s1,200.0,28600.0,
16500,1.0,0.32326146960258484,transformer_add97_f0.3_wd1.0_softmax_ce_s1,200.0,28600.0,
16600,1.0,0.33100515604019165,transformer_add97_f0.3_wd1.0_softmax_ce_s1,200.0,28600.0,
16700,1.0,0.3316124975681305,transformer_add97_f0.3_wd1.0_softmax_ce_s1,200.0,28600.0,
16800,1.0,0.32812026143074036,transformer_add97_f0.3_wd1.0_softmax_ce_s1,200.0,28600.0,
16900,1.0,0.32796841859817505,transformer_add97_f0.3_wd1.0_softmax_ce_s1,200.0,28600.0,
16940,,,,,,0.0368512868881225
17000,1.0,0.3305496573448181,transformer_add97_f0.3_wd1.0_softmax_ce_s1,200.0,28600.0,
17100,1.0,0.3314606845378876,transformer_add97_f0.3_wd1.0_softmax_ce_s1,200.0,28600.0,
17200,1.0,0.3317643404006958,transformer_add97_f0.3_wd1.0_softmax_ce_s1,200.0,28600.0,
17300,1.0,0.3332827091217041,transformer_add97_f0.3_wd1.0_softmax_ce_s1,200.0,28600.0,
17400,1.0,0.3316124975681305,transformer_add97_f0.3_wd1.0_softmax_ce_s1,200.0,28600.0,
17500,1.0,0.33115699887275696,transformer_add97_f0.3_wd1.0_softmax_ce_s1,200.0,28600.0,
17600,1.0,0.33100515604019165,transformer_add97_f0.3_wd1.0_softmax_ce_s1,200.0,28600.0,
17700,1.0,0.33085331320762634,transformer_add97_f0.3_wd1.0_softmax_ce_s1,200.0,28600.0,
17800,1.0,0.34467050433158875,transformer_add97_f0.3_wd1.0_softmax_ce_s1,200.0,28600.0,
17900,1.0,0.3475554287433624,transformer_add97_f0.3_wd1.0_softmax_ce_s1,200.0,28600.0,
18000,1.0,0.34482234716415405,transformer_add97_f0.3_wd1.0_softmax_ce_s1,200.0,28600.0,
18100,1.0,0.34345582127571106,transformer_add97_f0.3_wd1.0_softmax_ce_s1,200.0,28600.0,
18198,,,,,,0.0551679022610187
18200,1.0,0.34178560972213745,transformer_add97_f0.3_wd1.0_softmax_ce_s1,200.0,28600.0,
18300,1.0,0.3442150056362152,transformer_add97_f0.3_wd1.0_softmax_ce_s1,200.0,28600.0,
18400,1.0,0.3410264253616333,transformer_add97_f0.3_wd1.0_softmax_ce_s1,200.0,28600.0,
18500,1.0,0.3392043709754944,transformer_add97_f0.3_wd1.0_softmax_ce_s1,200.0,28600.0,
18600,1.0,0.3392043709754944,transformer_add97_f0.3_wd1.0_softmax_ce_s1,200.0,28600.0,
18700,1.0,0.3375341594219208,transformer_add97_f0.3_wd1.0_softmax_ce_s1,200.0,28600.0,
18800,1.0,0.33844518661499023,transformer_add97_f0.3_wd1.0_softmax_ce_s1,200.0,28600.0,
18900,1.0,0.3470999002456665,transformer_add97_f0.3_wd1.0_softmax_ce_s1,200.0,28600.0,
19000,1.0,0.357728511095047,transformer_add97_f0.3_wd1.0_softmax_ce_s1,200.0,28600.0,
19100,1.0,0.35408443212509155,transformer_add97_f0.3_wd1.0_softmax_ce_s1,200.0,28600.0,
19200,1.0,0.3548436164855957,transformer_add97_f0.3_wd1.0_softmax_ce_s1,200.0,28600.0,
19300,1.0,0.3548436164855957,transformer_add97_f0.3_wd1.0_softmax_ce_s1,200.0,28600.0,
19400,1.0,0.3530215620994568,transformer_add97_f0.3_wd1.0_softmax_ce_s1,200.0,28600.0,
19500,1.0,0.35226237773895264,transformer_add97_f0.3_wd1.0_softmax_ce_s1,200.0,28600.0,
19548,,,,,,0.0682512000203132
19600,1.0,0.3515031933784485,transformer_add97_f0.3_wd1.0_softmax_ce_s1,200.0,28600.0,
19700,1.0,0.34801092743873596,transformer_add97_f0.3_wd1.0_softmax_ce_s1,200.0,28600.0,
19800,1.0,0.3454296886920929,transformer_add97_f0.3_wd1.0_softmax_ce_s1,200.0,28600.0,
19900,1.0,0.3454296886920929,transformer_add97_f0.3_wd1.0_softmax_ce_s1,200.0,28600.0,
20000,1.0,0.3700273334980011,transformer_add97_f0.3_wd1.0_softmax_ce_s1,200.0,28600.0,
20100,1.0,0.3776191771030426,transformer_add97_f0.3_wd1.0_softmax_ce_s1,200.0,28600.0,
20200,1.0,0.37230488657951355,transformer_add97_f0.3_wd1.0_softmax_ce_s1,200.0,28600.0,
20300,1.0,0.37534162402153015,transformer_add97_f0.3_wd1.0_softmax_ce_s1,200.0,28600.0,
20400,1.0,0.3780747056007385,transformer_add97_f0.3_wd1.0_softmax_ce_s1,200.0,28600.0,
20500,1.0,0.37564530968666077,transformer_add97_f0.3_wd1.0_softmax_ce_s1,200.0,28600.0,
20600,1.0,0.37382325530052185,transformer_add97_f0.3_wd1.0_softmax_ce_s1,200.0,28600.0,
20700,1.0,0.3695718050003052,transformer_add97_f0.3_wd1.0_softmax_ce_s1,200.0,28600.0,
20800,1.0,0.3682052791118622,transformer_add97_f0.3_wd1.0_softmax_ce_s1,200.0,28600.0,
20900,1.0,0.36440935730934143,transformer_add97_f0.3_wd1.0_softmax_ce_s1,200.0,28600.0,
20999,,,,,,0.0832969918847084
21000,1.0,0.362131804227829,transformer_add97_f0.3_wd1.0_softmax_ce_s1,200.0,28600.0,
21100,1.0,0.3498329818248749,transformer_add97_f0.3_wd1.0_softmax_ce_s1,200.0,28600.0,
21200,1.0,0.394473135471344,transformer_add97_f0.3_wd1.0_softmax_ce_s1,200.0,28600.0,
21300,1.0,0.39796537160873413,transformer_add97_f0.3_wd1.0_softmax_ce_s1,200.0,28600.0,
21400,1.0,0.39811721444129944,transformer_add97_f0.3_wd1.0_softmax_ce_s1,200.0,28600.0,
21500,1.0,0.40009111166000366,transformer_add97_f0.3_wd1.0_softmax_ce_s1,200.0,28600.0,
21600,1.0,0.4049499034881592,transformer_add97_f0.3_wd1.0_softmax_ce_s1,200.0,28600.0,
21700,1.0,0.40768295526504517,transformer_add97_f0.3_wd1.0_softmax_ce_s1,200.0,28600.0,
21800,1.0,0.4035833477973938,transformer_add97_f0.3_wd1.0_softmax_ce_s1,200.0,28600.0,
21900,1.0,0.39811721444129944,transformer_add97_f0.3_wd1.0_softmax_ce_s1,200.0,28600.0,
22000,1.0,0.39492863416671753,transformer_add97_f0.3_wd1.0_softmax_ce_s1,200.0,28600.0,
22100,1.0,0.3917400538921356,transformer_add97_f0.3_wd1.0_softmax_ce_s1,200.0,28600.0,
22200,1.0,0.39067718386650085,transformer_add97_f0.3_wd1.0_softmax_ce_s1,200.0,28600.0,
22300,1.0,0.3883996307849884,transformer_add97_f0.3_wd1.0_softmax_ce_s1,200.0,28600.0,
22400,1.0,0.4192225933074951,transformer_add97_f0.3_wd1.0_softmax_ce_s1,200.0,28600.0,
22500,1.0,0.4482235014438629,transformer_add97_f0.3_wd1.0_softmax_ce_s1,200.0,28600.0,
22558,,,,,,0.2058438658714294
22600,1.0,0.4447312355041504,transformer_add97_f0.3_wd1.0_softmax_ce_s1,200.0,28600.0,
22700,1.0,0.4386577606201172,transformer_add97_f0.3_wd1.0_softmax_ce_s1,200.0,28600.0,
22800,1.0,0.4386577606201172,transformer_add97_f0.3_wd1.0_softmax_ce_s1,200.0,28600.0,
22900,1.0,0.43668386340141296,transformer_add97_f0.3_wd1.0_softmax_ce_s1,200.0,28600.0,
23000,1.0,0.43182507157325745,transformer_add97_f0.3_wd1.0_softmax_ce_s1,200.0,28600.0,
23100,1.0,0.4296993613243103,transformer_add97_f0.3_wd1.0_softmax_ce_s1,200.0,28600.0,
23200,1.0,0.4222593307495117,transformer_add97_f0.3_wd1.0_softmax_ce_s1,200.0,28600.0,
23300,1.0,0.4189189076423645,transformer_add97_f0.3_wd1.0_softmax_ce_s1,200.0,28600.0,
23400,1.0,0.4142119586467743,transformer_add97_f0.3_wd1.0_softmax_ce_s1,200.0,28600.0,
23500,0.8080056309700012,0.2687518894672394,transformer_add97_f0.3_wd1.0_softmax_ce_s1,200.0,28600.0,
23600,1.0,0.47358033061027527,transformer_add97_f0.3_wd1.0_softmax_ce_s1,200.0,28600.0,
23700,1.0,0.48830851912498474,transformer_add97_f0.3_wd1.0_softmax_ce_s1,200.0,28600.0,
23800,1.0,0.4801093339920044,transformer_add97_f0.3_wd1.0_softmax_ce_s1,200.0,28600.0,
23900,1.0,0.48253872990608215,transformer_add97_f0.3_wd1.0_softmax_ce_s1,200.0,28600.0,
24000,1.0,0.4881567060947418,transformer_add97_f0.3_wd1.0_softmax_ce_s1,200.0,28600.0,
24100,1.0,0.49013057351112366,transformer_add97_f0.3_wd1.0_softmax_ce_s1,200.0,28600.0,
24200,1.0,0.4896750748157501,transformer_add97_f0.3_wd1.0_softmax_ce_s1,200.0,28600.0,
24232,,,,,,0.2638464868068695
24300,1.0,0.48405709862709045,transformer_add97_f0.3_wd1.0_softmax_ce_s1,200.0,28600.0,
24400,1.0,0.4770725667476654,transformer_add97_f0.3_wd1.0_softmax_ce_s1,200.0,28600.0,
24500,1.0,0.4675068259239197,transformer_add97_f0.3_wd1.0_softmax_ce_s1,200.0,28600.0,
24600,1.0,0.45945945382118225,transformer_add97_f0.3_wd1.0_softmax_ce_s1,200.0,28600.0,
24700,1.0,0.4541451632976532,transformer_add97_f0.3_wd1.0_softmax_ce_s1,200.0,28600.0,
24800,1.0,0.5118433237075806,transformer_add97_f0.3_wd1.0_softmax_ce_s1,200.0,28600.0,
24900,1.0,0.5851806998252869,transformer_add97_f0.3_wd1.0_softmax_ce_s1,200.0,28600.0,
25000,1.0,0.5950500965118408,transformer_add97_f0.3_wd1.0_softmax_ce_s1,200.0,28600.0,
25100,1.0,0.5838141441345215,transformer_add97_f0.3_wd1.0_softmax_ce_s1,200.0,28600.0,
25200,1.0,0.5850288271903992,transformer_add97_f0.3_wd1.0_softmax_ce_s1,200.0,28600.0,
25300,1.0,0.5862435698509216,transformer_add97_f0.3_wd1.0_softmax_ce_s1,200.0,28600.0,
25400,1.0,0.5798664093017578,transformer_add97_f0.3_wd1.0_softmax_ce_s1,200.0,28600.0,
25500,1.0,0.5727300047874451,transformer_add97_f0.3_wd1.0_softmax_ce_s1,200.0,28600.0,
25600,1.0,0.5605830550193787,transformer_add97_f0.3_wd1.0_softmax_ce_s1,200.0,28600.0,
25700,1.0,0.5516246557235718,transformer_add97_f0.3_wd1.0_softmax_ce_s1,200.0,28600.0,
25800,1.0,0.5432736277580261,transformer_add97_f0.3_wd1.0_softmax_ce_s1,200.0,28600.0,
25900,1.0,0.5372000932693481,transformer_add97_f0.3_wd1.0_softmax_ce_s1,200.0,28600.0,
26000,1.0,0.5419070720672607,transformer_add97_f0.3_wd1.0_softmax_ce_s1,200.0,28600.0,
26031,,,,,,0.4616223275661468
26100,1.0,0.6737017631530762,transformer_add97_f0.3_wd1.0_softmax_ce_s1,200.0,28600.0,
26200,1.0,0.6960218548774719,transformer_add97_f0.3_wd1.0_softmax_ce_s1,200.0,28600.0,
26300,1.0,0.6838749051094055,transformer_add97_f0.3_wd1.0_softmax_ce_s1,200.0,28600.0,
26400,1.0,0.6823565363883972,transformer_add97_f0.3_wd1.0_softmax_ce_s1,200.0,28600.0,
26500,1.0,0.6901001930236816,transformer_add97_f0.3_wd1.0_softmax_ce_s1,200.0,28600.0,
26600,1.0,0.6896446943283081,transformer_add97_f0.3_wd1.0_softmax_ce_s1,200.0,28600.0,
26700,1.0,0.6832675337791443,transformer_add97_f0.3_wd1.0_softmax_ce_s1,200.0,28600.0,
26800,1.0,0.6767385601997375,transformer_add97_f0.3_wd1.0_softmax_ce_s1,200.0,28600.0,
26900,1.0,0.6633768677711487,transformer_add97_f0.3_wd1.0_softmax_ce_s1,200.0,28600.0,
27000,1.0,0.646371066570282,transformer_add97_f0.3_wd1.0_softmax_ce_s1,200.0,28600.0,
27100,1.0,0.636653482913971,transformer_add97_f0.3_wd1.0_softmax_ce_s1,200.0,28600.0,
27200,1.0,0.5426662564277649,transformer_add97_f0.3_wd1.0_softmax_ce_s1,200.0,28600.0,
27300,1.0,0.7487093806266785,transformer_add97_f0.3_wd1.0_softmax_ce_s1,200.0,28600.0,
27400,1.0,0.7904646396636963,transformer_add97_f0.3_wd1.0_softmax_ce_s1,200.0,28600.0,
27500,1.0,0.8027634620666504,transformer_add97_f0.3_wd1.0_softmax_ce_s1,200.0,28600.0,
27600,1.0,0.8091406226158142,transformer_add97_f0.3_wd1.0_softmax_ce_s1,200.0,28600.0,
27700,1.0,0.818250834941864,transformer_add97_f0.3_wd1.0_softmax_ce_s1,200.0,28600.0,
27800,1.0,0.8174916505813599,transformer_add97_f0.3_wd1.0_softmax_ce_s1,200.0,28600.0,
27900,1.0,0.8118736743927002,transformer_add97_f0.3_wd1.0_softmax_ce_s1,200.0,28600.0,
27963,,,,,,0.7276493906974792
28000,1.0,0.8015487194061279,transformer_add97_f0.3_wd1.0_softmax_ce_s1,200.0,28600.0,
28100,1.0,0.7928940057754517,transformer_add97_f0.3_wd1.0_softmax_ce_s1,200.0,28600.0,
28200,1.0,0.7862131595611572,transformer_add97_f0.3_wd1.0_softmax_ce_s1,200.0,28600.0,
28300,1.0,0.7760400772094727,transformer_add97_f0.3_wd1.0_softmax_ce_s1,200.0,28600.0,
28400,1.0,0.7670816779136658,transformer_add97_f0.3_wd1.0_softmax_ce_s1,200.0,28600.0,
28500,1.0,0.8392043709754944,transformer_add97_f0.3_wd1.0_softmax_ce_s1,200.0,28600.0,
28600,1.0,0.9066200852394104,transformer_add97_f0.3_wd1.0_softmax_ce_s1,200.0,28600.0,
28700,1.0,0.9322806000709534,transformer_add97_f0.3_wd1.0_softmax_ce_s1,200.0,28600.0,
28800,1.0,0.9360765218734741,transformer_add97_f0.3_wd1.0_softmax_ce_s1,200.0,28600.0,
28900,1.0,0.9505010843276978,transformer_add97_f0.3_wd1.0_softmax_ce_s1,200.0,28600.0,
29000,1.0,0.956574559211731,transformer_add97_f0.3_wd1.0_softmax_ce_s1,200.0,28600.0,
29100,1.0,0.9562708735466003,transformer_add97_f0.3_wd1.0_softmax_ce_s1,200.0,28600.0,
29200,1.0,0.9546006917953491,transformer_add97_f0.3_wd1.0_softmax_ce_s1,200.0,28600.0,
29300,1.0,0.9508047103881836,transformer_add97_f0.3_wd1.0_softmax_ce_s1,200.0,28600.0,
29400,1.0,0.9483753442764282,transformer_add97_f0.3_wd1.0_softmax_ce_s1,200.0,28600.0,
29500,1.0,0.9439720511436462,transformer_add97_f0.3_wd1.0_softmax_ce_s1,200.0,28600.0,
29600,1.0,0.9363802075386047,transformer_add97_f0.3_wd1.0_softmax_ce_s1,200.0,28600.0,
29700,1.0,0.8328272104263306,transformer_add97_f0.3_wd1.0_softmax_ce_s1,200.0,28600.0,
29800,1.0,0.9473124742507935,transformer_add97_f0.3_wd1.0_softmax_ce_s1,200.0,28600.0,
29900,1.0,0.9826905727386475,transformer_add97_f0.3_wd1.0_softmax_ce_s1,200.0,28600.0,
30000,1.0,0.9889158606529236,transformer_add97_f0.3_wd1.0_softmax_ce_s1,200.0,28600.0,
30039,,,,,,0.9877889156341552
30100,1.0,0.9940783381462097,transformer_add97_f0.3_wd1.0_softmax_ce_s1,200.0,28600.0,
30200,1.0,0.9962040781974792,transformer_add97_f0.3_wd1.0_softmax_ce_s1,200.0,28600.0,
30300,1.0,0.9963558912277222,transformer_add97_f0.3_wd1.0_softmax_ce_s1,200.0,28600.0,
30400,1.0,0.9965077638626099,transformer_add97_f0.3_wd1.0_softmax_ce_s1,200.0,28600.0,
30500,1.0,0.9962040781974792,transformer_add97_f0.3_wd1.0_softmax_ce_s1,200.0,28600.0,
30600,1.0,0.9948375225067139,transformer_add97_f0.3_wd1.0_softmax_ce_s1,200.0,28600.0,
30700,1.0,0.992863655090332,transformer_add97_f0.3_wd1.0_softmax_ce_s1,200.0,28600.0,
30800,1.0,0.9904342293739319,transformer_add97_f0.3_wd1.0_softmax_ce_s1,200.0,28600.0,
30900,1.0,0.991193413734436,transformer_add97_f0.3_wd1.0_softmax_ce_s1,200.0,28600.0,
31000,1.0,0.98846036195755,transformer_add97_f0.3_wd1.0_softmax_ce_s1,200.0,28600.0,
31100,1.0,0.9974187612533569,transformer_add97_f0.3_wd1.0_softmax_ce_s1,200.0,28600.0,
31200,1.0,1.0,transformer_add97_f0.3_wd1.0_softmax_ce_s1,200.0,28600.0,
31300,1.0,1.0,transformer_add97_f0.3_wd1.0_softmax_ce_s1,200.0,28600.0,
31400,1.0,1.0,transformer_add97_f0.3_wd1.0_softmax_ce_s1,200.0,28600.0,
31500,1.0,1.0,transformer_add97_f0.3_wd1.0_softmax_ce_s1,200.0,28600.0,
31600,1.0,1.0,transformer_add97_f0.3_wd1.0_softmax_ce_s1,200.0,28600.0,
31700,1.0,1.0,transformer_add97_f0.3_wd1.0_softmax_ce_s1,200.0,28600.0,
31800,1.0,1.0,transformer_add97_f0.3_wd1.0_softmax_ce_s1,200.0,28600.0,
31900,1.0,1.0,transformer_add97_f0.3_wd1.0_softmax_ce_s1,200.0,28600.0,
32000,1.0,1.0,transformer_add97_f0.3_wd1.0_softmax_ce_s1,200.0,28600.0,
32100,1.0,1.0,transformer_add97_f0.3_wd1.0_softmax_ce_s1,200.0,28600.0,
32200,1.0,0.9981779456138611,transformer_add97_f0.3_wd1.0_softmax_ce_s1,200.0,28600.0,
32268,,,,,,1.0
32300,1.0,1.0,transformer_add97_f0.3_wd1.0_softmax_ce_s1,200.0,28600.0,
32400,1.0,1.0,transformer_add97_f0.3_wd1.0_softmax_ce_s1,200.0,28600.0,
32500,1.0,1.0,transformer_add97_f0.3_wd1.0_softmax_ce_s1,200.0,28600.0,
32600,1.0,1.0,transformer_add97_f0.3_wd1.0_softmax_ce_s1,200.0,28600.0,
32700,1.0,1.0,transformer_add97_f0.3_wd1.0_softmax_ce_s1,200.0,28600.0,
32800,1.0,1.0,transformer_add97_f0.3_wd1.0_softmax_ce_s1,200.0,28600.0,
32900,1.0,1.0,transformer_add97_f0.3_wd1.0_softmax_ce_s1,200.0,28600.0,
33000,1.0,1.0,transformer_add97_f0.3_wd1.0_softmax_ce_s1,200.0,28600.0,
33100,1.0,1.0,transformer_add97_f0.3_wd1.0_softmax_ce_s1,200.0,28600.0,
33200,1.0,1.0,transformer_add97_f0.3_wd1.0_softmax_ce_s1,200.0,28600.0,
33300,1.0,0.998329758644104,transformer_add97_f0.3_wd1.0_softmax_ce_s1,200.0,28600.0,
33400,1.0,1.0,transformer_add97_f0.3_wd1.0_softmax_ce_s1,200.0,28600.0,
33500,1.0,1.0,transformer_add97_f0.3_wd1.0_softmax_ce_s1,200.0,28600.0,
33600,1.0,1.0,transformer_add97_f0.3_wd1.0_softmax_ce_s1,200.0,28600.0,
33700,1.0,1.0,transformer_add97_f0.3_wd1.0_softmax_ce_s1,200.0,28600.0,
33800,1.0,1.0,transformer_add97_f0.3_wd1.0_softmax_ce_s1,200.0,28600.0,
33900,1.0,1.0,transformer_add97_f0.3_wd1.0_softmax_ce_s1,200.0,28600.0,
34000,1.0,1.0,transformer_add97_f0.3_wd1.0_softmax_ce_s1,200.0,28600.0,
34100,1.0,1.0,transformer_add97_f0.3_wd1.0_softmax_ce_s1,200.0,28600.0,
34200,1.0,1.0,transformer_add97_f0.3_wd1.0_softmax_ce_s1,200.0,28600.0,
34300,1.0,1.0,transformer_add97_f0.3_wd1.0_softmax_ce_s1,200.0,28600.0,
34400,1.0,1.0,transformer_add97_f0.3_wd1.0_softmax_ce_s1,200.0,28600.0,
34500,1.0,0.9996963143348694,transformer_add97_f0.3_wd1.0_softmax_ce_s1,200.0,28600.0,
34600,1.0,1.0,transformer_add97_f0.3_wd1.0_softmax_ce_s1,200.0,28600.0,
34663,,,,,,1.0
34700,1.0,1.0,transformer_add97_f0.3_wd1.0_softmax_ce_s1,200.0,28600.0,
34800,1.0,1.0,transformer_add97_f0.3_wd1.0_softmax_ce_s1,200.0,28600.0,
34900,1.0,1.0,transformer_add97_f0.3_wd1.0_softmax_ce_s1,200.0,28600.0,
35000,1.0,1.0,transformer_add97_f0.3_wd1.0_softmax_ce_s1,200.0,28600.0,
35100,1.0,1.0,transformer_add97_f0.3_wd1.0_softmax_ce_s1,200.0,28600.0,
35200,1.0,1.0,transformer_add97_f0.3_wd1.0_softmax_ce_s1,200.0,28600.0,
35300,1.0,1.0,transformer_add97_f0.3_wd1.0_softmax_ce_s1,200.0,28600.0,
35400,1.0,1.0,transformer_add97_f0.3_wd1.0_softmax_ce_s1,200.0,28600.0,
35500,1.0,1.0,transformer_add97_f0.3_wd1.0_softmax_ce_s1,200.0,28600.0,
35600,1.0,1.0,transformer_add97_f0.3_wd1.0_softmax_ce_s1,200.0,28600.0,
35700,1.0,1.0,transformer_add97_f0.3_wd1.0_softmax_ce_s1,200.0,28600.0,
35800,1.0,1.0,transformer_add97_f0.3_wd1.0_softmax_ce_s1,200.0,28600.0,
35900,1.0,1.0,transformer_add97_f0.3_wd1.0_softmax_ce_s1,200.0,28600.0,
36000,1.0,1.0,transformer_add97_f0.3_wd1.0_softmax_ce_s1,200.0,28600.0,
36100,1.0,1.0,transformer_add97_f0.3_wd1.0_softmax_ce_s1,200.0,28600.0,
36200,1.0,1.0,transformer_add97_f0.3_wd1.0_softmax_ce_s1,200.0,28600.0,
36300,1.0,1.0,transformer_add97_f0.3_wd1.0_softmax_ce_s1,200.0,28600.0,
36400,1.0,1.0,transformer_add97_f0.3_wd1.0_softmax_ce_s1,200.0,28600.0,
36500,1.0,1.0,transformer_add97_f0.3_wd1.0_softmax_ce_s1,200.0,28600.0,
36600,1.0,1.0,transformer_add97_f0.3_wd1.0_softmax_ce_s1,200.0,28600.0,
36700,1.0,1.0,transformer_add97_f0.3_wd1.0_softmax_ce_s1,200.0,28600.0,
36800,1.0,1.0,transformer_add97_f0.3_wd1.0_softmax_ce_s1,200.0,28600.0,
36900,1.0,0.9993926286697388,transformer_add97_f0.3_wd1.0_softmax_ce_s1,200.0,28600.0,
37000,1.0,1.0,transformer_add97_f0.3_wd1.0_softmax_ce_s1,200.0,28600.0,
37100,1.0,1.0,transformer_add97_f0.3_wd1.0_softmax_ce_s1,200.0,28600.0,
37200,1.0,1.0,transformer_add97_f0.3_wd1.0_softmax_ce_s1,200.0,28600.0,
37236,,,,,,1.0
37300,1.0,1.0,transformer_add97_f0.3_wd1.0_softmax_ce_s1,200.0,28600.0,
37400,1.0,1.0,transformer_add97_f0.3_wd1.0_softmax_ce_s1,200.0,28600.0,
37500,1.0,1.0,transformer_add97_f0.3_wd1.0_softmax_ce_s1,200.0,28600.0,
37600,1.0,1.0,transformer_add97_f0.3_wd1.0_softmax_ce_s1,200.0,28600.0,
37700,1.0,1.0,transformer_add97_f0.3_wd1.0_softmax_ce_s1,200.0,28600.0,
37800,1.0,1.0,transformer_add97_f0.3_wd1.0_softmax_ce_s1,200.0,28600.0,
37900,1.0,1.0,transformer_add97_f0.3_wd1.0_softmax_ce_s1,200.0,28600.0,
38000,1.0,1.0,transformer_add97_f0.3_wd1.0_softmax_ce_s1,200.0,28600.0,
38100,1.0,1.0,transformer_add97_f0.3_wd1.0_softmax_ce_s1,200.0,28600.0,
38200,1.0,1.0,transformer_add97_f0.3_wd1.0_softmax_ce_s1,200.0,28600.0,
38300,1.0,1.0,transformer_add97_f0.3_wd1.0_softmax_ce_s1,200.0,28600.0,
38400,1.0,1.0,transformer_add97_f0.3_wd1.0_softmax_ce_s1,200.0,28600.0,
38500,1.0,1.0,transformer_add97_f0.3_wd1.0_softmax_ce_s1,200.0,28600.0,
38600,1.0,1.0,transformer_add97_f0.3_wd1.0_softmax_ce_s1,200.0,28600.0,
38700,1.0,1.0,transformer_add97_f0.3_wd1.0_softmax_ce_s1,200.0,28600.0,
38800,1.0,1.0,transformer_add97_f0.3_wd1.0_softmax_ce_s1,200.0,28600.0,
38900,1.0,1.0,transformer_add97_f0.3_wd1.0_softmax_ce_s1,200.0,28600.0,
39000,1.0,1.0,transformer_add97_f0.3_wd1.0_softmax_ce_s1,200.0,28600.0,
39100,1.0,1.0,transformer_add97_f0.3_wd1.0_softmax_ce_s1,200.0,28600.0,
39200,1.0,1.0,transformer_add97_f0.3_wd1.0_softmax_ce_s1,200.0,28600.0,
39300,1.0,1.0,transformer_add97_f0.3_wd1.0_softmax_ce_s1,200.0,28600.0,
39400,1.0,1.0,transformer_add97_f0.3_wd1.0_softmax_ce_s1,200.0,28600.0,
39500,1.0,1.0,transformer_add97_f0.3_wd1.0_softmax_ce_s1,200.0,28600.0,
39600,1.0,1.0,transformer_add97_f0.3_wd1.0_softmax_ce_s1,200.0,28600.0,
39700,1.0,1.0,transformer_add97_f0.3_wd1.0_softmax_ce_s1,200.0,28600.0,
39800,1.0,1.0,transformer_add97_f0.3_wd1.0_softmax_ce_s1,200.0,28600.0,
39900,1.0,1.0,transformer_add97_f0.3_wd1.0_softmax_ce_s1,200.0,28600.0,
40000,1.0,1.0,transformer_add97_f0.3_wd1.0_softmax_ce_s1,200.0,28600.0,1.0
