stage,step,dim,birth,death,scale,run,t_g
memorising,3025,0,0.0,4.89410400390625,6.106058120727539,transformer_add113_f0.3_wd0.1_softmax_ce_s0,13000
memorising,3025,0,0.0,4.915555000305176,6.106058120727539,transformer_add113_f0.3_wd0.1_softmax_ce_s0,13000
memorising,3025,0,0.0,5.064577579498291,6.106058120727539,transformer_add113_f0.3_wd0.1_softmax_ce_s0,13000
memorising,3025,0,0.0,5.116640090942383,6.106058120727539,transformer_add113_f0.3_wd0.1_softmax_ce_s0,13000
memorising,3025,0,0.0,5.1247358322143555,6.106058120727539,transformer_add113_f0.3_wd0.1_softmax_ce_s0,13000
memorising,3025,0,0.0,5.12579345703125,6.106058120727539,transformer_add113_f0.3_wd0.1_softmax_ce_s0,13000
memorising,3025,0,0.0,5.142378807067871,6.106058120727539,transformer_add113_f0.3_wd0.1_softmax_ce_s0,13000
memorising,3025,0,0.0,5.145512104034424,6.106058120727539,transformer_add113_f0.3_wd0.1_softmax_ce_s0,13000
memorising,3025,0,0.0,5.146778106689453,6.106058120727539,transformer_add113_f0.3_wd0.1_softmax_ce_s0,13000
memorising,3025,0,0.0,5.153389930725098,6.106058120727539,transformer_add113_f0.3_wd0.1_softmax_ce_s0,13000
memorising,3025,0,0.0,5.1780219078063965,6.106058120727539,transformer_add113_f0.3_wd0.1_softmax_ce_s0,13000
memorising,3025,0,0.0,5.2167067527771,6.106058120727539,transformer_add113_f0.3_wd0.1_softmax_ce_s0,13000
memorising,3025,0,0.0,5.229165554046631,6.106058120727539,transformer_add113_f0.3_wd0.1_softmax_ce_s0,13000
memorising,3025,0,0.0,5.239002704620361,6.106058120727539,transformer_add113_f0.3_wd0.1_softmax_ce_s0,13000
memorising,3025,0,0.0,5.250472545623779,6.106058120727539,transformer_add113_f0.3_wd0.1_softmax_ce_s0,13000
memorising,3025,0,0.0,5.253236770629883,6.106058120727539,transformer_add113_f0.3_wd0.1_softmax_ce_s0,13000
memorising,3025,0,0.0,5.258103847503662,6.106058120727539,transformer_add113_f0.3_wd0.1_softmax_ce_s0,13000
memorising,3025,0,0.0,5.258420944213867,6.106058120727539,transformer_add113_f0.3_wd0.1_softmax_ce_s0,13000
memorising,3025,0,0.0,5.261425018310547,6.106058120727539,transformer_add113_f0.3_wd0.1_softmax_ce_s0,13000
memorising,3025,0,0.0,5.268348217010498,6.106058120727539,transformer_add113_f0.3_wd0.1_softmax_ce_s0,13000
memorising,3025,0,0.0,5.269142150878906,6.106058120727539,transformer_add113_f0.3_wd0.1_softmax_ce_s0,13000
memorising,3025,0,0.0,5.2754716873168945,6.106058120727539,transformer_add113_f0.3_wd0.1_softmax_ce_s0,13000
memorising,3025,0,0.0,5.289236068725586,6.106058120727539,transformer_add113_f0.3_wd0.1_softmax_ce_s0,13000
memorising,3025,0,0.0,5.300660133361816,6.106058120727539,transformer_add113_f0.3_wd0.1_softmax_ce_s0,13000
memorising,3025,0,0.0,5.323379039764404,6.106058120727539,transformer_add113_f0.3_wd0.1_softmax_ce_s0,13000
memorising,3025,0,0.0,5.325016975402832,6.106058120727539,transformer_add113_f0.3_wd0.1_softmax_ce_s0,13000
memorising,3025,0,0.0,5.327123641967773,6.106058120727539,transformer_add113_f0.3_wd0.1_softmax_ce_s0,13000
memorising,3025,0,0.0,5.328699111938477,6.106058120727539,transformer_add113_f0.3_wd0.1_softmax_ce_s0,13000
memorising,3025,0,0.0,5.334166526794434,6.106058120727539,transformer_add113_f0.3_wd0.1_softmax_ce_s0,13000
memorising,3025,0,0.0,5.339666843414307,6.106058120727539,transformer_add113_f0.3_wd0.1_softmax_ce_s0,13000
memorising,3025,0,0.0,5.365196704864502,6.106058120727539,transformer_add113_f0.3_wd0.1_softmax_ce_s0,13000
memorising,3025,0,0.0,5.392282009124756,6.106058120727539,transformer_add113_f0.3_wd0.1_softmax_ce_s0,13000
memorising,3025,0,0.0,5.397032260894775,6.106058120727539,transformer_add113_f0.3_wd0.1_softmax_ce_s0,13000
memorising,3025,0,0.0,5.404294013977051,6.106058120727539,transformer_add113_f0.3_wd0.1_softmax_ce_s0,13000
memorising,3025,0,0.0,5.410963535308838,6.106058120727539,transformer_add113_f0.3_wd0.1_softmax_ce_s0,13000
memorising,3025,0,0.0,5.417785167694092,6.106058120727539,transformer_add113_f0.3_wd0.1_softmax_ce_s0,13000
memorising,3025,0,0.0,5.4182209968566895,6.106058120727539,transformer_add113_f0.3_wd0.1_softmax_ce_s0,13000
memorising,3025,0,0.0,5.420054912567139,6.106058120727539,transformer_add113_f0.3_wd0.1_softmax_ce_s0,13000
memorising,3025,0,0.0,5.423397064208984,6.106058120727539,transformer_add113_f0.3_wd0.1_softmax_ce_s0,13000
memorising,3025,0,0.0,5.42848539352417,6.106058120727539,transformer_add113_f0.3_wd0.1_softmax_ce_s0,13000
memorising,3025,0,0.0,5.452126979827881,6.106058120727539,transformer_add113_f0.3_wd0.1_softmax_ce_s0,13000
memorising,3025,0,0.0,5.459386348724365,6.106058120727539,transformer_add113_f0.3_wd0.1_softmax_ce_s0,13000
memorising,3025,0,0.0,5.460221290588379,6.106058120727539,transformer_add113_f0.3_wd0.1_softmax_ce_s0,13000
memorising,3025,0,0.0,5.472015380859375,6.106058120727539,transformer_add113_f0.3_wd0.1_softmax_ce_s0,13000
memorising,3025,0,0.0,5.489196300506592,6.106058120727539,transformer_add113_f0.3_wd0.1_softmax_ce_s0,13000
memorising,3025,0,0.0,5.498738765716553,6.106058120727539,transformer_add113_f0.3_wd0.1_softmax_ce_s0,13000
memorising,3025,0,0.0,5.5128021240234375,6.106058120727539,transformer_add113_f0.3_wd0.1_softmax_ce_s0,13000
memorising,3025,0,0.0,5.531003952026367,6.106058120727539,transformer_add113_f0.3_wd0.1_softmax_ce_s0,13000
memorising,3025,0,0.0,5.535292625427246,6.106058120727539,transformer_add113_f0.3_wd0.1_softmax_ce_s0,13000
memorising,3025,0,0.0,5.54353141784668,6.106058120727539,transformer_add113_f0.3_wd0.1_softmax_ce_s0,13000
memorising,3025,0,0.0,5.5457563400268555,6.106058120727539,transformer_add113_f0.3_wd0.1_softmax_ce_s0,13000
memorising,3025,0,0.0,5.551655292510986,6.106058120727539,transformer_add113_f0.3_wd0.1_softmax_ce_s0,13000
memorising,3025,0,0.0,5.552334785461426,6.106058120727539,transformer_add113_f0.3_wd0.1_softmax_ce_s0,13000
memorising,3025,0,0.0,5.553903102874756,6.106058120727539,transformer_add113_f0.3_wd0.1_softmax_ce_s0,13000
memorising,3025,0,0.0,5.554871559143066,6.106058120727539,transformer_add113_f0.3_wd0.1_softmax_ce_s0,13000
memorising,3025,0,0.0,5.557992458343506,6.106058120727539,transformer_add113_f0.3_wd0.1_softmax_ce_s0,13000
memorising,3025,0,0.0,5.558263301849365,6.106058120727539,transformer_add113_f0.3_wd0.1_softmax_ce_s0,13000
memorising,3025,0,0.0,5.561856269836426,6.106058120727539,transformer_add113_f0.3_wd0.1_softmax_ce_s0,13000
memorising,3025,0,0.0,5.561966419219971,6.106058120727539,transformer_add113_f0.3_wd0.1_softmax_ce_s0,13000
memorising,3025,0,0.0,5.563012599945068,6.106058120727539,transformer_add113_f0.3_wd0.1_softmax_ce_s0,13000
memorising,3025,0,0.0,5.575762748718262,6.106058120727539,transformer_add113_f0.3_wd0.1_softmax_ce_s0,13000
memorising,3025,0,0.0,5.583670139312744,6.106058120727539,transformer_add113_f0.3_wd0.1_softmax_ce_s0,13000
memorising,3025,0,0.0,5.616305828094482,6.106058120727539,transformer_add113_f0.3_wd0.1_softmax_ce_s0,13000
memorising,3025,0,0.0,5.618510723114014,6.106058120727539,transformer_add113_f0.3_wd0.1_softmax_ce_s0,13000
memorising,3025,0,0.0,5.63758659362793,6.106058120727539,transformer_add113_f0.3_wd0.1_softmax_ce_s0,13000
memorising,3025,0,0.0,5.646360397338867,6.106058120727539,transformer_add113_f0.3_wd0.1_softmax_ce_s0,13000
memorising,3025,0,0.0,5.646531105041504,6.106058120727539,transformer_add113_f0.3_wd0.1_softmax_ce_s0,13000
memorising,3025,0,0.0,5.646581649780273,6.106058120727539,transformer_add113_f0.3_wd0.1_softmax_ce_s0,13000
memorising,3025,0,0.0,5.651287078857422,6.106058120727539,transformer_add113_f0.3_wd0.1_softmax_ce_s0,13000
memorising,3025,0,0.0,5.661285877227783,6.106058120727539,transformer_add113_f0.3_wd0.1_softmax_ce_s0,13000
memorising,3025,0,0.0,5.664536476135254,6.106058120727539,transformer_add113_f0.3_wd0.1_softmax_ce_s0,13000
memorising,3025,0,0.0,5.666472911834717,6.106058120727539,transformer_add113_f0.3_wd0.1_softmax_ce_s0,13000
memorising,3025,0,0.0,5.670803546905518,6.106058120727539,transformer_add113_f0.3_wd0.1_softmax_ce_s0,13000
memorising,3025,0,0.0,5.6722187995910645,6.106058120727539,transformer_add113_f0.3_wd0.1_softmax_ce_s0,13000
memorising,3025,0,0.0,5.672266960144043,6.106058120727539,transformer_add113_f0.3_wd0.1_softmax_ce_s0,13000
memorising,3025,0,0.0,5.675219535827637,6.106058120727539,transformer_add113_f0.3_wd0.1_softmax_ce_s0,13000
memorising,3025,0,0.0,5.6754326820373535,6.106058120727539,transformer_add113_f0.3_wd0.1_softmax_ce_s0,13000
memorising,3025,0,0.0,5.675774574279785,6.106058120727539,transformer_add113_f0.3_wd0.1_softmax_ce_s0,13000
memorising,3025,0,0.0,5.676423072814941,6.106058120727539,transformer_add113_f0.3_wd0.1_softmax_ce_s0,13000
memorising,3025,0,0.0,5.681088447570801,6.106058120727539,transformer_add113_f0.3_wd0.1_softmax_ce_s0,13000
memorising,3025,0,0.0,5.681844234466553,6.106058120727539,transformer_add113_f0.3_wd0.1_softmax_ce_s0,13000
memorising,3025,0,0.0,5.687032699584961,6.106058120727539,transformer_add113_f0.3_wd0.1_softmax_ce_s0,13000
memorising,3025,0,0.0,5.702850341796875,6.106058120727539,transformer_add113_f0.3_wd0.1_softmax_ce_s0,13000
memorising,3025,0,0.0,5.703112602233887,6.106058120727539,transformer_add113_f0.3_wd0.1_softmax_ce_s0,13000
memorising,3025,0,0.0,5.703601360321045,6.106058120727539,transformer_add113_f0.3_wd0.1_softmax_ce_s0,13000
memorising,3025,0,0.0,5.7184576988220215,6.106058120727539,transformer_add113_f0.3_wd0.1_softmax_ce_s0,13000
memorising,3025,0,0.0,5.724651336669922,6.106058120727539,transformer_add113_f0.3_wd0.1_softmax_ce_s0,13000
memorising,3025,0,0.0,5.725035667419434,6.106058120727539,transformer_add113_f0.3_wd0.1_softmax_ce_s0,13000
memorising,3025,0,0.0,5.726171970367432,6.106058120727539,transformer_add113_f0.3_wd0.1_softmax_ce_s0,13000
memorising,3025,0,0.0,5.730316162109375,6.106058120727539,transformer_add113_f0.3_wd0.1_softmax_ce_s0,13000
memorising,3025,0,0.0,5.735233306884766,6.106058120727539,transformer_add113_f0.3_wd0.1_softmax_ce_s0,13000
memorising,3025,0,0.0,5.753884315490723,6.106058120727539,transformer_add113_f0.3_wd0.1_softmax_ce_s0,13000
memorising,3025,0,0.0,5.756468296051025,6.106058120727539,transformer_add113_f0.3_wd0.1_softmax_ce_s0,13000
memorising,3025,0,0.0,5.773627281188965,6.106058120727539,transformer_add113_f0.3_wd0.1_softmax_ce_s0,13000
memorising,3025,0,0.0,5.794130802154541,6.106058120727539,transformer_add113_f0.3_wd0.1_softmax_ce_s0,13000
memorising,3025,0,0.0,5.796820163726807,6.106058120727539,transformer_add113_f0.3_wd0.1_softmax_ce_s0,13000
memorising,3025,0,0.0,5.79866886138916,6.106058120727539,transformer_add113_f0.3_wd0.1_softmax_ce_s0,13000
memorising,3025,0,0.0,5.803011894226074,6.106058120727539,transformer_add113_f0.3_wd0.1_softmax_ce_s0,13000
memorising,3025,0,0.0,5.806404113769531,6.106058120727539,transformer_add113_f0.3_wd0.1_softmax_ce_s0,13000
memorising,3025,0,0.0,5.813026428222656,6.106058120727539,transformer_add113_f0.3_wd0.1_softmax_ce_s0,13000
memorising,3025,0,0.0,5.824000835418701,6.106058120727539,transformer_add113_f0.3_wd0.1_softmax_ce_s0,13000
memorising,3025,0,0.0,5.82415771484375,6.106058120727539,transformer_add113_f0.3_wd0.1_softmax_ce_s0,13000
memorising,3025,0,0.0,5.83052396774292,6.106058120727539,transformer_add113_f0.3_wd0.1_softmax_ce_s0,13000
memorising,3025,0,0.0,5.831806659698486,6.106058120727539,transformer_add113_f0.3_wd0.1_softmax_ce_s0,13000
memorising,3025,0,0.0,5.832858562469482,6.106058120727539,transformer_add113_f0.3_wd0.1_softmax_ce_s0,13000
memorising,3025,0,0.0,5.862430095672607,6.106058120727539,transformer_add113_f0.3_wd0.1_softmax_ce_s0,13000
memorising,3025,0,0.0,5.86818790435791,6.106058120727539,transformer_add113_f0.3_wd0.1_softmax_ce_s0,13000
memorising,3025,0,0.0,5.878007888793945,6.106058120727539,transformer_add113_f0.3_wd0.1_softmax_ce_s0,13000
memorising,3025,0,0.0,5.897767543792725,6.106058120727539,transformer_add113_f0.3_wd0.1_softmax_ce_s0,13000
memorising,3025,0,0.0,5.98589563369751,6.106058120727539,transformer_add113_f0.3_wd0.1_softmax_ce_s0,13000
memorising,3025,0,0.0,6.098022937774658,6.106058120727539,transformer_add113_f0.3_wd0.1_softmax_ce_s0,13000
memorising,3025,0,0.0,6.106058120727539,6.106058120727539,transformer_add113_f0.3_wd0.1_softmax_ce_s0,13000
memorising,3025,1,6.2276763916015625,6.278705596923828,6.106058120727539,transformer_add113_f0.3_wd0.1_softmax_ce_s0,13000
memorising,3025,1,6.17374324798584,6.203354358673096,6.106058120727539,transformer_add113_f0.3_wd0.1_softmax_ce_s0,13000
memorising,3025,1,6.031329154968262,6.042978763580322,6.106058120727539,transformer_add113_f0.3_wd0.1_softmax_ce_s0,13000
memorising,3025,1,6.014346599578857,6.073121070861816,6.106058120727539,transformer_add113_f0.3_wd0.1_softmax_ce_s0,13000
memorising,3025,1,6.0008745193481445,6.0375590324401855,6.106058120727539,transformer_add113_f0.3_wd0.1_softmax_ce_s0,13000
memorising,3025,1,5.993577480316162,6.07219123840332,6.106058120727539,transformer_add113_f0.3_wd0.1_softmax_ce_s0,13000
memorising,3025,1,5.964446067810059,6.067907333374023,6.106058120727539,transformer_add113_f0.3_wd0.1_softmax_ce_s0,13000
memorising,3025,1,5.96347188949585,5.969821453094482,6.106058120727539,transformer_add113_f0.3_wd0.1_softmax_ce_s0,13000
memorising,3025,1,5.959129333496094,6.046955108642578,6.106058120727539,transformer_add113_f0.3_wd0.1_softmax_ce_s0,13000
memorising,3025,1,5.943994998931885,5.945813179016113,6.106058120727539,transformer_add113_f0.3_wd0.1_softmax_ce_s0,13000
memorising,3025,1,5.941259384155273,5.977301120758057,6.106058120727539,transformer_add113_f0.3_wd0.1_softmax_ce_s0,13000
memorising,3025,1,5.933018207550049,6.02383279800415,6.106058120727539,transformer_add113_f0.3_wd0.1_softmax_ce_s0,13000
memorising,3025,1,5.931387424468994,6.001404285430908,6.106058120727539,transformer_add113_f0.3_wd0.1_softmax_ce_s0,13000
memorising,3025,1,5.9055256843566895,6.084715843200684,6.106058120727539,transformer_add113_f0.3_wd0.1_softmax_ce_s0,13000
memorising,3025,1,5.889559745788574,5.943411827087402,6.106058120727539,transformer_add113_f0.3_wd0.1_softmax_ce_s0,13000
memorising,3025,1,5.887946605682373,6.027085781097412,6.106058120727539,transformer_add113_f0.3_wd0.1_softmax_ce_s0,13000
memorising,3025,1,5.883170127868652,5.977746486663818,6.106058120727539,transformer_add113_f0.3_wd0.1_softmax_ce_s0,13000
memorising,3025,1,5.877847194671631,5.957420349121094,6.106058120727539,transformer_add113_f0.3_wd0.1_softmax_ce_s0,13000
memorising,3025,1,5.867568016052246,5.8834967613220215,6.106058120727539,transformer_add113_f0.3_wd0.1_softmax_ce_s0,13000
memorising,3025,1,5.865971565246582,5.870685577392578,6.106058120727539,transformer_add113_f0.3_wd0.1_softmax_ce_s0,13000
memorising,3025,1,5.865236282348633,5.8762593269348145,6.106058120727539,transformer_add113_f0.3_wd0.1_softmax_ce_s0,13000
memorising,3025,1,5.859865665435791,5.877124309539795,6.106058120727539,transformer_add113_f0.3_wd0.1_softmax_ce_s0,13000
memorising,3025,1,5.859376907348633,5.863377571105957,6.106058120727539,transformer_add113_f0.3_wd0.1_softmax_ce_s0,13000
memorising,3025,1,5.82302713394165,5.955951690673828,6.106058120727539,transformer_add113_f0.3_wd0.1_softmax_ce_s0,13000
memorising,3025,1,5.8115034103393555,5.8330841064453125,6.106058120727539,transformer_add113_f0.3_wd0.1_softmax_ce_s0,13000
memorising,3025,1,5.8071608543396,5.914195537567139,6.106058120727539,transformer_add113_f0.3_wd0.1_softmax_ce_s0,13000
memorising,3025,1,5.800876617431641,5.864668369293213,6.106058120727539,transformer_add113_f0.3_wd0.1_softmax_ce_s0,13000
memorising,3025,1,5.780135631561279,5.825524806976318,6.106058120727539,transformer_add113_f0.3_wd0.1_softmax_ce_s0,13000
memorising,3025,1,5.770237922668457,5.809251308441162,6.106058120727539,transformer_add113_f0.3_wd0.1_softmax_ce_s0,13000
memorising,3025,1,5.7670392990112305,5.800394535064697,6.106058120727539,transformer_add113_f0.3_wd0.1_softmax_ce_s0,13000
memorising,3025,1,5.762365341186523,5.834338188171387,6.106058120727539,transformer_add113_f0.3_wd0.1_softmax_ce_s0,13000
memorising,3025,1,5.758753299713135,5.7751007080078125,6.106058120727539,transformer_add113_f0.3_wd0.1_softmax_ce_s0,13000
memorising,3025,1,5.738428115844727,5.929173469543457,6.106058120727539,transformer_add113_f0.3_wd0.1_softmax_ce_s0,13000
memorising,3025,1,5.736769676208496,5.81127405166626,6.106058120727539,transformer_add113_f0.3_wd0.1_softmax_ce_s0,13000
memorising,3025,1,5.725623607635498,5.9453206062316895,6.106058120727539,transformer_add113_f0.3_wd0.1_softmax_ce_s0,13000
memorising,3025,1,5.721868515014648,5.840694904327393,6.106058120727539,transformer_add113_f0.3_wd0.1_softmax_ce_s0,13000
memorising,3025,1,5.716194152832031,5.754754543304443,6.106058120727539,transformer_add113_f0.3_wd0.1_softmax_ce_s0,13000
memorising,3025,1,5.706624507904053,5.864668369293213,6.106058120727539,transformer_add113_f0.3_wd0.1_softmax_ce_s0,13000
memorising,3025,1,5.695105075836182,5.702409267425537,6.106058120727539,transformer_add113_f0.3_wd0.1_softmax_ce_s0,13000
memorising,3025,1,5.69352388381958,5.78695011138916,6.106058120727539,transformer_add113_f0.3_wd0.1_softmax_ce_s0,13000
memorising,3025,1,5.685831069946289,5.926019191741943,6.106058120727539,transformer_add113_f0.3_wd0.1_softmax_ce_s0,13000
memorising,3025,1,5.67663049697876,5.897719860076904,6.106058120727539,transformer_add113_f0.3_wd0.1_softmax_ce_s0,13000
memorising,3025,1,5.6757636070251465,5.807487964630127,6.106058120727539,transformer_add113_f0.3_wd0.1_softmax_ce_s0,13000
memorising,3025,1,5.669573783874512,5.851917266845703,6.106058120727539,transformer_add113_f0.3_wd0.1_softmax_ce_s0,13000
memorising,3025,1,5.660728931427002,5.807487964630127,6.106058120727539,transformer_add113_f0.3_wd0.1_softmax_ce_s0,13000
memorising,3025,1,5.656513690948486,5.8770751953125,6.106058120727539,transformer_add113_f0.3_wd0.1_softmax_ce_s0,13000
memorising,3025,1,5.638678073883057,5.765529632568359,6.106058120727539,transformer_add113_f0.3_wd0.1_softmax_ce_s0,13000
memorising,3025,1,5.637838840484619,5.6534624099731445,6.106058120727539,transformer_add113_f0.3_wd0.1_softmax_ce_s0,13000
memorising,3025,1,5.634033679962158,5.716073036193848,6.106058120727539,transformer_add113_f0.3_wd0.1_softmax_ce_s0,13000
memorising,3025,1,5.62966775894165,5.732321262359619,6.106058120727539,transformer_add113_f0.3_wd0.1_softmax_ce_s0,13000
memorising,3025,1,5.627935886383057,5.7719502449035645,6.106058120727539,transformer_add113_f0.3_wd0.1_softmax_ce_s0,13000
memorising,3025,1,5.625292778015137,5.644236087799072,6.106058120727539,transformer_add113_f0.3_wd0.1_softmax_ce_s0,13000
memorising,3025,1,5.62462043762207,5.656162261962891,6.106058120727539,transformer_add113_f0.3_wd0.1_softmax_ce_s0,13000
memorising,3025,1,5.623739242553711,5.768575668334961,6.106058120727539,transformer_add113_f0.3_wd0.1_softmax_ce_s0,13000
memorising,3025,1,5.614555835723877,5.7148332595825195,6.106058120727539,transformer_add113_f0.3_wd0.1_softmax_ce_s0,13000
memorising,3025,1,5.602696418762207,5.632595539093018,6.106058120727539,transformer_add113_f0.3_wd0.1_softmax_ce_s0,13000
memorising,3025,1,5.601016521453857,5.694464206695557,6.106058120727539,transformer_add113_f0.3_wd0.1_softmax_ce_s0,13000
memorising,3025,1,5.59682559967041,5.7719502449035645,6.106058120727539,transformer_add113_f0.3_wd0.1_softmax_ce_s0,13000
memorising,3025,1,5.566854953765869,5.709610462188721,6.106058120727539,transformer_add113_f0.3_wd0.1_softmax_ce_s0,13000
memorising,3025,1,5.56386661529541,5.597869396209717,6.106058120727539,transformer_add113_f0.3_wd0.1_softmax_ce_s0,13000
memorising,3025,1,5.545853614807129,5.633677005767822,6.106058120727539,transformer_add113_f0.3_wd0.1_softmax_ce_s0,13000
memorising,3025,1,5.544702053070068,5.6217122077941895,6.106058120727539,transformer_add113_f0.3_wd0.1_softmax_ce_s0,13000
memorising,3025,1,5.535107612609863,5.633907318115234,6.106058120727539,transformer_add113_f0.3_wd0.1_softmax_ce_s0,13000
memorising,3025,1,5.534696578979492,5.582574844360352,6.106058120727539,transformer_add113_f0.3_wd0.1_softmax_ce_s0,13000
memorising,3025,1,5.527815818786621,5.6217122077941895,6.106058120727539,transformer_add113_f0.3_wd0.1_softmax_ce_s0,13000
memorising,3025,1,5.525069713592529,5.698674201965332,6.106058120727539,transformer_add113_f0.3_wd0.1_softmax_ce_s0,13000
memorising,3025,1,5.514219760894775,5.587201118469238,6.106058120727539,transformer_add113_f0.3_wd0.1_softmax_ce_s0,13000
memorising,3025,1,5.510659694671631,5.58892822265625,6.106058120727539,transformer_add113_f0.3_wd0.1_softmax_ce_s0,13000
memorising,3025,1,5.496282577514648,5.559495449066162,6.106058120727539,transformer_add113_f0.3_wd0.1_softmax_ce_s0,13000
memorising,3025,1,5.464184284210205,5.681857585906982,6.106058120727539,transformer_add113_f0.3_wd0.1_softmax_ce_s0,13000
memorising,3025,1,5.3931660652160645,5.483213424682617,6.106058120727539,transformer_add113_f0.3_wd0.1_softmax_ce_s0,13000
memorising,3025,1,5.326388359069824,5.525836944580078,6.106058120727539,transformer_add113_f0.3_wd0.1_softmax_ce_s0,13000
memorising,3025,1,5.318788528442383,5.3563690185546875,6.106058120727539,transformer_add113_f0.3_wd0.1_softmax_ce_s0,13000
memorising,3025,1,5.310957908630371,5.540125846862793,6.106058120727539,transformer_add113_f0.3_wd0.1_softmax_ce_s0,13000
memorising,3025,1,5.284884929656982,5.513123035430908,6.106058120727539,transformer_add113_f0.3_wd0.1_softmax_ce_s0,13000
grokking,13109,0,0.0,0.4817679226398468,0.7357578873634338,transformer_add113_f0.3_wd0.1_softmax_ce_s0,13000
grokking,13109,0,0.0,0.49045252799987793,0.7357578873634338,transformer_add113_f0.3_wd0.1_softmax_ce_s0,13000
grokking,13109,0,0.0,0.506918728351593,0.7357578873634338,transformer_add113_f0.3_wd0.1_softmax_ce_s0,13000
grokking,13109,0,0.0,0.5104529857635498,0.7357578873634338,transformer_add113_f0.3_wd0.1_softmax_ce_s0,13000
grokking,13109,0,0.0,0.5271705389022827,0.7357578873634338,transformer_add113_f0.3_wd0.1_softmax_ce_s0,13000
grokking,13109,0,0.0,0.52828449010849,0.7357578873634338,transformer_add113_f0.3_wd0.1_softmax_ce_s0,13000
grokking,13109,0,0.0,0.5299265384674072,0.7357578873634338,transformer_add113_f0.3_wd0.1_softmax_ce_s0,13000
grokking,13109,0,0.0,0.534074068069458,0.7357578873634338,transformer_add113_f0.3_wd0.1_softmax_ce_s0,13000
grokking,13109,0,0.0,0.5360323786735535,0.7357578873634338,transformer_add113_f0.3_wd0.1_softmax_ce_s0,13000
grokking,13109,0,0.0,0.5376795530319214,0.7357578873634338,transformer_add113_f0.3_wd0.1_softmax_ce_s0,13000
grokking,13109,0,0.0,0.5442487001419067,0.7357578873634338,transformer_add113_f0.3_wd0.1_softmax_ce_s0,13000
grokking,13109,0,0.0,0.5461781620979309,0.7357578873634338,transformer_add113_f0.3_wd0.1_softmax_ce_s0,13000
grokking,13109,0,0.0,0.5465050935745239,0.7357578873634338,transformer_add113_f0.3_wd0.1_softmax_ce_s0,13000
grokking,13109,0,0.0,0.546537458896637,0.7357578873634338,transformer_add113_f0.3_wd0.1_softmax_ce_s0,13000
grokking,13109,0,0.0,0.5483006834983826,0.7357578873634338,transformer_add113_f0.3_wd0.1_softmax_ce_s0,13000
grokking,13109,0,0.0,0.54842209815979,0.7357578873634338,transformer_add113_f0.3_wd0.1_softmax_ce_s0,13000
grokking,13109,0,0.0,0.5498334765434265,0.7357578873634338,transformer_add113_f0.3_wd0.1_softmax_ce_s0,13000
grokking,13109,0,0.0,0.5505680441856384,0.7357578873634338,transformer_add113_f0.3_wd0.1_softmax_ce_s0,13000
grokking,13109,0,0.0,0.5508807301521301,0.7357578873634338,transformer_add113_f0.3_wd0.1_softmax_ce_s0,13000
grokking,13109,0,0.0,0.5512182116508484,0.7357578873634338,transformer_add113_f0.3_wd0.1_softmax_ce_s0,13000
grokking,13109,0,0.0,0.5540774464607239,0.7357578873634338,transformer_add113_f0.3_wd0.1_softmax_ce_s0,13000
grokking,13109,0,0.0,0.5542060136795044,0.7357578873634338,transformer_add113_f0.3_wd0.1_softmax_ce_s0,13000
grokking,13109,0,0.0,0.554558277130127,0.7357578873634338,transformer_add113_f0.3_wd0.1_softmax_ce_s0,13000
grokking,13109,0,0.0,0.5571662187576294,0.7357578873634338,transformer_add113_f0.3_wd0.1_softmax_ce_s0,13000
grokking,13109,0,0.0,0.5583769083023071,0.7357578873634338,transformer_add113_f0.3_wd0.1_softmax_ce_s0,13000
grokking,13109,0,0.0,0.5605821013450623,0.7357578873634338,transformer_add113_f0.3_wd0.1_softmax_ce_s0,13000
grokking,13109,0,0.0,0.5626426935195923,0.7357578873634338,transformer_add113_f0.3_wd0.1_softmax_ce_s0,13000
grokking,13109,0,0.0,0.5629103779792786,0.7357578873634338,transformer_add113_f0.3_wd0.1_softmax_ce_s0,13000
grokking,13109,0,0.0,0.5631743669509888,0.7357578873634338,transformer_add113_f0.3_wd0.1_softmax_ce_s0,13000
grokking,13109,0,0.0,0.5640880465507507,0.7357578873634338,transformer_add113_f0.3_wd0.1_softmax_ce_s0,13000
grokking,13109,0,0.0,0.5656164288520813,0.7357578873634338,transformer_add113_f0.3_wd0.1_softmax_ce_s0,13000
grokking,13109,0,0.0,0.5686540603637695,0.7357578873634338,transformer_add113_f0.3_wd0.1_softmax_ce_s0,13000
grokking,13109,0,0.0,0.577357828617096,0.7357578873634338,transformer_add113_f0.3_wd0.1_softmax_ce_s0,13000
grokking,13109,0,0.0,0.5793548822402954,0.7357578873634338,transformer_add113_f0.3_wd0.1_softmax_ce_s0,13000
grokking,13109,0,0.0,0.5836470723152161,0.7357578873634338,transformer_add113_f0.3_wd0.1_softmax_ce_s0,13000
grokking,13109,0,0.0,0.5863643288612366,0.7357578873634338,transformer_add113_f0.3_wd0.1_softmax_ce_s0,13000
grokking,13109,0,0.0,0.5884625315666199,0.7357578873634338,transformer_add113_f0.3_wd0.1_softmax_ce_s0,13000
grokking,13109,0,0.0,0.5904622077941895,0.7357578873634338,transformer_add113_f0.3_wd0.1_softmax_ce_s0,13000
grokking,13109,0,0.0,0.5917308926582336,0.7357578873634338,transformer_add113_f0.3_wd0.1_softmax_ce_s0,13000
grokking,13109,0,0.0,0.5930120944976807,0.7357578873634338,transformer_add113_f0.3_wd0.1_softmax_ce_s0,13000
grokking,13109,0,0.0,0.5930965542793274,0.7357578873634338,transformer_add113_f0.3_wd0.1_softmax_ce_s0,13000
grokking,13109,0,0.0,0.5951652526855469,0.7357578873634338,transformer_add113_f0.3_wd0.1_softmax_ce_s0,13000
grokking,13109,0,0.0,0.5956847667694092,0.7357578873634338,transformer_add113_f0.3_wd0.1_softmax_ce_s0,13000
grokking,13109,0,0.0,0.595824658870697,0.7357578873634338,transformer_add113_f0.3_wd0.1_softmax_ce_s0,13000
grokking,13109,0,0.0,0.5958763957023621,0.7357578873634338,transformer_add113_f0.3_wd0.1_softmax_ce_s0,13000
grokking,13109,0,0.0,0.600617527961731,0.7357578873634338,transformer_add113_f0.3_wd0.1_softmax_ce_s0,13000
grokking,13109,0,0.0,0.6011250615119934,0.7357578873634338,transformer_add113_f0.3_wd0.1_softmax_ce_s0,13000
grokking,13109,0,0.0,0.6012136340141296,0.7357578873634338,transformer_add113_f0.3_wd0.1_softmax_ce_s0,13000
grokking,13109,0,0.0,0.6020294427871704,0.7357578873634338,transformer_add113_f0.3_wd0.1_softmax_ce_s0,13000
grokking,13109,0,0.0,0.6040786504745483,0.7357578873634338,transformer_add113_f0.3_wd0.1_softmax_ce_s0,13000
grokking,13109,0,0.0,0.6051937937736511,0.7357578873634338,transformer_add113_f0.3_wd0.1_softmax_ce_s0,13000
grokking,13109,0,0.0,0.6064434051513672,0.7357578873634338,transformer_add113_f0.3_wd0.1_softmax_ce_s0,13000
grokking,13109,0,0.0,0.6069327592849731,0.7357578873634338,transformer_add113_f0.3_wd0.1_softmax_ce_s0,13000
grokking,13109,0,0.0,0.6082009077072144,0.7357578873634338,transformer_add113_f0.3_wd0.1_softmax_ce_s0,13000
grokking,13109,0,0.0,0.6134198307991028,0.7357578873634338,transformer_add113_f0.3_wd0.1_softmax_ce_s0,13000
grokking,13109,0,0.0,0.6137084364891052,0.7357578873634338,transformer_add113_f0.3_wd0.1_softmax_ce_s0,13000
grokking,13109,0,0.0,0.61496502161026,0.7357578873634338,transformer_add113_f0.3_wd0.1_softmax_ce_s0,13000
grokking,13109,0,0.0,0.6170862317085266,0.7357578873634338,transformer_add113_f0.3_wd0.1_softmax_ce_s0,13000
grokking,13109,0,0.0,0.6181740760803223,0.7357578873634338,transformer_add113_f0.3_wd0.1_softmax_ce_s0,13000
grokking,13109,0,0.0,0.6185153126716614,0.7357578873634338,transformer_add113_f0.3_wd0.1_softmax_ce_s0,13000
grokking,13109,0,0.0,0.6190797090530396,0.7357578873634338,transformer_add113_f0.3_wd0.1_softmax_ce_s0,13000
grokking,13109,0,0.0,0.6190798878669739,0.7357578873634338,transformer_add113_f0.3_wd0.1_softmax_ce_s0,13000
grokking,13109,0,0.0,0.620280921459198,0.7357578873634338,transformer_add113_f0.3_wd0.1_softmax_ce_s0,13000
grokking,13109,0,0.0,0.6220327019691467,0.7357578873634338,transformer_add113_f0.3_wd0.1_softmax_ce_s0,13000
grokking,13109,0,0.0,0.6224897503852844,0.7357578873634338,transformer_add113_f0.3_wd0.1_softmax_ce_s0,13000
grokking,13109,0,0.0,0.6229867339134216,0.7357578873634338,transformer_add113_f0.3_wd0.1_softmax_ce_s0,13000
grokking,13109,0,0.0,0.6269609928131104,0.7357578873634338,transformer_add113_f0.3_wd0.1_softmax_ce_s0,13000
grokking,13109,0,0.0,0.6271399259567261,0.7357578873634338,transformer_add113_f0.3_wd0.1_softmax_ce_s0,13000
grokking,13109,0,0.0,0.6277520060539246,0.7357578873634338,transformer_add113_f0.3_wd0.1_softmax_ce_s0,13000
grokking,13109,0,0.0,0.6285341382026672,0.7357578873634338,transformer_add113_f0.3_wd0.1_softmax_ce_s0,13000
grokking,13109,0,0.0,0.63006591796875,0.7357578873634338,transformer_add113_f0.3_wd0.1_softmax_ce_s0,13000
grokking,13109,0,0.0,0.6315715312957764,0.7357578873634338,transformer_add113_f0.3_wd0.1_softmax_ce_s0,13000
grokking,13109,0,0.0,0.6322144865989685,0.7357578873634338,transformer_add113_f0.3_wd0.1_softmax_ce_s0,13000
grokking,13109,0,0.0,0.6338146924972534,0.7357578873634338,transformer_add113_f0.3_wd0.1_softmax_ce_s0,13000
grokking,13109,0,0.0,0.6339228749275208,0.7357578873634338,transformer_add113_f0.3_wd0.1_softmax_ce_s0,13000
grokking,13109,0,0.0,0.6356179118156433,0.7357578873634338,transformer_add113_f0.3_wd0.1_softmax_ce_s0,13000
grokking,13109,0,0.0,0.6364161372184753,0.7357578873634338,transformer_add113_f0.3_wd0.1_softmax_ce_s0,13000
grokking,13109,0,0.0,0.6384032964706421,0.7357578873634338,transformer_add113_f0.3_wd0.1_softmax_ce_s0,13000
grokking,13109,0,0.0,0.6390109062194824,0.7357578873634338,transformer_add113_f0.3_wd0.1_softmax_ce_s0,13000
grokking,13109,0,0.0,0.641024112701416,0.7357578873634338,transformer_add113_f0.3_wd0.1_softmax_ce_s0,13000
grokking,13109,0,0.0,0.6517319679260254,0.7357578873634338,transformer_add113_f0.3_wd0.1_softmax_ce_s0,13000
grokking,13109,0,0.0,0.6523332595825195,0.7357578873634338,transformer_add113_f0.3_wd0.1_softmax_ce_s0,13000
grokking,13109,0,0.0,0.6539397835731506,0.7357578873634338,transformer_add113_f0.3_wd0.1_softmax_ce_s0,13000
grokking,13109,0,0.0,0.6567283272743225,0.7357578873634338,transformer_add113_f0.3_wd0.1_softmax_ce_s0,13000
grokking,13109,0,0.0,0.6585731506347656,0.7357578873634338,transformer_add113_f0.3_wd0.1_softmax_ce_s0,13000
grokking,13109,0,0.0,0.6595974564552307,0.7357578873634338,transformer_add113_f0.3_wd0.1_softmax_ce_s0,13000
grokking,13109,0,0.0,0.6611008048057556,0.7357578873634338,transformer_add113_f0.3_wd0.1_softmax_ce_s0,13000
grokking,13109,0,0.0,0.662583589553833,0.7357578873634338,transformer_add113_f0.3_wd0.1_softmax_ce_s0,13000
grokking,13109,0,0.0,0.6627508401870728,0.7357578873634338,transformer_add113_f0.3_wd0.1_softmax_ce_s0,13000
grokking,13109,0,0.0,0.6631776690483093,0.7357578873634338,transformer_add113_f0.3_wd0.1_softmax_ce_s0,13000
grokking,13109,0,0.0,0.6637573838233948,0.7357578873634338,transformer_add113_f0.3_wd0.1_softmax_ce_s0,13000
grokking,13109,0,0.0,0.6638466715812683,0.7357578873634338,transformer_add113_f0.3_wd0.1_softmax_ce_s0,13000
grokking,13109,0,0.0,0.6679489016532898,0.7357578873634338,transformer_add113_f0.3_wd0.1_softmax_ce_s0,13000
grokking,13109,0,0.0,0.668895959854126,0.7357578873634338,transformer_add113_f0.3_wd0.1_softmax_ce_s0,13000
grokking,13109,0,0.0,0.6719011664390564,0.7357578873634338,transformer_add113_f0.3_wd0.1_softmax_ce_s0,13000
grokking,13109,0,0.0,0.6732722520828247,0.7357578873634338,transformer_add113_f0.3_wd0.1_softmax_ce_s0,13000
grokking,13109,0,0.0,0.673295259475708,0.7357578873634338,transformer_add113_f0.3_wd0.1_softmax_ce_s0,13000
grokking,13109,0,0.0,0.6742599606513977,0.7357578873634338,transformer_add113_f0.3_wd0.1_softmax_ce_s0,13000
grokking,13109,0,0.0,0.677283525466919,0.7357578873634338,transformer_add113_f0.3_wd0.1_softmax_ce_s0,13000
grokking,13109,0,0.0,0.6781385540962219,0.7357578873634338,transformer_add113_f0.3_wd0.1_softmax_ce_s0,13000
grokking,13109,0,0.0,0.6797657608985901,0.7357578873634338,transformer_add113_f0.3_wd0.1_softmax_ce_s0,13000
grokking,13109,0,0.0,0.681007981300354,0.7357578873634338,transformer_add113_f0.3_wd0.1_softmax_ce_s0,13000
grokking,13109,0,0.0,0.6821291446685791,0.7357578873634338,transformer_add113_f0.3_wd0.1_softmax_ce_s0,13000
grokking,13109,0,0.0,0.6826322078704834,0.7357578873634338,transformer_add113_f0.3_wd0.1_softmax_ce_s0,13000
grokking,13109,0,0.0,0.6866555213928223,0.7357578873634338,transformer_add113_f0.3_wd0.1_softmax_ce_s0,13000
grokking,13109,0,0.0,0.6959112286567688,0.7357578873634338,transformer_add113_f0.3_wd0.1_softmax_ce_s0,13000
grokking,13109,0,0.0,0.6984279751777649,0.7357578873634338,transformer_add113_f0.3_wd0.1_softmax_ce_s0,13000
grokking,13109,0,0.0,0.7015843391418457,0.7357578873634338,transformer_add113_f0.3_wd0.1_softmax_ce_s0,13000
grokking,13109,0,0.0,0.705803632736206,0.7357578873634338,transformer_add113_f0.3_wd0.1_softmax_ce_s0,13000
grokking,13109,0,0.0,0.7101818919181824,0.7357578873634338,transformer_add113_f0.3_wd0.1_softmax_ce_s0,13000
grokking,13109,0,0.0,0.7208600044250488,0.7357578873634338,transformer_add113_f0.3_wd0.1_softmax_ce_s0,13000
grokking,13109,0,0.0,0.7357578873634338,0.7357578873634338,transformer_add113_f0.3_wd0.1_softmax_ce_s0,13000
grokking,13109,1,0.7264922261238098,0.7326804399490356,0.7357578873634338,transformer_add113_f0.3_wd0.1_softmax_ce_s0,13000
grokking,13109,1,0.7237036824226379,0.7477033734321594,0.7357578873634338,transformer_add113_f0.3_wd0.1_softmax_ce_s0,13000
grokking,13109,1,0.7141345739364624,0.7476495504379272,0.7357578873634338,transformer_add113_f0.3_wd0.1_softmax_ce_s0,13000
grokking,13109,1,0.6988605260848999,0.7075739502906799,0.7357578873634338,transformer_add113_f0.3_wd0.1_softmax_ce_s0,13000
grokking,13109,1,0.6924870610237122,0.6962850093841553,0.7357578873634338,transformer_add113_f0.3_wd0.1_softmax_ce_s0,13000
grokking,13109,1,0.6880277395248413,0.7045066952705383,0.7357578873634338,transformer_add113_f0.3_wd0.1_softmax_ce_s0,13000
grokking,13109,1,0.6834884881973267,0.7014283537864685,0.7357578873634338,transformer_add113_f0.3_wd0.1_softmax_ce_s0,13000
grokking,13109,1,0.6824114918708801,0.6834544539451599,0.7357578873634338,transformer_add113_f0.3_wd0.1_softmax_ce_s0,13000
grokking,13109,1,0.6811435222625732,0.6874144077301025,0.7357578873634338,transformer_add113_f0.3_wd0.1_softmax_ce_s0,13000
grokking,13109,1,0.6806366443634033,0.6970946192741394,0.7357578873634338,transformer_add113_f0.3_wd0.1_softmax_ce_s0,13000
grokking,13109,1,0.6804437637329102,0.7134673595428467,0.7357578873634338,transformer_add113_f0.3_wd0.1_softmax_ce_s0,13000
grokking,13109,1,0.6776680946350098,0.688870370388031,0.7357578873634338,transformer_add113_f0.3_wd0.1_softmax_ce_s0,13000
grokking,13109,1,0.6775035858154297,0.6827343702316284,0.7357578873634338,transformer_add113_f0.3_wd0.1_softmax_ce_s0,13000
grokking,13109,1,0.6770551800727844,0.6851712465286255,0.7357578873634338,transformer_add113_f0.3_wd0.1_softmax_ce_s0,13000
grokking,13109,1,0.673796534538269,0.6979215145111084,0.7357578873634338,transformer_add113_f0.3_wd0.1_softmax_ce_s0,13000
grokking,13109,1,0.6734226942062378,0.7082855701446533,0.7357578873634338,transformer_add113_f0.3_wd0.1_softmax_ce_s0,13000
grokking,13109,1,0.6720133423805237,0.6819629073143005,0.7357578873634338,transformer_add113_f0.3_wd0.1_softmax_ce_s0,13000
grokking,13109,1,0.6678676009178162,0.7027378678321838,0.7357578873634338,transformer_add113_f0.3_wd0.1_softmax_ce_s0,13000
grokking,13109,1,0.6670700907707214,0.6674686670303345,0.7357578873634338,transformer_add113_f0.3_wd0.1_softmax_ce_s0,13000
grokking,13109,1,0.6661370992660522,0.6832940578460693,0.7357578873634338,transformer_add113_f0.3_wd0.1_softmax_ce_s0,13000
grokking,13109,1,0.6657283306121826,0.6849990487098694,0.7357578873634338,transformer_add113_f0.3_wd0.1_softmax_ce_s0,13000
grokking,13109,1,0.6652270555496216,0.6713495850563049,0.7357578873634338,transformer_add113_f0.3_wd0.1_softmax_ce_s0,13000
grokking,13109,1,0.6648901700973511,0.6684852242469788,0.7357578873634338,transformer_add113_f0.3_wd0.1_softmax_ce_s0,13000
grokking,13109,1,0.664152204990387,0.6691967844963074,0.7357578873634338,transformer_add113_f0.3_wd0.1_softmax_ce_s0,13000
grokking,13109,1,0.6591755151748657,0.6836755275726318,0.7357578873634338,transformer_add113_f0.3_wd0.1_softmax_ce_s0,13000
grokking,13109,1,0.6572586894035339,0.668158769607544,0.7357578873634338,transformer_add113_f0.3_wd0.1_softmax_ce_s0,13000
grokking,13109,1,0.6568715572357178,0.6699249744415283,0.7357578873634338,transformer_add113_f0.3_wd0.1_softmax_ce_s0,13000
grokking,13109,1,0.6485114693641663,0.6524089574813843,0.7357578873634338,transformer_add113_f0.3_wd0.1_softmax_ce_s0,13000
grokking,13109,1,0.6465488076210022,0.6478596925735474,0.7357578873634338,transformer_add113_f0.3_wd0.1_softmax_ce_s0,13000
grokking,13109,1,0.6422644853591919,0.6521053314208984,0.7357578873634338,transformer_add113_f0.3_wd0.1_softmax_ce_s0,13000
grokking,13109,1,0.6422482132911682,0.6585062742233276,0.7357578873634338,transformer_add113_f0.3_wd0.1_softmax_ce_s0,13000
grokking,13109,1,0.6407482028007507,0.6612959504127502,0.7357578873634338,transformer_add113_f0.3_wd0.1_softmax_ce_s0,13000
grokking,13109,1,0.6380833387374878,0.6533222794532776,0.7357578873634338,transformer_add113_f0.3_wd0.1_softmax_ce_s0,13000
grokking,13109,1,0.6380627155303955,0.6585062742233276,0.7357578873634338,transformer_add113_f0.3_wd0.1_softmax_ce_s0,13000
grokking,13109,1,0.6355828642845154,0.6382017731666565,0.7357578873634338,transformer_add113_f0.3_wd0.1_softmax_ce_s0,13000
grokking,13109,1,0.6352382302284241,0.6478596925735474,0.7357578873634338,transformer_add113_f0.3_wd0.1_softmax_ce_s0,13000
grokking,13109,1,0.6350979804992676,0.6484020352363586,0.7357578873634338,transformer_add113_f0.3_wd0.1_softmax_ce_s0,13000
grokking,13109,1,0.6350254416465759,0.6906666159629822,0.7357578873634338,transformer_add113_f0.3_wd0.1_softmax_ce_s0,13000
grokking,13109,1,0.6329603791236877,0.6468793153762817,0.7357578873634338,transformer_add113_f0.3_wd0.1_softmax_ce_s0,13000
grokking,13109,1,0.6265226006507874,0.6382017731666565,0.7357578873634338,transformer_add113_f0.3_wd0.1_softmax_ce_s0,13000
grokking,13109,1,0.6240992546081543,0.6382017731666565,0.7357578873634338,transformer_add113_f0.3_wd0.1_softmax_ce_s0,13000
grokking,13109,1,0.623940646648407,0.6570553183555603,0.7357578873634338,transformer_add113_f0.3_wd0.1_softmax_ce_s0,13000
grokking,13109,1,0.620145857334137,0.6298555731773376,0.7357578873634338,transformer_add113_f0.3_wd0.1_softmax_ce_s0,13000
grokking,13109,1,0.6170992851257324,0.6303227543830872,0.7357578873634338,transformer_add113_f0.3_wd0.1_softmax_ce_s0,13000
grokking,13109,1,0.6170843243598938,0.6176416873931885,0.7357578873634338,transformer_add113_f0.3_wd0.1_softmax_ce_s0,13000
grokking,13109,1,0.6138197183609009,0.6184918880462646,0.7357578873634338,transformer_add113_f0.3_wd0.1_softmax_ce_s0,13000
grokking,13109,1,0.6138091683387756,0.6146765351295471,0.7357578873634338,transformer_add113_f0.3_wd0.1_softmax_ce_s0,13000
grokking,13109,1,0.6136250495910645,0.6293585896492004,0.7357578873634338,transformer_add113_f0.3_wd0.1_softmax_ce_s0,13000
grokking,13109,1,0.6135876774787903,0.6302881836891174,0.7357578873634338,transformer_add113_f0.3_wd0.1_softmax_ce_s0,13000
grokking,13109,1,0.6127414703369141,0.6223057508468628,0.7357578873634338,transformer_add113_f0.3_wd0.1_softmax_ce_s0,13000
grokking,13109,1,0.6116077303886414,0.6443344354629517,0.7357578873634338,transformer_add113_f0.3_wd0.1_softmax_ce_s0,13000
grokking,13109,1,0.6091787219047546,0.6216661334037781,0.7357578873634338,transformer_add113_f0.3_wd0.1_softmax_ce_s0,13000
grokking,13109,1,0.6080687046051025,0.6148490905761719,0.7357578873634338,transformer_add113_f0.3_wd0.1_softmax_ce_s0,13000
grokking,13109,1,0.6045054793357849,0.6050364375114441,0.7357578873634338,transformer_add113_f0.3_wd0.1_softmax_ce_s0,13000
grokking,13109,1,0.6031623482704163,0.6124597191810608,0.7357578873634338,transformer_add113_f0.3_wd0.1_softmax_ce_s0,13000
grokking,13109,1,0.6028051376342773,0.6077237129211426,0.7357578873634338,transformer_add113_f0.3_wd0.1_softmax_ce_s0,13000
grokking,13109,1,0.6026646494865417,0.6201397180557251,0.7357578873634338,transformer_add113_f0.3_wd0.1_softmax_ce_s0,13000
grokking,13109,1,0.6023960709571838,0.6081159710884094,0.7357578873634338,transformer_add113_f0.3_wd0.1_softmax_ce_s0,13000
grokking,13109,1,0.6015824675559998,0.6033977270126343,0.7357578873634338,transformer_add113_f0.3_wd0.1_softmax_ce_s0,13000
grokking,13109,1,0.601312518119812,0.6184918880462646,0.7357578873634338,transformer_add113_f0.3_wd0.1_softmax_ce_s0,13000
grokking,13109,1,0.5999454259872437,0.6019939184188843,0.7357578873634338,transformer_add113_f0.3_wd0.1_softmax_ce_s0,13000
grokking,13109,1,0.5992147922515869,0.6069391369819641,0.7357578873634338,transformer_add113_f0.3_wd0.1_softmax_ce_s0,13000
grokking,13109,1,0.5980508327484131,0.6155337691307068,0.7357578873634338,transformer_add113_f0.3_wd0.1_softmax_ce_s0,13000
grokking,13109,1,0.5974079370498657,0.6255490183830261,0.7357578873634338,transformer_add113_f0.3_wd0.1_softmax_ce_s0,13000
grokking,13109,1,0.5971968770027161,0.6174346804618835,0.7357578873634338,transformer_add113_f0.3_wd0.1_softmax_ce_s0,13000
grokking,13109,1,0.5954247713088989,0.6006156802177429,0.7357578873634338,transformer_add113_f0.3_wd0.1_softmax_ce_s0,13000
grokking,13109,1,0.5949456095695496,0.5982275009155273,0.7357578873634338,transformer_add113_f0.3_wd0.1_softmax_ce_s0,13000
grokking,13109,1,0.5944310426712036,0.6204036474227905,0.7357578873634338,transformer_add113_f0.3_wd0.1_softmax_ce_s0,13000
grokking,13109,1,0.5907221436500549,0.6030498147010803,0.7357578873634338,transformer_add113_f0.3_wd0.1_softmax_ce_s0,13000
grokking,13109,1,0.5856622457504272,0.6247619390487671,0.7357578873634338,transformer_add113_f0.3_wd0.1_softmax_ce_s0,13000
grokking,13109,1,0.5829687118530273,0.5988489389419556,0.7357578873634338,transformer_add113_f0.3_wd0.1_softmax_ce_s0,13000
grokking,13109,1,0.5821298956871033,0.6176416873931885,0.7357578873634338,transformer_add113_f0.3_wd0.1_softmax_ce_s0,13000
grokking,13109,1,0.5818708539009094,0.6006156802177429,0.7357578873634338,transformer_add113_f0.3_wd0.1_softmax_ce_s0,13000
grokking,13109,1,0.5815574526786804,0.6032075881958008,0.7357578873634338,transformer_add113_f0.3_wd0.1_softmax_ce_s0,13000
grokking,13109,1,0.5802367329597473,0.6050364375114441,0.7357578873634338,transformer_add113_f0.3_wd0.1_softmax_ce_s0,13000
grokking,13109,1,0.5790058970451355,0.5900582075119019,0.7357578873634338,transformer_add113_f0.3_wd0.1_softmax_ce_s0,13000
grokking,13109,1,0.5686896443367004,0.598807692527771,0.7357578873634338,transformer_add113_f0.3_wd0.1_softmax_ce_s0,13000
grokking,13109,1,0.5680447220802307,0.6176416873931885,0.7357578873634338,transformer_add113_f0.3_wd0.1_softmax_ce_s0,13000
grokking,13109,1,0.5674846172332764,0.6042788624763489,0.7357578873634338,transformer_add113_f0.3_wd0.1_softmax_ce_s0,13000
grokking,13109,1,0.5667173862457275,0.5796712040901184,0.7357578873634338,transformer_add113_f0.3_wd0.1_softmax_ce_s0,13000
grokking,13109,1,0.5610774755477905,0.6058506369590759,0.7357578873634338,transformer_add113_f0.3_wd0.1_softmax_ce_s0,13000
final,60000,0,0.0,0.4154975116252899,0.616351842880249,transformer_add113_f0.3_wd0.1_softmax_ce_s0,13000
final,60000,0,0.0,0.41824471950531006,0.616351842880249,transformer_add113_f0.3_wd0.1_softmax_ce_s0,13000
final,60000,0,0.0,0.4184878468513489,0.616351842880249,transformer_add113_f0.3_wd0.1_softmax_ce_s0,13000
final,60000,0,0.0,0.4344159662723541,0.616351842880249,transformer_add113_f0.3_wd0.1_softmax_ce_s0,13000
final,60000,0,0.0,0.4347892701625824,0.616351842880249,transformer_add113_f0.3_wd0.1_softmax_ce_s0,13000
final,60000,0,0.0,0.43545493483543396,0.616351842880249,transformer_add113_f0.3_wd0.1_softmax_ce_s0,13000
final,60000,0,0.0,0.43843066692352295,0.616351842880249,transformer_add113_f0.3_wd0.1_softmax_ce_s0,13000
final,60000,0,0.0,0.44061559438705444,0.616351842880249,transformer_add113_f0.3_wd0.1_softmax_ce_s0,13000
final,60000,0,0.0,0.44088658690452576,0.616351842880249,transformer_add113_f0.3_wd0.1_softmax_ce_s0,13000
final,60000,0,0.0,0.44341298937797546,0.616351842880249,transformer_add113_f0.3_wd0.1_softmax_ce_s0,13000
final,60000,0,0.0,0.4439344108104706,0.616351842880249,transformer_add113_f0.3_wd0.1_softmax_ce_s0,13000
final,60000,0,0.0,0.4470461905002594,0.616351842880249,transformer_add113_f0.3_wd0.1_softmax_ce_s0,13000
final,60000,0,0.0,0.44918933510780334,0.616351842880249,transformer_add113_f0.3_wd0.1_softmax_ce_s0,13000
final,60000,0,0.0,0.44998595118522644,0.616351842880249,transformer_add113_f0.3_wd0.1_softmax_ce_s0,13000
final,60000,0,0.0,0.45048609375953674,0.616351842880249,transformer_add113_f0.3_wd0.1_softmax_ce_s0,13000
final,60000,0,0.0,0.45051777362823486,0.616351842880249,transformer_add113_f0.3_wd0.1_softmax_ce_s0,13000
final,60000,0,0.0,0.4538024961948395,0.616351842880249,transformer_add113_f0.3_wd0.1_softmax_ce_s0,13000
final,60000,0,0.0,0.4553168714046478,0.616351842880249,transformer_add113_f0.3_wd0.1_softmax_ce_s0,13000
final,60000,0,0.0,0.45583635568618774,0.616351842880249,transformer_add113_f0.3_wd0.1_softmax_ce_s0,13000
final,60000,0,0.0,0.45620810985565186,0.616351842880249,transformer_add113_f0.3_wd0.1_softmax_ce_s0,13000
final,60000,0,0.0,0.4562649726867676,0.616351842880249,transformer_add113_f0.3_wd0.1_softmax_ce_s0,13000
final,60000,0,0.0,0.4573393166065216,0.616351842880249,transformer_add113_f0.3_wd0.1_softmax_ce_s0,13000
final,60000,0,0.0,0.45788174867630005,0.616351842880249,transformer_add113_f0.3_wd0.1_softmax_ce_s0,13000
final,60000,0,0.0,0.45851263403892517,0.616351842880249,transformer_add113_f0.3_wd0.1_softmax_ce_s0,13000
final,60000,0,0.0,0.45972153544425964,0.616351842880249,transformer_add113_f0.3_wd0.1_softmax_ce_s0,13000
final,60000,0,0.0,0.46053004264831543,0.616351842880249,transformer_add113_f0.3_wd0.1_softmax_ce_s0,13000
final,60000,0,0.0,0.460599422454834,0.616351842880249,transformer_add113_f0.3_wd0.1_softmax_ce_s0,13000
final,60000,0,0.0,0.4623374044895172,0.616351842880249,transformer_add113_f0.3_wd0.1_softmax_ce_s0,13000
final,60000,0,0.0,0.4641520082950592,0.616351842880249,transformer_add113_f0.3_wd0.1_softmax_ce_s0,13000
final,60000,0,0.0,0.46542683243751526,0.616351842880249,transformer_add113_f0.3_wd0.1_softmax_ce_s0,13000
final,60000,0,0.0,0.46642664074897766,0.616351842880249,transformer_add113_f0.3_wd0.1_softmax_ce_s0,13000
final,60000,0,0.0,0.466433584690094,0.616351842880249,transformer_add113_f0.3_wd0.1_softmax_ce_s0,13000
final,60000,0,0.0,0.46672189235687256,0.616351842880249,transformer_add113_f0.3_wd0.1_softmax_ce_s0,13000
final,60000,0,0.0,0.4669717252254486,0.616351842880249,transformer_add113_f0.3_wd0.1_softmax_ce_s0,13000
final,60000,0,0.0,0.469073086977005,0.616351842880249,transformer_add113_f0.3_wd0.1_softmax_ce_s0,13000
final,60000,0,0.0,0.4701749086380005,0.616351842880249,transformer_add113_f0.3_wd0.1_softmax_ce_s0,13000
final,60000,0,0.0,0.47183114290237427,0.616351842880249,transformer_add113_f0.3_wd0.1_softmax_ce_s0,13000
final,60000,0,0.0,0.4721604287624359,0.616351842880249,transformer_add113_f0.3_wd0.1_softmax_ce_s0,13000
final,60000,0,0.0,0.4731980860233307,0.616351842880249,transformer_add113_f0.3_wd0.1_softmax_ce_s0,13000
final,60000,0,0.0,0.47330066561698914,0.616351842880249,transformer_add113_f0.3_wd0.1_softmax_ce_s0,13000
final,60000,0,0.0,0.4741165339946747,0.616351842880249,transformer_add113_f0.3_wd0.1_softmax_ce_s0,13000
final,60000,0,0.0,0.47509461641311646,0.616351842880249,transformer_add113_f0.3_wd0.1_softmax_ce_s0,13000
final,60000,0,0.0,0.47525128722190857,0.616351842880249,transformer_add113_f0.3_wd0.1_softmax_ce_s0,13000
final,60000,0,0.0,0.47621870040893555,0.616351842880249,transformer_add113_f0.3_wd0.1_softmax_ce_s0,13000
final,60000,0,0.0,0.4782673716545105,0.616351842880249,transformer_add113_f0.3_wd0.1_softmax_ce_s0,13000
final,60000,0,0.0,0.47955629229545593,0.616351842880249,transformer_add113_f0.3_wd0.1_softmax_ce_s0,13000
final,60000,0,0.0,0.47965148091316223,0.616351842880249,transformer_add113_f0.3_wd0.1_softmax_ce_s0,13000
final,60000,0,0.0,0.4800546169281006,0.616351842880249,transformer_add113_f0.3_wd0.1_softmax_ce_s0,13000
final,60000,0,0.0,0.48014384508132935,0.616351842880249,transformer_add113_f0.3_wd0.1_softmax_ce_s0,13000
final,60000,0,0.0,0.4830799698829651,0.616351842880249,transformer_add113_f0.3_wd0.1_softmax_ce_s0,13000
final,60000,0,0.0,0.48694929480552673,0.616351842880249,transformer_add113_f0.3_wd0.1_softmax_ce_s0,13000
final,60000,0,0.0,0.48725220561027527,0.616351842880249,transformer_add113_f0.3_wd0.1_softmax_ce_s0,13000
final,60000,0,0.0,0.48832613229751587,0.616351842880249,transformer_add113_f0.3_wd0.1_softmax_ce_s0,13000
final,60000,0,0.0,0.4939810037612915,0.616351842880249,transformer_add113_f0.3_wd0.1_softmax_ce_s0,13000
final,60000,0,0.0,0.49420297145843506,0.616351842880249,transformer_add113_f0.3_wd0.1_softmax_ce_s0,13000
final,60000,0,0.0,0.49939459562301636,0.616351842880249,transformer_add113_f0.3_wd0.1_softmax_ce_s0,13000
final,60000,0,0.0,0.5001843571662903,0.616351842880249,transformer_add113_f0.3_wd0.1_softmax_ce_s0,13000
final,60000,0,0.0,0.5021771788597107,0.616351842880249,transformer_add113_f0.3_wd0.1_softmax_ce_s0,13000
final,60000,0,0.0,0.5063970685005188,0.616351842880249,transformer_add113_f0.3_wd0.1_softmax_ce_s0,13000
final,60000,0,0.0,0.5081746578216553,0.616351842880249,transformer_add113_f0.3_wd0.1_softmax_ce_s0,13000
final,60000,0,0.0,0.5088614225387573,0.616351842880249,transformer_add113_f0.3_wd0.1_softmax_ce_s0,13000
final,60000,0,0.0,0.5101025700569153,0.616351842880249,transformer_add113_f0.3_wd0.1_softmax_ce_s0,13000
final,60000,0,0.0,0.5125903487205505,0.616351842880249,transformer_add113_f0.3_wd0.1_softmax_ce_s0,13000
final,60000,0,0.0,0.5133038759231567,0.616351842880249,transformer_add113_f0.3_wd0.1_softmax_ce_s0,13000
final,60000,0,0.0,0.5150385499000549,0.616351842880249,transformer_add113_f0.3_wd0.1_softmax_ce_s0,13000
final,60000,0,0.0,0.5150540471076965,0.616351842880249,transformer_add113_f0.3_wd0.1_softmax_ce_s0,13000
final,60000,0,0.0,0.5166527628898621,0.616351842880249,transformer_add113_f0.3_wd0.1_softmax_ce_s0,13000
final,60000,0,0.0,0.5172336101531982,0.616351842880249,transformer_add113_f0.3_wd0.1_softmax_ce_s0,13000
final,60000,0,0.0,0.5183179378509521,0.616351842880249,transformer_add113_f0.3_wd0.1_softmax_ce_s0,13000
final,60000,0,0.0,0.5212893486022949,0.616351842880249,transformer_add113_f0.3_wd0.1_softmax_ce_s0,13000
final,60000,0,0.0,0.5230869650840759,0.616351842880249,transformer_add113_f0.3_wd0.1_softmax_ce_s0,13000
final,60000,0,0.0,0.5236862301826477,0.616351842880249,transformer_add113_f0.3_wd0.1_softmax_ce_s0,13000
final,60000,0,0.0,0.5240435600280762,0.616351842880249,transformer_add113_f0.3_wd0.1_softmax_ce_s0,13000
final,60000,0,0.0,0.5266099572181702,0.616351842880249,transformer_add113_f0.3_wd0.1_softmax_ce_s0,13000
final,60000,0,0.0,0.5272133946418762,0.616351842880249,transformer_add113_f0.3_wd0.1_softmax_ce_s0,13000
final,60000,0,0.0,0.5293198227882385,0.616351842880249,transformer_add113_f0.3_wd0.1_softmax_ce_s0,13000
final,60000,0,0.0,0.5293924808502197,0.616351842880249,transformer_add113_f0.3_wd0.1_softmax_ce_s0,13000
final,60000,0,0.0,0.5296748876571655,0.616351842880249,transformer_add113_f0.3_wd0.1_softmax_ce_s0,13000
final,60000,0,0.0,0.5300746560096741,0.616351842880249,transformer_add113_f0.3_wd0.1_softmax_ce_s0,13000
final,60000,0,0.0,0.5347084999084473,0.616351842880249,transformer_add113_f0.3_wd0.1_softmax_ce_s0,13000
final,60000,0,0.0,0.5348409414291382,0.616351842880249,transformer_add113_f0.3_wd0.1_softmax_ce_s0,13000
final,60000,0,0.0,0.5366268754005432,0.616351842880249,transformer_add113_f0.3_wd0.1_softmax_ce_s0,13000
final,60000,0,0.0,0.5394582152366638,0.616351842880249,transformer_add113_f0.3_wd0.1_softmax_ce_s0,13000
final,60000,0,0.0,0.540185809135437,0.616351842880249,transformer_add113_f0.3_wd0.1_softmax_ce_s0,13000
final,60000,0,0.0,0.5404256582260132,0.616351842880249,transformer_add113_f0.3_wd0.1_softmax_ce_s0,13000
final,60000,0,0.0,0.5404639840126038,0.616351842880249,transformer_add113_f0.3_wd0.1_softmax_ce_s0,13000
final,60000,0,0.0,0.54180508852005,0.616351842880249,transformer_add113_f0.3_wd0.1_softmax_ce_s0,13000
final,60000,0,0.0,0.5422912240028381,0.616351842880249,transformer_add113_f0.3_wd0.1_softmax_ce_s0,13000
final,60000,0,0.0,0.5447651743888855,0.616351842880249,transformer_add113_f0.3_wd0.1_softmax_ce_s0,13000
final,60000,0,0.0,0.5457108616828918,0.616351842880249,transformer_add113_f0.3_wd0.1_softmax_ce_s0,13000
final,60000,0,0.0,0.5463017821311951,0.616351842880249,transformer_add113_f0.3_wd0.1_softmax_ce_s0,13000
final,60000,0,0.0,0.5489245057106018,0.616351842880249,transformer_add113_f0.3_wd0.1_softmax_ce_s0,13000
final,60000,0,0.0,0.5495414137840271,0.616351842880249,transformer_add113_f0.3_wd0.1_softmax_ce_s0,13000
final,60000,0,0.0,0.5560318827629089,0.616351842880249,transformer_add113_f0.3_wd0.1_softmax_ce_s0,13000
final,60000,0,0.0,0.5566000938415527,0.616351842880249,transformer_add113_f0.3_wd0.1_softmax_ce_s0,13000
final,60000,0,0.0,0.5576722025871277,0.616351842880249,transformer_add113_f0.3_wd0.1_softmax_ce_s0,13000
final,60000,0,0.0,0.5578231811523438,0.616351842880249,transformer_add113_f0.3_wd0.1_softmax_ce_s0,13000
final,60000,0,0.0,0.5578384399414062,0.616351842880249,transformer_add113_f0.3_wd0.1_softmax_ce_s0,13000
final,60000,0,0.0,0.5579934120178223,0.616351842880249,transformer_add113_f0.3_wd0.1_softmax_ce_s0,13000
final,60000,0,0.0,0.5583509802818298,0.616351842880249,transformer_add113_f0.3_wd0.1_softmax_ce_s0,13000
final,60000,0,0.0,0.562302827835083,0.616351842880249,transformer_add113_f0.3_wd0.1_softmax_ce_s0,13000
final,60000,0,0.0,0.5681809782981873,0.616351842880249,transformer_add113_f0.3_wd0.1_softmax_ce_s0,13000
final,60000,0,0.0,0.5689532160758972,0.616351842880249,transformer_add113_f0.3_wd0.1_softmax_ce_s0,13000
final,60000,0,0.0,0.5693278908729553,0.616351842880249,transformer_add113_f0.3_wd0.1_softmax_ce_s0,13000
final,60000,0,0.0,0.5703228712081909,0.616351842880249,transformer_add113_f0.3_wd0.1_softmax_ce_s0,13000
final,60000,0,0.0,0.5711914896965027,0.616351842880249,transformer_add113_f0.3_wd0.1_softmax_ce_s0,13000
final,60000,0,0.0,0.5744839310646057,0.616351842880249,transformer_add113_f0.3_wd0.1_softmax_ce_s0,13000
final,60000,0,0.0,0.5779937505722046,0.616351842880249,transformer_add113_f0.3_wd0.1_softmax_ce_s0,13000
final,60000,0,0.0,0.5877654552459717,0.616351842880249,transformer_add113_f0.3_wd0.1_softmax_ce_s0,13000
final,60000,0,0.0,0.6070425510406494,0.616351842880249,transformer_add113_f0.3_wd0.1_softmax_ce_s0,13000
final,60000,0,0.0,0.6150587797164917,0.616351842880249,transformer_add113_f0.3_wd0.1_softmax_ce_s0,13000
final,60000,0,0.0,0.616351842880249,0.616351842880249,transformer_add113_f0.3_wd0.1_softmax_ce_s0,13000
final,60000,1,0.6939243078231812,0.6943378448486328,0.616351842880249,transformer_add113_f0.3_wd0.1_softmax_ce_s0,13000
final,60000,1,0.6764109134674072,0.6799704432487488,0.616351842880249,transformer_add113_f0.3_wd0.1_softmax_ce_s0,13000
final,60000,1,0.6487777233123779,0.661797821521759,0.616351842880249,transformer_add113_f0.3_wd0.1_softmax_ce_s0,13000
final,60000,1,0.6437036991119385,0.6466270685195923,0.616351842880249,transformer_add113_f0.3_wd0.1_softmax_ce_s0,13000
final,60000,1,0.6417557001113892,0.6463509202003479,0.616351842880249,transformer_add113_f0.3_wd0.1_softmax_ce_s0,13000
final,60000,1,0.6407683491706848,0.6575822830200195,0.616351842880249,transformer_add113_f0.3_wd0.1_softmax_ce_s0,13000
final,60000,1,0.633735179901123,0.6560702323913574,0.616351842880249,transformer_add113_f0.3_wd0.1_softmax_ce_s0,13000
final,60000,1,0.6328662633895874,0.6518332362174988,0.616351842880249,transformer_add113_f0.3_wd0.1_softmax_ce_s0,13000
final,60000,1,0.6307827830314636,0.6506597399711609,0.616351842880249,transformer_add113_f0.3_wd0.1_softmax_ce_s0,13000
final,60000,1,0.6302715539932251,0.6409894227981567,0.616351842880249,transformer_add113_f0.3_wd0.1_softmax_ce_s0,13000
final,60000,1,0.6295208930969238,0.6453275680541992,0.616351842880249,transformer_add113_f0.3_wd0.1_softmax_ce_s0,13000
final,60000,1,0.6284249424934387,0.6393276453018188,0.616351842880249,transformer_add113_f0.3_wd0.1_softmax_ce_s0,13000
final,60000,1,0.6276834011077881,0.6325449347496033,0.616351842880249,transformer_add113_f0.3_wd0.1_softmax_ce_s0,13000
final,60000,1,0.62481689453125,0.6426828503608704,0.616351842880249,transformer_add113_f0.3_wd0.1_softmax_ce_s0,13000
final,60000,1,0.6243330836296082,0.6443200707435608,0.616351842880249,transformer_add113_f0.3_wd0.1_softmax_ce_s0,13000
final,60000,1,0.620427131652832,0.6361402869224548,0.616351842880249,transformer_add113_f0.3_wd0.1_softmax_ce_s0,13000
final,60000,1,0.6192562580108643,0.6434638500213623,0.616351842880249,transformer_add113_f0.3_wd0.1_softmax_ce_s0,13000
final,60000,1,0.6180499196052551,0.6184242963790894,0.616351842880249,transformer_add113_f0.3_wd0.1_softmax_ce_s0,13000
final,60000,1,0.6167235374450684,0.6564274430274963,0.616351842880249,transformer_add113_f0.3_wd0.1_softmax_ce_s0,13000
final,60000,1,0.6157940030097961,0.6343271732330322,0.616351842880249,transformer_add113_f0.3_wd0.1_softmax_ce_s0,13000
final,60000,1,0.6122847199440002,0.6155446171760559,0.616351842880249,transformer_add113_f0.3_wd0.1_softmax_ce_s0,13000
final,60000,1,0.611623227596283,0.6267674565315247,0.616351842880249,transformer_add113_f0.3_wd0.1_softmax_ce_s0,13000
final,60000,1,0.6101524829864502,0.6207907795906067,0.616351842880249,transformer_add113_f0.3_wd0.1_softmax_ce_s0,13000
final,60000,1,0.6087979674339294,0.6441919207572937,0.616351842880249,transformer_add113_f0.3_wd0.1_softmax_ce_s0,13000
final,60000,1,0.6080909967422485,0.6155446171760559,0.616351842880249,transformer_add113_f0.3_wd0.1_softmax_ce_s0,13000
final,60000,1,0.6059858202934265,0.6226778030395508,0.616351842880249,transformer_add113_f0.3_wd0.1_softmax_ce_s0,13000
final,60000,1,0.6056213974952698,0.6196702718734741,0.616351842880249,transformer_add113_f0.3_wd0.1_softmax_ce_s0,13000
final,60000,1,0.6040424108505249,0.6162333488464355,0.616351842880249,transformer_add113_f0.3_wd0.1_softmax_ce_s0,13000
final,60000,1,0.6031008362770081,0.605860710144043,0.616351842880249,transformer_add113_f0.3_wd0.1_softmax_ce_s0,13000
final,60000,1,0.6020402312278748,0.6132322549819946,0.616351842880249,transformer_add113_f0.3_wd0.1_softmax_ce_s0,13000
final,60000,1,0.5987327098846436,0.6698468923568726,0.616351842880249,transformer_add113_f0.3_wd0.1_softmax_ce_s0,13000
final,60000,1,0.5979065299034119,0.6010578870773315,0.616351842880249,transformer_add113_f0.3_wd0.1_softmax_ce_s0,13000
final,60000,1,0.5961517095565796,0.5999552607536316,0.616351842880249,transformer_add113_f0.3_wd0.1_softmax_ce_s0,13000
final,60000,1,0.5947371125221252,0.6050227880477905,0.616351842880249,transformer_add113_f0.3_wd0.1_softmax_ce_s0,13000
final,60000,1,0.593797504901886,0.6028368473052979,0.616351842880249,transformer_add113_f0.3_wd0.1_softmax_ce_s0,13000
final,60000,1,0.5928725600242615,0.6208784580230713,0.616351842880249,transformer_add113_f0.3_wd0.1_softmax_ce_s0,13000
final,60000,1,0.5918029546737671,0.6053639650344849,0.616351842880249,transformer_add113_f0.3_wd0.1_softmax_ce_s0,13000
final,60000,1,0.5917512774467468,0.6134639978408813,0.616351842880249,transformer_add113_f0.3_wd0.1_softmax_ce_s0,13000
final,60000,1,0.5889290571212769,0.6614637970924377,0.616351842880249,transformer_add113_f0.3_wd0.1_softmax_ce_s0,13000
final,60000,1,0.5880640149116516,0.6074599623680115,0.616351842880249,transformer_add113_f0.3_wd0.1_softmax_ce_s0,13000
final,60000,1,0.5875707268714905,0.6248384118080139,0.616351842880249,transformer_add113_f0.3_wd0.1_softmax_ce_s0,13000
final,60000,1,0.5866861343383789,0.6196618676185608,0.616351842880249,transformer_add113_f0.3_wd0.1_softmax_ce_s0,13000
final,60000,1,0.58614581823349,0.6145807504653931,0.616351842880249,transformer_add113_f0.3_wd0.1_softmax_ce_s0,13000
final,60000,1,0.586107075214386,0.5915642976760864,0.616351842880249,transformer_add113_f0.3_wd0.1_softmax_ce_s0,13000
final,60000,1,0.5852610468864441,0.6006166934967041,0.616351842880249,transformer_add113_f0.3_wd0.1_softmax_ce_s0,13000
final,60000,1,0.5845401287078857,0.6135054230690002,0.616351842880249,transformer_add113_f0.3_wd0.1_softmax_ce_s0,13000
final,60000,1,0.5838428735733032,0.6230221390724182,0.616351842880249,transformer_add113_f0.3_wd0.1_softmax_ce_s0,13000
final,60000,1,0.5836090445518494,0.6354150772094727,0.616351842880249,transformer_add113_f0.3_wd0.1_softmax_ce_s0,13000
final,60000,1,0.5828288793563843,0.5880260467529297,0.616351842880249,transformer_add113_f0.3_wd0.1_softmax_ce_s0,13000
final,60000,1,0.5819933414459229,0.5874776840209961,0.616351842880249,transformer_add113_f0.3_wd0.1_softmax_ce_s0,13000
final,60000,1,0.581712007522583,0.6351573467254639,0.616351842880249,transformer_add113_f0.3_wd0.1_softmax_ce_s0,13000
final,60000,1,0.5799180269241333,0.59690260887146,0.616351842880249,transformer_add113_f0.3_wd0.1_softmax_ce_s0,13000
final,60000,1,0.579189121723175,0.5977525115013123,0.616351842880249,transformer_add113_f0.3_wd0.1_softmax_ce_s0,13000
final,60000,1,0.5783421993255615,0.5886114239692688,0.616351842880249,transformer_add113_f0.3_wd0.1_softmax_ce_s0,13000
final,60000,1,0.5767595171928406,0.5850597023963928,0.616351842880249,transformer_add113_f0.3_wd0.1_softmax_ce_s0,13000
final,60000,1,0.5755462646484375,0.6051601767539978,0.616351842880249,transformer_add113_f0.3_wd0.1_softmax_ce_s0,13000
final,60000,1,0.575501024723053,0.577459454536438,0.616351842880249,transformer_add113_f0.3_wd0.1_softmax_ce_s0,13000
final,60000,1,0.5749943256378174,0.5766540765762329,0.616351842880249,transformer_add113_f0.3_wd0.1_softmax_ce_s0,13000
final,60000,1,0.5748230814933777,0.5824607610702515,0.616351842880249,transformer_add113_f0.3_wd0.1_softmax_ce_s0,13000
final,60000,1,0.5735002160072327,0.5857601165771484,0.616351842880249,transformer_add113_f0.3_wd0.1_softmax_ce_s0,13000
final,60000,1,0.5720418095588684,0.6429535150527954,0.616351842880249,transformer_add113_f0.3_wd0.1_softmax_ce_s0,13000
final,60000,1,0.5714884996414185,0.5719912648200989,0.616351842880249,transformer_add113_f0.3_wd0.1_softmax_ce_s0,13000
final,60000,1,0.5714757442474365,0.5843522548675537,0.616351842880249,transformer_add113_f0.3_wd0.1_softmax_ce_s0,13000
final,60000,1,0.5714651346206665,0.6202446222305298,0.616351842880249,transformer_add113_f0.3_wd0.1_softmax_ce_s0,13000
final,60000,1,0.5713711380958557,0.632045328617096,0.616351842880249,transformer_add113_f0.3_wd0.1_softmax_ce_s0,13000
final,60000,1,0.5712970495223999,0.5769988894462585,0.616351842880249,transformer_add113_f0.3_wd0.1_softmax_ce_s0,13000
final,60000,1,0.5702328681945801,0.6556313037872314,0.616351842880249,transformer_add113_f0.3_wd0.1_softmax_ce_s0,13000
final,60000,1,0.5699048042297363,0.571902334690094,0.616351842880249,transformer_add113_f0.3_wd0.1_softmax_ce_s0,13000
final,60000,1,0.5685428977012634,0.5874776840209961,0.616351842880249,transformer_add113_f0.3_wd0.1_softmax_ce_s0,13000
final,60000,1,0.5664811730384827,0.5837180614471436,0.616351842880249,transformer_add113_f0.3_wd0.1_softmax_ce_s0,13000
final,60000,1,0.5662817358970642,0.6269959807395935,0.616351842880249,transformer_add113_f0.3_wd0.1_softmax_ce_s0,13000
final,60000,1,0.5650897026062012,0.5654985904693604,0.616351842880249,transformer_add113_f0.3_wd0.1_softmax_ce_s0,13000
final,60000,1,0.5638259649276733,0.5958240628242493,0.616351842880249,transformer_add113_f0.3_wd0.1_softmax_ce_s0,13000
final,60000,1,0.5624929070472717,0.5797150135040283,0.616351842880249,transformer_add113_f0.3_wd0.1_softmax_ce_s0,13000
final,60000,1,0.5619596838951111,0.6016484498977661,0.616351842880249,transformer_add113_f0.3_wd0.1_softmax_ce_s0,13000
final,60000,1,0.5609933733940125,0.5705268383026123,0.616351842880249,transformer_add113_f0.3_wd0.1_softmax_ce_s0,13000
final,60000,1,0.5603325366973877,0.6023916006088257,0.616351842880249,transformer_add113_f0.3_wd0.1_softmax_ce_s0,13000
final,60000,1,0.559777557849884,0.6001424789428711,0.616351842880249,transformer_add113_f0.3_wd0.1_softmax_ce_s0,13000
final,60000,1,0.5597625970840454,0.6472063064575195,0.616351842880249,transformer_add113_f0.3_wd0.1_softmax_ce_s0,13000
final,60000,1,0.5597203969955444,0.5626391768455505,0.616351842880249,transformer_add113_f0.3_wd0.1_softmax_ce_s0,13000
final,60000,1,0.559689998626709,0.5877705216407776,0.616351842880249,transformer_add113_f0.3_wd0.1_softmax_ce_s0,13000
final,60000,1,0.5592038631439209,0.5793104767799377,0.616351842880249,transformer_add113_f0.3_wd0.1_softmax_ce_s0,13000
final,60000,1,0.5589730739593506,0.5793104767799377,0.616351842880249,transformer_add113_f0.3_wd0.1_softmax_ce_s0,13000
final,60000,1,0.5583496689796448,0.5815836191177368,0.616351842880249,transformer_add113_f0.3_wd0.1_softmax_ce_s0,13000
final,60000,1,0.5565885901451111,0.5684685111045837,0.616351842880249,transformer_add113_f0.3_wd0.1_softmax_ce_s0,13000
final,60000,1,0.5564060211181641,0.5578905940055847,0.616351842880249,transformer_add113_f0.3_wd0.1_softmax_ce_s0,13000
final,60000,1,0.5562052130699158,0.5584986209869385,0.616351842880249,transformer_add113_f0.3_wd0.1_softmax_ce_s0,13000
final,60000,1,0.5558775663375854,0.5667290687561035,0.616351842880249,transformer_add113_f0.3_wd0.1_softmax_ce_s0,13000
final,60000,1,0.5556936860084534,0.5709483623504639,0.616351842880249,transformer_add113_f0.3_wd0.1_softmax_ce_s0,13000
final,60000,1,0.5548911690711975,0.5779277086257935,0.616351842880249,transformer_add113_f0.3_wd0.1_softmax_ce_s0,13000
final,60000,1,0.5547518730163574,0.5704107284545898,0.616351842880249,transformer_add113_f0.3_wd0.1_softmax_ce_s0,13000
final,60000,1,0.5544227957725525,0.5730898976325989,0.616351842880249,transformer_add113_f0.3_wd0.1_softmax_ce_s0,13000
final,60000,1,0.5542582869529724,0.6025739908218384,0.616351842880249,transformer_add113_f0.3_wd0.1_softmax_ce_s0,13000
final,60000,1,0.5536729097366333,0.584770917892456,0.616351842880249,transformer_add113_f0.3_wd0.1_softmax_ce_s0,13000
final,60000,1,0.5516757369041443,0.5627186298370361,0.616351842880249,transformer_add113_f0.3_wd0.1_softmax_ce_s0,13000
final,60000,1,0.5515538454055786,0.5523278117179871,0.616351842880249,transformer_add113_f0.3_wd0.1_softmax_ce_s0,13000
final,60000,1,0.5511060953140259,0.5596251487731934,0.616351842880249,transformer_add113_f0.3_wd0.1_softmax_ce_s0,13000
final,60000,1,0.5506775379180908,0.5791828632354736,0.616351842880249,transformer_add113_f0.3_wd0.1_softmax_ce_s0,13000
final,60000,1,0.5494248270988464,0.5684685111045837,0.616351842880249,transformer_add113_f0.3_wd0.1_softmax_ce_s0,13000
final,60000,1,0.5491752624511719,0.5824034810066223,0.616351842880249,transformer_add113_f0.3_wd0.1_softmax_ce_s0,13000
final,60000,1,0.5490601658821106,0.5627186298370361,0.616351842880249,transformer_add113_f0.3_wd0.1_softmax_ce_s0,13000
final,60000,1,0.5488860011100769,0.5516633987426758,0.616351842880249,transformer_add113_f0.3_wd0.1_softmax_ce_s0,13000
final,60000,1,0.5487377047538757,0.5847190618515015,0.616351842880249,transformer_add113_f0.3_wd0.1_softmax_ce_s0,13000
final,60000,1,0.5478355884552002,0.5495943427085876,0.616351842880249,transformer_add113_f0.3_wd0.1_softmax_ce_s0,13000
final,60000,1,0.5465896725654602,0.5573258399963379,0.616351842880249,transformer_add113_f0.3_wd0.1_softmax_ce_s0,13000
final,60000,1,0.5465262532234192,0.5642655491828918,0.616351842880249,transformer_add113_f0.3_wd0.1_softmax_ce_s0,13000
final,60000,1,0.5465036630630493,0.5838915705680847,0.616351842880249,transformer_add113_f0.3_wd0.1_softmax_ce_s0,13000
final,60000,1,0.5464540123939514,0.5903211832046509,0.616351842880249,transformer_add113_f0.3_wd0.1_softmax_ce_s0,13000
final,60000,1,0.5453581213951111,0.5870228409767151,0.616351842880249,transformer_add113_f0.3_wd0.1_softmax_ce_s0,13000
final,60000,1,0.5450565218925476,0.5479150414466858,0.616351842880249,transformer_add113_f0.3_wd0.1_softmax_ce_s0,13000
final,60000,1,0.5449689626693726,0.5701184868812561,0.616351842880249,transformer_add113_f0.3_wd0.1_softmax_ce_s0,13000
final,60000,1,0.5443889498710632,0.5844905376434326,0.616351842880249,transformer_add113_f0.3_wd0.1_softmax_ce_s0,13000
final,60000,1,0.5439968705177307,0.5441979765892029,0.616351842880249,transformer_add113_f0.3_wd0.1_softmax_ce_s0,13000
final,60000,1,0.5432775020599365,0.5560427308082581,0.616351842880249,transformer_add113_f0.3_wd0.1_softmax_ce_s0,13000
final,60000,1,0.5430278778076172,0.5523532032966614,0.616351842880249,transformer_add113_f0.3_wd0.1_softmax_ce_s0,13000
final,60000,1,0.5423259139060974,0.5627186298370361,0.616351842880249,transformer_add113_f0.3_wd0.1_softmax_ce_s0,13000
final,60000,1,0.5418742299079895,0.6039334535598755,0.616351842880249,transformer_add113_f0.3_wd0.1_softmax_ce_s0,13000
final,60000,1,0.5416520237922668,0.5469040870666504,0.616351842880249,transformer_add113_f0.3_wd0.1_softmax_ce_s0,13000
final,60000,1,0.541078507900238,0.5815096497535706,0.616351842880249,transformer_add113_f0.3_wd0.1_softmax_ce_s0,13000
final,60000,1,0.5363768935203552,0.5380011200904846,0.616351842880249,transformer_add113_f0.3_wd0.1_softmax_ce_s0,13000
final,60000,1,0.5359570384025574,0.5362218022346497,0.616351842880249,transformer_add113_f0.3_wd0.1_softmax_ce_s0,13000
final,60000,1,0.5353213548660278,0.564213752746582,0.616351842880249,transformer_add113_f0.3_wd0.1_softmax_ce_s0,13000
final,60000,1,0.5341424942016602,0.5508697032928467,0.616351842880249,transformer_add113_f0.3_wd0.1_softmax_ce_s0,13000
final,60000,1,0.5339850783348083,0.5728235244750977,0.616351842880249,transformer_add113_f0.3_wd0.1_softmax_ce_s0,13000
final,60000,1,0.5334168076515198,0.5509963035583496,0.616351842880249,transformer_add113_f0.3_wd0.1_softmax_ce_s0,13000
final,60000,1,0.5325460433959961,0.5383725762367249,0.616351842880249,transformer_add113_f0.3_wd0.1_softmax_ce_s0,13000
final,60000,1,0.5309590697288513,0.5704107284545898,0.616351842880249,transformer_add113_f0.3_wd0.1_softmax_ce_s0,13000
final,60000,1,0.5304868221282959,0.5461841225624084,0.616351842880249,transformer_add113_f0.3_wd0.1_softmax_ce_s0,13000
final,60000,1,0.5304128527641296,0.5388848781585693,0.616351842880249,transformer_add113_f0.3_wd0.1_softmax_ce_s0,13000
final,60000,1,0.5302764773368835,0.5402565598487854,0.616351842880249,transformer_add113_f0.3_wd0.1_softmax_ce_s0,13000
final,60000,1,0.5295305848121643,0.5363474488258362,0.616351842880249,transformer_add113_f0.3_wd0.1_softmax_ce_s0,13000
final,60000,1,0.5291430950164795,0.5476781129837036,0.616351842880249,transformer_add113_f0.3_wd0.1_softmax_ce_s0,13000
final,60000,1,0.5280544757843018,0.5541282296180725,0.616351842880249,transformer_add113_f0.3_wd0.1_softmax_ce_s0,13000
final,60000,1,0.5273469686508179,0.5455349087715149,0.616351842880249,transformer_add113_f0.3_wd0.1_softmax_ce_s0,13000
final,60000,1,0.5267384648323059,0.5680270195007324,0.616351842880249,transformer_add113_f0.3_wd0.1_softmax_ce_s0,13000
final,60000,1,0.526078999042511,0.534566342830658,0.616351842880249,transformer_add113_f0.3_wd0.1_softmax_ce_s0,13000
final,60000,1,0.5254455804824829,0.556195080280304,0.616351842880249,transformer_add113_f0.3_wd0.1_softmax_ce_s0,13000
final,60000,1,0.5250957608222961,0.5320791602134705,0.616351842880249,transformer_add113_f0.3_wd0.1_softmax_ce_s0,13000
final,60000,1,0.5249422192573547,0.5272272229194641,0.616351842880249,transformer_add113_f0.3_wd0.1_softmax_ce_s0,13000
final,60000,1,0.5217623114585876,0.5350444912910461,0.616351842880249,transformer_add113_f0.3_wd0.1_softmax_ce_s0,13000
final,60000,1,0.5213794708251953,0.5264797806739807,0.616351842880249,transformer_add113_f0.3_wd0.1_softmax_ce_s0,13000
final,60000,1,0.5208609104156494,0.5362218022346497,0.616351842880249,transformer_add113_f0.3_wd0.1_softmax_ce_s0,13000
final,60000,1,0.5197924375534058,0.5524278283119202,0.616351842880249,transformer_add113_f0.3_wd0.1_softmax_ce_s0,13000
final,60000,1,0.5190625190734863,0.5410755276679993,0.616351842880249,transformer_add113_f0.3_wd0.1_softmax_ce_s0,13000
final,60000,1,0.5170881152153015,0.5704107284545898,0.616351842880249,transformer_add113_f0.3_wd0.1_softmax_ce_s0,13000
final,60000,1,0.5170274972915649,0.5301516056060791,0.616351842880249,transformer_add113_f0.3_wd0.1_softmax_ce_s0,13000
final,60000,1,0.5151367783546448,0.5561991333961487,0.616351842880249,transformer_add113_f0.3_wd0.1_softmax_ce_s0,13000
final,60000,1,0.5150964856147766,0.5363474488258362,0.616351842880249,transformer_add113_f0.3_wd0.1_softmax_ce_s0,13000
final,60000,1,0.5147829651832581,0.5508633255958557,0.616351842880249,transformer_add113_f0.3_wd0.1_softmax_ce_s0,13000
final,60000,1,0.513276994228363,0.5278987884521484,0.616351842880249,transformer_add113_f0.3_wd0.1_softmax_ce_s0,13000
final,60000,1,0.512057363986969,0.5158801078796387,0.616351842880249,transformer_add113_f0.3_wd0.1_softmax_ce_s0,13000
final,60000,1,0.5118592381477356,0.5488445162773132,0.616351842880249,transformer_add113_f0.3_wd0.1_softmax_ce_s0,13000
final,60000,1,0.5118109583854675,0.5285646915435791,0.616351842880249,transformer_add113_f0.3_wd0.1_softmax_ce_s0,13000
final,60000,1,0.5104917287826538,0.5402565598487854,0.616351842880249,transformer_add113_f0.3_wd0.1_softmax_ce_s0,13000
final,60000,1,0.5100389122962952,0.535162627696991,0.616351842880249,transformer_add113_f0.3_wd0.1_softmax_ce_s0,13000
final,60000,1,0.5098803639411926,0.5316894054412842,0.616351842880249,transformer_add113_f0.3_wd0.1_softmax_ce_s0,13000
final,60000,1,0.5094097256660461,0.5455349087715149,0.616351842880249,transformer_add113_f0.3_wd0.1_softmax_ce_s0,13000
final,60000,1,0.5093966722488403,0.5251202583312988,0.616351842880249,transformer_add113_f0.3_wd0.1_softmax_ce_s0,13000
final,60000,1,0.5087863206863403,0.5352267026901245,0.616351842880249,transformer_add113_f0.3_wd0.1_softmax_ce_s0,13000
final,60000,1,0.5083213448524475,0.524278998374939,0.616351842880249,transformer_add113_f0.3_wd0.1_softmax_ce_s0,13000
final,60000,1,0.50806725025177,0.542323648929596,0.616351842880249,transformer_add113_f0.3_wd0.1_softmax_ce_s0,13000
final,60000,1,0.5077464580535889,0.5124462246894836,0.616351842880249,transformer_add113_f0.3_wd0.1_softmax_ce_s0,13000
final,60000,1,0.5074234008789062,0.5488478541374207,0.616351842880249,transformer_add113_f0.3_wd0.1_softmax_ce_s0,13000
final,60000,1,0.5072770118713379,0.5109992623329163,0.616351842880249,transformer_add113_f0.3_wd0.1_softmax_ce_s0,13000
final,60000,1,0.5069772005081177,0.5150465369224548,0.616351842880249,transformer_add113_f0.3_wd0.1_softmax_ce_s0,13000
final,60000,1,0.5058044791221619,0.5264019966125488,0.616351842880249,transformer_add113_f0.3_wd0.1_softmax_ce_s0,13000
final,60000,1,0.5055409073829651,0.5152440071105957,0.616351842880249,transformer_add113_f0.3_wd0.1_softmax_ce_s0,13000
final,60000,1,0.5050961971282959,0.5462242960929871,0.616351842880249,transformer_add113_f0.3_wd0.1_softmax_ce_s0,13000
final,60000,1,0.505048930644989,0.5187287330627441,0.616351842880249,transformer_add113_f0.3_wd0.1_softmax_ce_s0,13000
final,60000,1,0.5041840672492981,0.5556052923202515,0.616351842880249,transformer_add113_f0.3_wd0.1_softmax_ce_s0,13000
final,60000,1,0.5038210153579712,0.5370215773582458,0.616351842880249,transformer_add113_f0.3_wd0.1_softmax_ce_s0,13000
final,60000,1,0.5038191676139832,0.5494861006736755,0.616351842880249,transformer_add113_f0.3_wd0.1_softmax_ce_s0,13000
final,60000,1,0.5028589367866516,0.5380011200904846,0.616351842880249,transformer_add113_f0.3_wd0.1_softmax_ce_s0,13000
final,60000,1,0.5027201175689697,0.5353705883026123,0.616351842880249,transformer_add113_f0.3_wd0.1_softmax_ce_s0,13000
final,60000,1,0.5022538304328918,0.5572777986526489,0.616351842880249,transformer_add113_f0.3_wd0.1_softmax_ce_s0,13000
final,60000,1,0.5007748007774353,0.5294181108474731,0.616351842880249,transformer_add113_f0.3_wd0.1_softmax_ce_s0,13000
final,60000,1,0.5006399750709534,0.5222585201263428,0.616351842880249,transformer_add113_f0.3_wd0.1_softmax_ce_s0,13000
final,60000,1,0.500148355960846,0.5175742506980896,0.616351842880249,transformer_add113_f0.3_wd0.1_softmax_ce_s0,13000
final,60000,1,0.499889075756073,0.5251202583312988,0.616351842880249,transformer_add113_f0.3_wd0.1_softmax_ce_s0,13000
final,60000,1,0.4995301365852356,0.5187287330627441,0.616351842880249,transformer_add113_f0.3_wd0.1_softmax_ce_s0,13000
final,60000,1,0.4986043870449066,0.535162627696991,0.616351842880249,transformer_add113_f0.3_wd0.1_softmax_ce_s0,13000
final,60000,1,0.49860119819641113,0.5363474488258362,0.616351842880249,transformer_add113_f0.3_wd0.1_softmax_ce_s0,13000
final,60000,1,0.4981490969657898,0.5539613366127014,0.616351842880249,transformer_add113_f0.3_wd0.1_softmax_ce_s0,13000
final,60000,1,0.49659696221351624,0.5158454775810242,0.616351842880249,transformer_add113_f0.3_wd0.1_softmax_ce_s0,13000
final,60000,1,0.4957740902900696,0.5561791062355042,0.616351842880249,transformer_add113_f0.3_wd0.1_softmax_ce_s0,13000
final,60000,1,0.4955858588218689,0.5206173062324524,0.616351842880249,transformer_add113_f0.3_wd0.1_softmax_ce_s0,13000
final,60000,1,0.49542436003685,0.5334800481796265,0.616351842880249,transformer_add113_f0.3_wd0.1_softmax_ce_s0,13000
final,60000,1,0.4948832094669342,0.5301516056060791,0.616351842880249,transformer_add113_f0.3_wd0.1_softmax_ce_s0,13000
final,60000,1,0.4941559433937073,0.5345521569252014,0.616351842880249,transformer_add113_f0.3_wd0.1_softmax_ce_s0,13000
final,60000,1,0.4939906597137451,0.5409531593322754,0.616351842880249,transformer_add113_f0.3_wd0.1_softmax_ce_s0,13000
final,60000,1,0.4919189214706421,0.5410755276679993,0.616351842880249,transformer_add113_f0.3_wd0.1_softmax_ce_s0,13000
final,60000,1,0.49185845255851746,0.5294181108474731,0.616351842880249,transformer_add113_f0.3_wd0.1_softmax_ce_s0,13000
final,60000,1,0.49060767889022827,0.5385227203369141,0.616351842880249,transformer_add113_f0.3_wd0.1_softmax_ce_s0,13000
final,60000,1,0.48979297280311584,0.5056951642036438,0.616351842880249,transformer_add113_f0.3_wd0.1_softmax_ce_s0,13000
final,60000,1,0.48891687393188477,0.5168867111206055,0.616351842880249,transformer_add113_f0.3_wd0.1_softmax_ce_s0,13000
final,60000,1,0.4882117509841919,0.5158801078796387,0.616351842880249,transformer_add113_f0.3_wd0.1_softmax_ce_s0,13000
final,60000,1,0.4881637692451477,0.5368813276290894,0.616351842880249,transformer_add113_f0.3_wd0.1_softmax_ce_s0,13000
final,60000,1,0.48756444454193115,0.5206173062324524,0.616351842880249,transformer_add113_f0.3_wd0.1_softmax_ce_s0,13000
final,60000,1,0.48746031522750854,0.4983465373516083,0.616351842880249,transformer_add113_f0.3_wd0.1_softmax_ce_s0,13000
final,60000,1,0.48582103848457336,0.5526635050773621,0.616351842880249,transformer_add113_f0.3_wd0.1_softmax_ce_s0,13000
final,60000,1,0.4828437864780426,0.5324888825416565,0.616351842880249,transformer_add113_f0.3_wd0.1_softmax_ce_s0,13000
final,60000,1,0.48103979229927063,0.5336341261863708,0.616351842880249,transformer_add113_f0.3_wd0.1_softmax_ce_s0,13000
final,60000,1,0.4801059663295746,0.5175742506980896,0.616351842880249,transformer_add113_f0.3_wd0.1_softmax_ce_s0,13000
final,60000,1,0.479070782661438,0.5148359537124634,0.616351842880249,transformer_add113_f0.3_wd0.1_softmax_ce_s0,13000
final,60000,1,0.4754883050918579,0.5175742506980896,0.616351842880249,transformer_add113_f0.3_wd0.1_softmax_ce_s0,13000
final,60000,1,0.47507086396217346,0.5381979942321777,0.616351842880249,transformer_add113_f0.3_wd0.1_softmax_ce_s0,13000
final,60000,1,0.4687112867832184,0.5291298031806946,0.616351842880249,transformer_add113_f0.3_wd0.1_softmax_ce_s0,13000
