model,operation,modulus,train_fraction,weight_decay,label_permutation,loss,optimizer,lr,n_runs,n_grokked,t_g_median,circularity,scale_collapse,h1_max_persistence__lo,h1_max_persistence__med,h1_max_persistence__hi,h1_total_persistence__lo,h1_total_persistence__med,h1_total_persistence__hi,h1_max_persistence_normalised__lo,h1_max_persistence_normalised__med,h1_max_persistence_normalised__hi,h1_total_persistence_normalised__lo,h1_total_persistence_normalised__med,h1_total_persistence_normalised__hi,h0_total_persistence__lo,h0_total_persistence__med,h0_total_persistence__hi,lid__lo,lid__med,lid__hi,h1_max_persistence__verdict,h1_total_persistence__verdict,h1_max_persistence_normalised__verdict,h1_total_persistence_normalised__verdict,h0_total_persistence__verdict,lid__verdict,block,h1_max_persistence__null_lo,h1_max_persistence__null_hi,h1_total_persistence__null_lo,h1_total_persistence__null_hi,h1_max_persistence_normalised__null_lo,h1_max_persistence_normalised__null_hi,h1_total_persistence_normalised__null_lo,h1_total_persistence_normalised__null_hi,h0_total_persistence__null_lo,h0_total_persistence__null_hi,lid__null_lo,lid__null_hi
mlp,add,97.0,0.3,1.0,False,softmax_ce,adamw,0.001,5,5,12100.0,0.9876122590101613,7.501975825032115,1.2821082672382644,1.6519235707272861,2.141332290511389,0.3875335215491977,1.4690647147702873,4.195591831953272,2.3673131737644417,3.2967092504735738,4.370455262338772,0.8341317035765378,2.71179394570642,8.267078136760771,0.47680148252987625,0.5034081426577199,0.5505769102433865,1.7369036467029169,2.6241193930733777,3.0515626169218955,inside,inside,above,inside,below,above,condition,0.5373412428170623,1.5422955721966312,0.3973614671578934,2.6001801343482427,0.7507386378190154,1.3164037341619659,0.4513591555815271,2.153484307846312,0.7053122806836409,1.2021928669143314,0.6799856179720456,1.3817798590104606
transformer,add,113.0,0.3,0.1,False,softmax_ce,adamw,0.003,5,5,12000.0,0.7592647302298183,25.88883639240269,0.7001055366839773,1.4026492717446335,2.041051951171681,1.9480982962905895,6.863249401734347,15.318864946567928,2.197848441308226,2.899287092566698,5.768599048467296,6.478398286980889,14.808992637587519,37.6186270236315,0.2898449501933095,0.3579908900749746,0.48574269313191204,0.4573352070046939,0.5439257389740173,0.7494934778345208,inside,inside,above,above,below,inside,condition,0.5373412428170623,1.5422955721966312,0.3973614671578934,2.6001801343482427,0.7507386378190154,1.3164037341619659,0.4513591555815271,2.153484307846312,0.7053122806836409,1.2021928669143314,0.6799856179720456,1.3817798590104606
transformer,compose,120.0,0.6,1.0,False,softmax_ce,adamw,0.001,17,17,35100.0,,167.78605647245968,0.5355746995636349,0.9364647850796288,1.7242241659677207,1.5510220485645896,4.562051431828045,12.942402175278975,1.3616604669616867,2.017811708442034,3.349068083949968,3.6045453565328156,9.068145533684937,23.608120561212107,0.5810253365941032,0.6132665626368219,0.6542773432120564,1.0840386160157545,1.3993139252972766,1.745052257382178,inside,inside,above,above,below,inside,condition,0.5373412428170623,1.5422955721966312,0.3973614671578934,2.6001801343482427,0.7507386378190154,1.3164037341619659,0.4513591555815271,2.153484307846312,0.7053122806836409,1.2021928669143314,0.6799856179720456,1.3817798590104606
transformer,sub,97.0,0.5,1.0,False,softmax_ce,adamw,0.001,2,2,8150.0,0.6734092297314228,174.1672542217942,0.9301907314862858,1.050418393869243,1.1706460562522005,3.113935437659343,3.643433643467683,4.172931849276023,1.8062143243642526,1.9677180160340404,2.1292217077038282,5.946993236241444,7.3304264541402375,8.71385967203903,0.6010061453783176,0.6076736255007084,0.6143411056230991,1.1807503165144042,1.828718138636885,2.4766859607593656,inside,above,above,above,below,inside,condition,0.5373412428170623,1.5422955721966312,0.3973614671578934,2.6001801343482427,0.7507386378190154,1.3164037341619659,0.4513591555815271,2.153484307846312,0.7053122806836409,1.2021928669143314,0.6799856179720456,1.3817798590104606
transformer,sub,97.0,0.4,1.0,False,softmax_ce,adamw,0.001,2,2,24800.0,0.4675166113994105,179.50947848748635,0.8095567731302085,1.233994657218651,1.6584325413070935,3.2010279088051687,6.317428980100708,9.433830051396248,1.5708598811231917,1.9007762851548582,2.2306926891865246,5.835858419194436,8.037504588290059,10.239150757385683,0.6232865460042978,0.7102102490180631,0.7971339520318285,0.8343832269505996,1.218084023707206,1.6017848204638123,inside,above,above,above,inside,inside,condition,0.5373412428170623,1.5422955721966312,0.3973614671578934,2.6001801343482427,0.7507386378190154,1.3164037341619659,0.4513591555815271,2.153484307846312,0.7053122806836409,1.2021928669143314,0.6799856179720456,1.3817798590104606
transformer,add,149.0,0.3,1.0,False,softmax_ce,adamw,0.001,5,5,9800.0,0.3399502150151722,159.09649307853462,0.7722425139392878,0.8828872426574955,1.086603602896041,1.4135293243965976,2.155327921674493,3.597159101658824,1.1766256140379059,1.386530542843953,1.52896512006388,2.270890056793438,2.5207648393621627,5.558949510149526,0.5480653305229779,0.6557174976969783,0.8273363316975849,0.845858675504348,1.0453785655329542,1.1706355870253813,inside,inside,inside,above,inside,inside,condition,0.5373412428170623,1.5422955721966312,0.3973614671578934,2.6001801343482427,0.7507386378190154,1.3164037341619659,0.4513591555815271,2.153484307846312,0.7053122806836409,1.2021928669143314,0.6799856179720456,1.3817798590104606
transformer,compose,120.0,0.5,1.0,False,softmax_ce,adamw,0.001,2,2,93300.0,,98.51554010704587,1.0274522478559405,1.1423377587993082,1.2572232697426762,2.288372496895532,3.4084874885610263,4.52860248022652,0.9861564710607793,1.3805089564500093,1.7748614418392394,1.5916111696380046,4.748371959816178,7.905132749994352,0.7663442240888838,1.0433648884527726,1.3203855528166617,1.1252533581571202,1.2976518053694661,1.470050252581812,inside,inside,inside,inside,inside,inside,condition,0.5373412428170623,1.5422955721966312,0.3973614671578934,2.6001801343482427,0.7507386378190154,1.3164037341619659,0.4513591555815271,2.153484307846312,0.7053122806836409,1.2021928669143314,0.6799856179720456,1.3817798590104606
transformer,add,97.0,0.5,1.0,False,softmax_ce,adamw,0.001,5,5,3000.0,0.3236254899966057,180.38123090201762,0.04127596235653978,0.07991027723671221,0.09370291677013835,0.07602072710647514,0.1497346598473766,0.2486223734998625,1.0048793765690027,1.3378369108325037,1.575463574237433,1.7223799361408512,2.3221398121243446,4.863997423499982,0.03401860745474048,0.04885299742139116,0.06515215984886863,0.8401684884756162,0.9493500384298796,1.319084986898603,below,below,inside,inside,below,inside,condition,0.5373412428170623,1.5422955721966312,0.3973614671578934,2.6001801343482427,0.7507386378190154,1.3164037341619659,0.4513591555815271,2.153484307846312,0.7053122806836409,1.2021928669143314,0.6799856179720456,1.3817798590104606
transformer,add,97.0,0.4,1.0,False,softmax_ce,adamw,0.001,5,5,8800.0,0.3030454502706953,162.4236122312,0.21034431851503343,0.664789989321529,0.9233354872167703,0.416623380051536,1.4001713363970014,2.261936233670296,0.8323371464004539,1.2603312988499946,1.375050586739729,1.7552189017013347,2.610022689097712,3.046014288484369,0.15139128014963296,0.7241195704694432,0.8700485083371804,0.8119094063632909,1.2319185403687307,2.2225520520654953,inside,inside,inside,inside,inside,inside,condition,0.5373412428170623,1.5422955721966312,0.3973614671578934,2.6001801343482427,0.7507386378190154,1.3164037341619659,0.4513591555815271,2.153484307846312,0.7053122806836409,1.2021928669143314,0.6799856179720456,1.3817798590104606
transformer,add,113.0,0.3,1.0,False,softmax_ce,adamw,0.001,5,5,21500.0,0.3295196630070622,167.72304409478613,0.6797293826516251,0.8646777043721712,1.4016210001346991,1.1991239058694438,2.071164713954625,3.0232614155526885,0.9646976278673893,1.2007771288142552,1.5713693415826302,1.5963353250021957,2.6580073506262507,4.142316297128949,0.7032247823553255,0.7632109783036839,0.8604866729747503,0.8648346877569743,1.1736665590228426,1.279034190442059,inside,inside,inside,inside,inside,inside,condition,0.5373412428170623,1.5422955721966312,0.3973614671578934,2.6001801343482427,0.7507386378190154,1.3164037341619659,0.4513591555815271,2.153484307846312,0.7053122806836409,1.2021928669143314,0.6799856179720456,1.3817798590104606
transformer,div,97.0,0.5,1.0,False,softmax_ce,adamw,0.001,5,5,8100.0,0.4927746890747194,47.622983812724485,0.4645022760933006,1.1259818894838167,1.5981955553735991,1.2393206618645116,1.7415544556750184,7.588401589850817,0.644755415452993,1.175026501972885,1.6040381121871994,2.1077478512691807,3.3618693097042938,5.28612779263938,0.27513663509214065,0.5737041307461339,0.6799157134509701,0.7576764722550057,1.0640283567917936,2.7367025462284498,inside,inside,inside,inside,below,inside,condition,0.5373412428170623,1.5422955721966312,0.3973614671578934,2.6001801343482427,0.7507386378190154,1.3164037341619659,0.4513591555815271,2.153484307846312,0.7053122806836409,1.2021928669143314,0.6799856179720456,1.3817798590104606
transformer,add,97.0,0.3,1.0,False,softmax_ce,adamw,0.001,5,5,28600.0,0.2556247820354627,154.95773723111867,0.8483782597197783,0.9086106289461077,1.209967493067307,1.1558699045940193,1.6415957185919416,3.0616508338396513,0.8806260554151021,1.0854264170867567,1.2091118833356345,0.9570062523383844,1.6579035560594824,3.8028069027083804,0.8444456798694268,0.9673163795988137,1.1113170431064194,0.9910212087616167,1.2374337990819435,1.6399991191389003,inside,inside,inside,inside,inside,inside,condition,0.5373412428170623,1.5422955721966312,0.3973614671578934,2.6001801343482427,0.7507386378190154,1.3164037341619659,0.4513591555815271,2.153484307846312,0.7053122806836409,1.2021928669143314,0.6799856179720456,1.3817798590104606
transformer,mul,97.0,0.5,1.0,False,softmax_ce,adamw,0.001,5,5,2600.0,0.4126620420530678,64.64235178378833,0.053372221671134,0.06176182230224022,0.09513099109737923,0.11906298245701503,0.1351681449106089,0.224488239553342,0.5377859745995553,0.8840567697320144,0.9857234973966229,1.1246700699139756,1.8217283196589424,2.0774901585273264,0.02056304572881829,0.033519977701132235,0.03923955319975379,0.5026995801579214,0.7425169340167673,0.8356635588165574,below,below,inside,inside,below,inside,condition,0.5373412428170623,1.5422955721966312,0.3973614671578934,2.6001801343482427,0.7507386378190154,1.3164037341619659,0.4513591555815271,2.153484307846312,0.7053122806836409,1.2021928669143314,0.6799856179720456,1.3817798590104606
transformer,add,97.0,0.3,0.1,False,softmax_ce,adamw,0.001,5,3,140100.0,0.2528834351169893,62.72528284125788,0.681621324823345,0.9368835674579562,1.087929525760877,0.8562917640226863,1.2217851555577832,1.6633180922230009,0.8244282656069507,0.8613201047402105,0.9532905253824766,1.0387028950753365,1.0922525007494643,1.5912637079479128,0.8182401206766348,1.1262147475122493,1.1704933338865855,1.2250547390243012,1.2264024170555807,1.2616405972408726,inside,inside,inside,inside,inside,inside,condition,0.5373412428170623,1.5422955721966312,0.3973614671578934,2.6001801343482427,0.7507386378190154,1.3164037341619659,0.4513591555815271,2.153484307846312,0.7053122806836409,1.2021928669143314,0.6799856179720456,1.3817798590104606
transformer,add,97.0,0.3,0.3,False,softmax_ce,adamw,0.001,5,5,43800.0,0.3131302829539761,127.16420673366682,0.5409569580889065,0.6616076027039792,1.1184172677789108,0.7380275647367879,1.1367032248747764,1.3969065136182162,0.7235231768844428,0.8447014054271509,0.9876177053219255,1.071419897738416,1.2698564669594932,1.9047490136889365,0.7555386675668428,0.7765509164291258,1.1952483179630988,1.227046259986632,1.4848395914552008,1.7527359378860663,inside,inside,inside,inside,inside,inside,condition,0.5373412428170623,1.5422955721966312,0.3973614671578934,2.6001801343482427,0.7507386378190154,1.3164037341619659,0.4513591555815271,2.153484307846312,0.7053122806836409,1.2021928669143314,0.6799856179720456,1.3817798590104606
transformer,add,97.0,0.3,3.0,False,softmax_ce,adamw,0.001,5,5,49300.0,0.1368791569618209,140.44500686655024,0.16942882864756428,0.33256522210268663,0.36370894931118797,0.04023162981729042,0.09955002333741982,0.14592902949354633,0.19300226071205842,0.33021899087428247,0.34929389505887964,0.04274654385009632,0.09983046204769169,0.14346410948114655,0.9361159503699633,0.9978657741910648,1.0751005781262006,1.8119122567425672,1.8615285434862898,2.0136964829429074,below,below,below,below,inside,above,condition,0.5373412428170623,1.5422955721966312,0.3973614671578934,2.6001801343482427,0.7507386378190154,1.3164037341619659,0.4513591555815271,2.153484307846312,0.7053122806836409,1.2021928669143314,0.6799856179720456,1.3817798590104606
mlp,add,97.0,0.3,0.0,False,softmax_ce,orthograd_adamw,0.001,3,3,500.0,0.9991419023376318,1.640932641462277,2.479054995327719,3.2177102949539833,6.366449325828719,2.353450346181369,3.534223848766154,3.7323051977370674,3.9100247602100433,5.289228660717486,13.775872994860812,3.714180864841445,5.794952231591669,8.083201057870344,0.48607856987954884,0.6470489975664206,0.6621676134669316,1.295075350676916,1.8237706229272932,2.3304175584548927,above,inside,above,above,below,inside,intervention,0.5373412428170623,1.5422955721966312,0.3973614671578934,2.6001801343482427,0.7507386378190154,1.3164037341619659,0.4513591555815271,2.153484307846312,0.7053122806836409,1.2021928669143314,0.6799856179720456,1.3817798590104606
mlp,add,97.0,0.3,0.0,False,stablemax_ce,orthograd_adamw,0.001,3,2,650.0,0.9967439698532581,1.7494539490489847,4.7867169046479505,5.225256061333517,5.663795218019083,1.575262178534248,2.343805357957864,3.11234853738148,7.36054027571698,9.072456640489218,10.784373005261454,2.4297275184182365,4.247700084123736,6.065672649829234,0.5345620560654224,0.5989022720357196,0.6632424880060168,0.7388039604354149,0.9705563263960872,1.2023086923567596,above,inside,above,above,below,inside,intervention,0.5373412428170623,1.5422955721966312,0.3973614671578934,2.6001801343482427,0.7507386378190154,1.3164037341619659,0.4513591555815271,2.153484307846312,0.7053122806836409,1.2021928669143314,0.6799856179720456,1.3817798590104606
mlp,add,97.0,0.4,0.0,False,softmax_ce,orthograd_adamw,0.01,3,3,900.0,0.3024637237018836,0.994358654065841,0.964712235456048,0.9868589365682848,1.038998282111683,0.9404273513905029,1.0825220637750168,1.251186150283965,0.9656094940146985,0.9795946568455159,1.050237438938884,0.9500709664511621,1.0745556111509404,1.2524674402265559,0.9876016874421655,0.9923360924023794,0.9945955712364928,0.9887143579192436,1.0016786381546667,1.0087169395968791,inside,inside,inside,inside,inside,inside,intervention,0.5373412428170623,1.5422955721966312,0.3973614671578934,2.6001801343482427,0.7507386378190154,1.3164037341619659,0.4513591555815271,2.153484307846312,0.7053122806836409,1.2021928669143314,0.6799856179720456,1.3817798590104606
transformer,add,97.0,0.4,0.0,False,softmax_ce,orthograd_adamw,0.01,5,3,4900.0,0.1693967085713115,0.9811715023501186,0.9624148054695244,0.9884498889954058,1.5164937437523698,0.8016340089593035,0.9683052786810121,1.3227358832548475,0.9886170888740143,0.9910888861383316,1.522648846467533,0.8017339087263065,0.9722354092697271,1.33963400760315,0.9288446789465632,0.9987525461196205,1.0038381239013912,0.7457024145369554,0.9791897108669667,1.0613282040599121,inside,inside,inside,inside,inside,inside,intervention,0.5373412428170623,1.5422955721966312,0.3973614671578934,2.6001801343482427,0.7507386378190154,1.3164037341619659,0.4513591555815271,2.153484307846312,0.7053122806836409,1.2021928669143314,0.6799856179720456,1.3817798590104606
transformer,add,97.0,0.4,0.0,False,stablemax_ce,adamw,0.01,5,1,38100.0,0.3966817508890788,0.6927932739476723,1.1050806718596529,1.1050806718596529,1.1050806718596529,1.9291257204561951,1.9291257204561951,1.9291257204561951,0.9883500229040859,0.9883500229040859,0.9883500229040859,1.718260188751262,1.718260188751262,1.718260188751262,1.1449475722575033,1.1449475722575033,1.1449475722575033,0.9203532319374531,0.9203532319374531,0.9203532319374531,inside,inside,inside,inside,inside,inside,intervention,0.5373412428170623,1.5422955721966312,0.3973614671578934,2.6001801343482427,0.7507386378190154,1.3164037341619659,0.4513591555815271,2.153484307846312,0.7053122806836409,1.2021928669143314,0.6799856179720456,1.3817798590104606
,permuted,,,,,,,,5,0,,0.1299531627005666,125.08456475558067,0.8248633844500258,1.0371864414833651,1.5422955721966312,0.9043217667135013,1.1028332876043625,1.5283789520830904,0.7785306478902532,0.9770036709695743,1.2799979019631855,0.9139863905691546,1.0715979321719122,1.2989468731137614,0.9679981010201049,1.0748678741799063,1.1550976685990773,0.9077968727312028,0.999498743662178,1.0939335978500602,inside,inside,inside,inside,inside,inside,null model,0.5373412428170623,1.5422955721966312,0.3973614671578934,2.6001801343482427,0.7507386378190154,1.3164037341619659,0.4513591555815271,2.153484307846312,0.7053122806836409,1.2021928669143314,0.6799856179720456,1.3817798590104606
,poly,,,,,,,,11,0,,0.1254273314862557,101.86953527132397,0.8277522430467484,1.0150248574294556,1.1573673595332008,0.5719022754838594,1.0441854552117087,1.480727197108076,0.8964006208678891,0.9934483014612625,1.1440294420947719,0.697619916015916,0.8654022506920015,1.2627471341959489,0.8874733253538212,0.9855968522443614,1.146078540295231,0.8112119931199361,0.9695676088684931,1.1320216945227781,inside,inside,inside,inside,inside,inside,null model,0.5373412428170623,1.5422955721966312,0.3973614671578934,2.6001801343482427,0.7507386378190154,1.3164037341619659,0.4513591555815271,2.153484307846312,0.7053122806836409,1.2021928669143314,0.6799856179720456,1.3817798590104606
