run,observable,model,operation,modulus,train_fraction,weight_decay,label_permutation,loss,optimizer,t_g,t_top,delta
mlp_add97_f0.3_wd0.0_softmax_ce_s0,h1_max_persistence_normalised,mlp,add,97,0.3,0.0,False,softmax_ce,orthograd_adamw,500.0,2124.0,-1624.0
mlp_add97_f0.3_wd0.0_softmax_ce_s0,h1_total_persistence_normalised,mlp,add,97,0.3,0.0,False,softmax_ce,orthograd_adamw,500.0,1977.0,-1477.0
mlp_add97_f0.3_wd0.0_softmax_ce_s0,h1_max_persistence,mlp,add,97,0.3,0.0,False,softmax_ce,orthograd_adamw,500.0,1485.0,-985.0
mlp_add97_f0.3_wd0.0_softmax_ce_s1,h1_max_persistence_normalised,mlp,add,97,0.3,0.0,False,softmax_ce,orthograd_adamw,600.0,2633.0,-2033.0
mlp_add97_f0.3_wd0.0_softmax_ce_s1,h1_total_persistence_normalised,mlp,add,97,0.3,0.0,False,softmax_ce,orthograd_adamw,600.0,2828.0,-2228.0
mlp_add97_f0.3_wd0.0_softmax_ce_s1,h1_max_persistence,mlp,add,97,0.3,0.0,False,softmax_ce,orthograd_adamw,600.0,2282.0,-1682.0
mlp_add97_f0.3_wd0.0_softmax_ce_s2,h1_max_persistence_normalised,mlp,add,97,0.3,0.0,False,softmax_ce,orthograd_adamw,500.0,2124.0,-1624.0
mlp_add97_f0.3_wd0.0_softmax_ce_s2,h1_total_persistence_normalised,mlp,add,97,0.3,0.0,False,softmax_ce,orthograd_adamw,500.0,2124.0,-1624.0
mlp_add97_f0.3_wd0.0_softmax_ce_s2,h1_max_persistence,mlp,add,97,0.3,0.0,False,softmax_ce,orthograd_adamw,500.0,1977.0,-1477.0
mlp_add97_f0.3_wd0.0_stablemax_ce_s0,h1_max_persistence_normalised,mlp,add,97,0.3,0.0,False,stablemax_ce,orthograd_adamw,600.0,1382.0,-782.0
mlp_add97_f0.3_wd0.0_stablemax_ce_s0,h1_total_persistence_normalised,mlp,add,97,0.3,0.0,False,stablemax_ce,orthograd_adamw,600.0,1382.0,-782.0
mlp_add97_f0.3_wd0.0_stablemax_ce_s0,h1_max_persistence,mlp,add,97,0.3,0.0,False,stablemax_ce,orthograd_adamw,600.0,1115.0,-515.0
mlp_add97_f0.3_wd0.0_stablemax_ce_s1,h1_max_persistence_normalised,mlp,add,97,0.3,0.0,False,stablemax_ce,orthograd_adamw,700.0,1595.0,-895.0
mlp_add97_f0.3_wd0.0_stablemax_ce_s1,h1_total_persistence_normalised,mlp,add,97,0.3,0.0,False,stablemax_ce,orthograd_adamw,700.0,1713.0,-1013.0
mlp_add97_f0.3_wd0.0_stablemax_ce_s1,h1_max_persistence,mlp,add,97,0.3,0.0,False,stablemax_ce,orthograd_adamw,700.0,1382.0,-682.0
mlp_add97_f0.3_wd0.0_stablemax_ce_s2,h1_max_persistence_normalised,mlp,add,97,0.3,0.0,False,stablemax_ce,orthograd_adamw,,51.0,
mlp_add97_f0.3_wd0.0_stablemax_ce_s2,h1_total_persistence_normalised,mlp,add,97,0.3,0.0,False,stablemax_ce,orthograd_adamw,,68.0,
mlp_add97_f0.3_wd0.0_stablemax_ce_s2,h1_max_persistence,mlp,add,97,0.3,0.0,False,stablemax_ce,orthograd_adamw,,,
mlp_add97_f0.3_wd1.0_softmax_ce_s0,h1_max_persistence_normalised,mlp,add,97,0.3,1.0,False,softmax_ce,adamw,14300.0,18264.0,-3964.0
mlp_add97_f0.3_wd1.0_softmax_ce_s0,h1_total_persistence_normalised,mlp,add,97,0.3,1.0,False,softmax_ce,adamw,14300.0,18264.0,-3964.0
mlp_add97_f0.3_wd1.0_softmax_ce_s0,h1_max_persistence,mlp,add,97,0.3,1.0,False,softmax_ce,adamw,14300.0,18264.0,-3964.0
mlp_add97_f0.3_wd1.0_softmax_ce_s1,h1_max_persistence_normalised,mlp,add,97,0.3,1.0,False,softmax_ce,adamw,13200.0,33103.0,-19903.0
mlp_add97_f0.3_wd1.0_softmax_ce_s1,h1_total_persistence_normalised,mlp,add,97,0.3,1.0,False,softmax_ce,adamw,13200.0,28530.0,-15330.0
mlp_add97_f0.3_wd1.0_softmax_ce_s1,h1_max_persistence,mlp,add,97,0.3,1.0,False,softmax_ce,adamw,13200.0,33103.0,-19903.0
mlp_add97_f0.3_wd1.0_softmax_ce_s2,h1_max_persistence_normalised,mlp,add,97,0.3,1.0,False,softmax_ce,adamw,12100.0,16955.0,-4855.0
mlp_add97_f0.3_wd1.0_softmax_ce_s2,h1_total_persistence_normalised,mlp,add,97,0.3,1.0,False,softmax_ce,adamw,12100.0,14613.0,-2513.0
mlp_add97_f0.3_wd1.0_softmax_ce_s2,h1_max_persistence,mlp,add,97,0.3,1.0,False,softmax_ce,adamw,12100.0,16955.0,-4855.0
mlp_add97_f0.3_wd1.0_softmax_ce_s3,h1_max_persistence_normalised,mlp,add,97,0.3,1.0,False,softmax_ce,adamw,9500.0,10077.0,-577.0
mlp_add97_f0.3_wd1.0_softmax_ce_s3,h1_total_persistence_normalised,mlp,add,97,0.3,1.0,False,softmax_ce,adamw,9500.0,10077.0,-577.0
mlp_add97_f0.3_wd1.0_softmax_ce_s3,h1_max_persistence,mlp,add,97,0.3,1.0,False,softmax_ce,adamw,9500.0,15741.0,-6241.0
mlp_add97_f0.3_wd1.0_softmax_ce_s4,h1_max_persistence_normalised,mlp,add,97,0.3,1.0,False,softmax_ce,adamw,12100.0,15741.0,-3641.0
mlp_add97_f0.3_wd1.0_softmax_ce_s4,h1_total_persistence_normalised,mlp,add,97,0.3,1.0,False,softmax_ce,adamw,12100.0,13566.0,-1466.0
mlp_add97_f0.3_wd1.0_softmax_ce_s4,h1_max_persistence,mlp,add,97,0.3,1.0,False,softmax_ce,adamw,12100.0,19673.0,-7573.0
mlp_add97_f0.4_wd0.0_softmax_ce_s0,h1_max_persistence_normalised,mlp,add,97,0.4,0.0,False,softmax_ce,orthograd_adamw,900.0,441.0,459.0
mlp_add97_f0.4_wd0.0_softmax_ce_s0,h1_total_persistence_normalised,mlp,add,97,0.4,0.0,False,softmax_ce,orthograd_adamw,900.0,40.0,860.0
mlp_add97_f0.4_wd0.0_softmax_ce_s0,h1_max_persistence,mlp,add,97,0.4,0.0,False,softmax_ce,orthograd_adamw,900.0,472.0,428.0
mlp_add97_f0.4_wd0.0_softmax_ce_s1,h1_max_persistence_normalised,mlp,add,97,0.4,0.0,False,softmax_ce,orthograd_adamw,900.0,151.0,749.0
mlp_add97_f0.4_wd0.0_softmax_ce_s1,h1_total_persistence_normalised,mlp,add,97,0.4,0.0,False,softmax_ce,orthograd_adamw,900.0,52.0,848.0
mlp_add97_f0.4_wd0.0_softmax_ce_s1,h1_max_persistence,mlp,add,97,0.4,0.0,False,softmax_ce,orthograd_adamw,900.0,151.0,749.0
mlp_add97_f0.4_wd0.0_softmax_ce_s2,h1_max_persistence_normalised,mlp,add,97,0.4,0.0,False,softmax_ce,orthograd_adamw,1100.0,55.0,1045.0
mlp_add97_f0.4_wd0.0_softmax_ce_s2,h1_total_persistence_normalised,mlp,add,97,0.4,0.0,False,softmax_ce,orthograd_adamw,1100.0,48.0,1052.0
mlp_add97_f0.4_wd0.0_softmax_ce_s2,h1_max_persistence,mlp,add,97,0.4,0.0,False,softmax_ce,orthograd_adamw,1100.0,55.0,1045.0
mlp_add97_f0.4_wd0.0_stablemax_ce_s0,h1_max_persistence_normalised,mlp,add,97,0.4,0.0,False,stablemax_ce,adamw,,33.0,
mlp_add97_f0.4_wd0.0_stablemax_ce_s0,h1_total_persistence_normalised,mlp,add,97,0.4,0.0,False,stablemax_ce,adamw,,179.0,
mlp_add97_f0.4_wd0.0_stablemax_ce_s0,h1_max_persistence,mlp,add,97,0.4,0.0,False,stablemax_ce,adamw,,8757.0,
mlp_add97_f0.4_wd0.0_stablemax_ce_s1,h1_max_persistence_normalised,mlp,add,97,0.4,0.0,False,stablemax_ce,adamw,,12.0,
mlp_add97_f0.4_wd0.0_stablemax_ce_s1,h1_total_persistence_normalised,mlp,add,97,0.4,0.0,False,stablemax_ce,adamw,,225.0,
mlp_add97_f0.4_wd0.0_stablemax_ce_s1,h1_max_persistence,mlp,add,97,0.4,0.0,False,stablemax_ce,adamw,,8757.0,
mlp_add97_f0.4_wd0.0_stablemax_ce_s2,h1_max_persistence_normalised,mlp,add,97,0.4,0.0,False,stablemax_ce,adamw,,14937.0,
mlp_add97_f0.4_wd0.0_stablemax_ce_s2,h1_total_persistence_normalised,mlp,add,97,0.4,0.0,False,stablemax_ce,adamw,,414.0,
mlp_add97_f0.4_wd0.0_stablemax_ce_s2,h1_max_persistence,mlp,add,97,0.4,0.0,False,stablemax_ce,adamw,,11881.0,
transformer_add113_f0.3_wd0.1_softmax_ce_s0,h1_max_persistence_normalised,transformer,add,113,0.3,0.1,False,softmax_ce,adamw,13000.0,15126.0,-2126.0
transformer_add113_f0.3_wd0.1_softmax_ce_s0,h1_total_persistence_normalised,transformer,add,113,0.3,0.1,False,softmax_ce,adamw,13000.0,15126.0,-2126.0
transformer_add113_f0.3_wd0.1_softmax_ce_s0,h1_max_persistence,transformer,add,113,0.3,0.1,False,softmax_ce,adamw,13000.0,15126.0,-2126.0
transformer_add113_f0.3_wd0.1_softmax_ce_s1,h1_max_persistence_normalised,transformer,add,113,0.3,0.1,False,softmax_ce,adamw,12000.0,14622.0,-2622.0
transformer_add113_f0.3_wd0.1_softmax_ce_s1,h1_total_persistence_normalised,transformer,add,113,0.3,0.1,False,softmax_ce,adamw,12000.0,15630.0,-3630.0
transformer_add113_f0.3_wd0.1_softmax_ce_s1,h1_max_persistence,transformer,add,113,0.3,0.1,False,softmax_ce,adamw,12000.0,16134.0,-4134.0
transformer_add113_f0.3_wd0.1_softmax_ce_s2,h1_max_persistence_normalised,transformer,add,113,0.3,0.1,False,softmax_ce,adamw,14000.0,16639.0,-2639.0
transformer_add113_f0.3_wd0.1_softmax_ce_s2,h1_total_persistence_normalised,transformer,add,113,0.3,0.1,False,softmax_ce,adamw,14000.0,21176.0,-7176.0
transformer_add113_f0.3_wd0.1_softmax_ce_s2,h1_max_persistence,transformer,add,113,0.3,0.1,False,softmax_ce,adamw,14000.0,16639.0,-2639.0
transformer_add113_f0.3_wd0.1_softmax_ce_s3,h1_max_persistence_normalised,transformer,add,113,0.3,0.1,False,softmax_ce,adamw,11500.0,13613.0,-2113.0
transformer_add113_f0.3_wd0.1_softmax_ce_s3,h1_total_persistence_normalised,transformer,add,113,0.3,0.1,False,softmax_ce,adamw,11500.0,14622.0,-3122.0
transformer_add113_f0.3_wd0.1_softmax_ce_s3,h1_max_persistence,transformer,add,113,0.3,0.1,False,softmax_ce,adamw,11500.0,9580.0,1920.0
transformer_add113_f0.3_wd0.1_softmax_ce_s4,h1_max_persistence_normalised,transformer,add,113,0.3,0.1,False,softmax_ce,adamw,10500.0,12101.0,-1601.0
transformer_add113_f0.3_wd0.1_softmax_ce_s4,h1_total_persistence_normalised,transformer,add,113,0.3,0.1,False,softmax_ce,adamw,10500.0,12101.0,-1601.0
transformer_add113_f0.3_wd0.1_softmax_ce_s4,h1_max_persistence,transformer,add,113,0.3,0.1,False,softmax_ce,adamw,10500.0,46891.0,-36391.0
transformer_add113_f0.3_wd1.0_softmax_ce_s0,h1_max_persistence_normalised,transformer,add,113,0.3,1.0,False,softmax_ce,adamw,21500.0,33103.0,-11603.0
transformer_add113_f0.3_wd1.0_softmax_ce_s0,h1_total_persistence_normalised,transformer,add,113,0.3,1.0,False,softmax_ce,adamw,21500.0,33103.0,-11603.0
transformer_add113_f0.3_wd1.0_softmax_ce_s0,h1_max_persistence,transformer,add,113,0.3,1.0,False,softmax_ce,adamw,21500.0,33103.0,-11603.0
transformer_add113_f0.3_wd1.0_softmax_ce_s1,h1_max_persistence_normalised,transformer,add,113,0.3,1.0,False,softmax_ce,adamw,27500.0,33103.0,-5603.0
transformer_add113_f0.3_wd1.0_softmax_ce_s1,h1_total_persistence_normalised,transformer,add,113,0.3,1.0,False,softmax_ce,adamw,27500.0,33103.0,-5603.0
transformer_add113_f0.3_wd1.0_softmax_ce_s1,h1_max_persistence,transformer,add,113,0.3,1.0,False,softmax_ce,adamw,27500.0,60000.0,-32500.0
transformer_add113_f0.3_wd1.0_softmax_ce_s2,h1_max_persistence_normalised,transformer,add,113,0.3,1.0,False,softmax_ce,adamw,21800.0,38410.0,-16610.0
transformer_add113_f0.3_wd1.0_softmax_ce_s2,h1_total_persistence_normalised,transformer,add,113,0.3,1.0,False,softmax_ce,adamw,21800.0,35658.0,-13858.0
transformer_add113_f0.3_wd1.0_softmax_ce_s2,h1_max_persistence,transformer,add,113,0.3,1.0,False,softmax_ce,adamw,21800.0,44567.0,-22767.0
transformer_add113_f0.3_wd1.0_softmax_ce_s3,h1_max_persistence_normalised,transformer,add,113,0.3,1.0,False,softmax_ce,adamw,16800.0,41374.0,-24574.0
transformer_add113_f0.3_wd1.0_softmax_ce_s3,h1_total_persistence_normalised,transformer,add,113,0.3,1.0,False,softmax_ce,adamw,16800.0,41374.0,-24574.0
transformer_add113_f0.3_wd1.0_softmax_ce_s3,h1_max_persistence,transformer,add,113,0.3,1.0,False,softmax_ce,adamw,16800.0,41374.0,-24574.0
transformer_add113_f0.3_wd1.0_softmax_ce_s4,h1_max_persistence_normalised,transformer,add,113,0.3,1.0,False,softmax_ce,adamw,19100.0,30732.0,-11632.0
transformer_add113_f0.3_wd1.0_softmax_ce_s4,h1_total_persistence_normalised,transformer,add,113,0.3,1.0,False,softmax_ce,adamw,19100.0,33103.0,-14003.0
transformer_add113_f0.3_wd1.0_softmax_ce_s4,h1_max_persistence,transformer,add,113,0.3,1.0,False,softmax_ce,adamw,19100.0,38410.0,-19310.0
transformer_add149_f0.3_wd1.0_softmax_ce_s0,h1_max_persistence_normalised,transformer,add,149,0.3,1.0,False,softmax_ce,adamw,10500.0,5989.0,4511.0
transformer_add149_f0.3_wd1.0_softmax_ce_s0,h1_total_persistence_normalised,transformer,add,149,0.3,1.0,False,softmax_ce,adamw,10500.0,7485.0,3015.0
transformer_add149_f0.3_wd1.0_softmax_ce_s0,h1_max_persistence,transformer,add,149,0.3,1.0,False,softmax_ce,adamw,10500.0,7485.0,3015.0
transformer_add149_f0.3_wd1.0_softmax_ce_s1,h1_max_persistence_normalised,transformer,add,149,0.3,1.0,False,softmax_ce,adamw,9600.0,12594.0,-2994.0
transformer_add149_f0.3_wd1.0_softmax_ce_s1,h1_total_persistence_normalised,transformer,add,149,0.3,1.0,False,softmax_ce,adamw,9600.0,12594.0,-2994.0
transformer_add149_f0.3_wd1.0_softmax_ce_s1,h1_max_persistence,transformer,add,149,0.3,1.0,False,softmax_ce,adamw,9600.0,10077.0,-477.0
transformer_add149_f0.3_wd1.0_softmax_ce_s2,h1_max_persistence_normalised,transformer,add,149,0.3,1.0,False,softmax_ce,adamw,6800.0,14613.0,-7813.0
transformer_add149_f0.3_wd1.0_softmax_ce_s2,h1_total_persistence_normalised,transformer,add,149,0.3,1.0,False,softmax_ce,adamw,6800.0,22827.0,-16027.0
transformer_add149_f0.3_wd1.0_softmax_ce_s2,h1_max_persistence,transformer,add,149,0.3,1.0,False,softmax_ce,adamw,6800.0,12594.0,-5794.0
transformer_add149_f0.3_wd1.0_softmax_ce_s3,h1_max_persistence_normalised,transformer,add,149,0.3,1.0,False,softmax_ce,adamw,9800.0,44567.0,-34767.0
transformer_add149_f0.3_wd1.0_softmax_ce_s3,h1_total_persistence_normalised,transformer,add,149,0.3,1.0,False,softmax_ce,adamw,9800.0,12594.0,-2794.0
transformer_add149_f0.3_wd1.0_softmax_ce_s3,h1_max_persistence,transformer,add,149,0.3,1.0,False,softmax_ce,adamw,9800.0,44567.0,-34767.0
transformer_add149_f0.3_wd1.0_softmax_ce_s4,h1_max_persistence_normalised,transformer,add,149,0.3,1.0,False,softmax_ce,adamw,9800.0,12594.0,-2794.0
transformer_add149_f0.3_wd1.0_softmax_ce_s4,h1_total_persistence_normalised,transformer,add,149,0.3,1.0,False,softmax_ce,adamw,9800.0,12594.0,-2794.0
transformer_add149_f0.3_wd1.0_softmax_ce_s4,h1_max_persistence,transformer,add,149,0.3,1.0,False,softmax_ce,adamw,9800.0,8062.0,1738.0
transformer_add97_f0.2_wd1.0_softmax_ce_s0,h1_max_persistence_normalised,transformer,add,97,0.2,1.0,False,softmax_ce,adamw,,5560.0,
transformer_add97_f0.2_wd1.0_softmax_ce_s0,h1_total_persistence_normalised,transformer,add,97,0.2,1.0,False,softmax_ce,adamw,,5161.0,
transformer_add97_f0.2_wd1.0_softmax_ce_s0,h1_max_persistence,transformer,add,97,0.2,1.0,False,softmax_ce,adamw,,13566.0,
transformer_add97_f0.2_wd1.0_softmax_ce_s1,h1_max_persistence_normalised,transformer,add,97,0.2,1.0,False,softmax_ce,adamw,,4791.0,
transformer_add97_f0.2_wd1.0_softmax_ce_s1,h1_total_persistence_normalised,transformer,add,97,0.2,1.0,False,softmax_ce,adamw,,7485.0,
transformer_add97_f0.2_wd1.0_softmax_ce_s1,h1_max_persistence,transformer,add,97,0.2,1.0,False,softmax_ce,adamw,,12594.0,
transformer_add97_f0.2_wd1.0_softmax_ce_s2,h1_max_persistence_normalised,transformer,add,97,0.2,1.0,False,softmax_ce,adamw,,4791.0,
transformer_add97_f0.2_wd1.0_softmax_ce_s2,h1_total_persistence_normalised,transformer,add,97,0.2,1.0,False,softmax_ce,adamw,,6451.0,
transformer_add97_f0.2_wd1.0_softmax_ce_s2,h1_max_persistence,transformer,add,97,0.2,1.0,False,softmax_ce,adamw,,55701.0,
transformer_add97_f0.2_wd1.0_softmax_ce_s3,h1_max_persistence_normalised,transformer,add,97,0.2,1.0,False,softmax_ce,adamw,,6451.0,
transformer_add97_f0.2_wd1.0_softmax_ce_s3,h1_total_persistence_normalised,transformer,add,97,0.2,1.0,False,softmax_ce,adamw,,7485.0,
transformer_add97_f0.2_wd1.0_softmax_ce_s3,h1_max_persistence,transformer,add,97,0.2,1.0,False,softmax_ce,adamw,,7485.0,
transformer_add97_f0.2_wd1.0_softmax_ce_s4,h1_max_persistence_normalised,transformer,add,97,0.2,1.0,False,softmax_ce,adamw,,28530.0,
transformer_add97_f0.2_wd1.0_softmax_ce_s4,h1_total_persistence_normalised,transformer,add,97,0.2,1.0,False,softmax_ce,adamw,,30732.0,
transformer_add97_f0.2_wd1.0_softmax_ce_s4,h1_max_persistence,transformer,add,97,0.2,1.0,False,softmax_ce,adamw,,28530.0,
transformer_add97_f0.3_wd0.0_stablemax_ce_s0,h1_max_persistence_normalised,transformer,add,97,0.3,0.0,False,stablemax_ce,orthograd_adamw,,286.0,
transformer_add97_f0.3_wd0.0_stablemax_ce_s0,h1_total_persistence_normalised,transformer,add,97,0.3,0.0,False,stablemax_ce,orthograd_adamw,,545.0,
transformer_add97_f0.3_wd0.0_stablemax_ce_s0,h1_max_persistence,transformer,add,97,0.3,0.0,False,stablemax_ce,orthograd_adamw,,248.0,
transformer_add97_f0.3_wd0.0_stablemax_ce_s1,h1_max_persistence_normalised,transformer,add,97,0.3,0.0,False,stablemax_ce,orthograd_adamw,,8279.0,
transformer_add97_f0.3_wd0.0_stablemax_ce_s1,h1_total_persistence_normalised,transformer,add,97,0.3,0.0,False,stablemax_ce,orthograd_adamw,,629.0,
transformer_add97_f0.3_wd0.0_stablemax_ce_s1,h1_max_persistence,transformer,add,97,0.3,0.0,False,stablemax_ce,orthograd_adamw,,8279.0,
transformer_add97_f0.3_wd0.0_stablemax_ce_s2,h1_max_persistence_normalised,transformer,add,97,0.3,0.0,False,stablemax_ce,orthograd_adamw,,200.0,
transformer_add97_f0.3_wd0.0_stablemax_ce_s2,h1_total_persistence_normalised,transformer,add,97,0.3,0.0,False,stablemax_ce,orthograd_adamw,,900.0,
transformer_add97_f0.3_wd0.0_stablemax_ce_s2,h1_max_persistence,transformer,add,97,0.3,0.0,False,stablemax_ce,orthograd_adamw,,200.0,
transformer_add97_f0.3_wd0.0_stablemax_ce_s3,h1_max_persistence_normalised,transformer,add,97,0.3,0.0,False,stablemax_ce,orthograd_adamw,,91.0,
transformer_add97_f0.3_wd0.0_stablemax_ce_s3,h1_total_persistence_normalised,transformer,add,97,0.3,0.0,False,stablemax_ce,orthograd_adamw,,966.0,
transformer_add97_f0.3_wd0.0_stablemax_ce_s3,h1_max_persistence,transformer,add,97,0.3,0.0,False,stablemax_ce,orthograd_adamw,,2633.0,
transformer_add97_f0.3_wd0.0_stablemax_ce_s4,h1_max_persistence_normalised,transformer,add,97,0.3,0.0,False,stablemax_ce,orthograd_adamw,,381.0,
transformer_add97_f0.3_wd0.0_stablemax_ce_s4,h1_total_persistence_normalised,transformer,add,97,0.3,0.0,False,stablemax_ce,orthograd_adamw,,837.0,
transformer_add97_f0.3_wd0.0_stablemax_ce_s4,h1_max_persistence,transformer,add,97,0.3,0.0,False,stablemax_ce,orthograd_adamw,,381.0,
transformer_add97_f0.3_wd0.1_softmax_ce_s0,h1_max_persistence_normalised,transformer,add,97,0.3,0.1,False,softmax_ce,adamw,,38154.0,
transformer_add97_f0.3_wd0.1_softmax_ce_s0,h1_total_persistence_normalised,transformer,add,97,0.3,0.1,False,softmax_ce,adamw,,41354.0,
transformer_add97_f0.3_wd0.1_softmax_ce_s0,h1_max_persistence,transformer,add,97,0.3,0.1,False,softmax_ce,adamw,,,
transformer_add97_f0.3_wd0.1_softmax_ce_s1,h1_max_persistence_normalised,transformer,add,97,0.3,0.1,False,softmax_ce,adamw,142200.0,38154.0,104046.0
transformer_add97_f0.3_wd0.1_softmax_ce_s1,h1_total_persistence_normalised,transformer,add,97,0.3,0.1,False,softmax_ce,adamw,142200.0,41354.0,100846.0
transformer_add97_f0.3_wd0.1_softmax_ce_s1,h1_max_persistence,transformer,add,97,0.3,0.1,False,softmax_ce,adamw,142200.0,108692.0,33508.0
transformer_add97_f0.3_wd0.1_softmax_ce_s2,h1_max_persistence_normalised,transformer,add,97,0.3,0.1,False,softmax_ce,adamw,137000.0,29965.0,107035.0
transformer_add97_f0.3_wd0.1_softmax_ce_s2,h1_total_persistence_normalised,transformer,add,97,0.3,0.1,False,softmax_ce,adamw,137000.0,38154.0,98846.0
transformer_add97_f0.3_wd0.1_softmax_ce_s2,h1_max_persistence,transformer,add,97,0.3,0.1,False,softmax_ce,adamw,137000.0,127686.0,9314.0
transformer_add97_f0.3_wd0.1_softmax_ce_s3,h1_max_persistence_normalised,transformer,add,97,0.3,0.1,False,softmax_ce,adamw,,41354.0,
transformer_add97_f0.3_wd0.1_softmax_ce_s3,h1_total_persistence_normalised,transformer,add,97,0.3,0.1,False,softmax_ce,adamw,,52654.0,
transformer_add97_f0.3_wd0.1_softmax_ce_s3,h1_max_persistence,transformer,add,97,0.3,0.1,False,softmax_ce,adamw,,92523.0,
transformer_add97_f0.3_wd0.1_softmax_ce_s4,h1_max_persistence_normalised,transformer,add,97,0.3,0.1,False,softmax_ce,adamw,140100.0,127686.0,12414.0
transformer_add97_f0.3_wd0.1_softmax_ce_s4,h1_total_persistence_normalised,transformer,add,97,0.3,0.1,False,softmax_ce,adamw,140100.0,48580.0,91520.0
transformer_add97_f0.3_wd0.1_softmax_ce_s4,h1_max_persistence,transformer,add,97,0.3,0.1,False,softmax_ce,adamw,140100.0,108692.0,31408.0
transformer_add97_f0.3_wd0.3_softmax_ce_s0,h1_max_persistence_normalised,transformer,add,97,0.3,0.3,False,softmax_ce,adamw,55400.0,14613.0,40787.0
transformer_add97_f0.3_wd0.3_softmax_ce_s0,h1_total_persistence_normalised,transformer,add,97,0.3,0.3,False,softmax_ce,adamw,55400.0,28530.0,26870.0
transformer_add97_f0.3_wd0.3_softmax_ce_s0,h1_max_persistence,transformer,add,97,0.3,0.3,False,softmax_ce,adamw,55400.0,55701.0,-301.0
transformer_add97_f0.3_wd0.3_softmax_ce_s1,h1_max_persistence_normalised,transformer,add,97,0.3,0.3,False,softmax_ce,adamw,41200.0,15741.0,25459.0
transformer_add97_f0.3_wd0.3_softmax_ce_s1,h1_total_persistence_normalised,transformer,add,97,0.3,0.3,False,softmax_ce,adamw,41200.0,19673.0,21527.0
transformer_add97_f0.3_wd0.3_softmax_ce_s1,h1_max_persistence,transformer,add,97,0.3,0.3,False,softmax_ce,adamw,41200.0,,
transformer_add97_f0.3_wd0.3_softmax_ce_s2,h1_max_persistence_normalised,transformer,add,97,0.3,0.3,False,softmax_ce,adamw,43800.0,14613.0,29187.0
transformer_add97_f0.3_wd0.3_softmax_ce_s2,h1_total_persistence_normalised,transformer,add,97,0.3,0.3,False,softmax_ce,adamw,43800.0,41374.0,2426.0
transformer_add97_f0.3_wd0.3_softmax_ce_s2,h1_max_persistence,transformer,add,97,0.3,0.3,False,softmax_ce,adamw,43800.0,,
transformer_add97_f0.3_wd0.3_softmax_ce_s3,h1_max_persistence_normalised,transformer,add,97,0.3,0.3,False,softmax_ce,adamw,56500.0,13566.0,42934.0
transformer_add97_f0.3_wd0.3_softmax_ce_s3,h1_total_persistence_normalised,transformer,add,97,0.3,0.3,False,softmax_ce,adamw,56500.0,18264.0,38236.0
transformer_add97_f0.3_wd0.3_softmax_ce_s3,h1_max_persistence,transformer,add,97,0.3,0.3,False,softmax_ce,adamw,56500.0,22827.0,33673.0
transformer_add97_f0.3_wd0.3_softmax_ce_s4,h1_max_persistence_normalised,transformer,add,97,0.3,0.3,False,softmax_ce,adamw,42600.0,15741.0,26859.0
transformer_add97_f0.3_wd0.3_softmax_ce_s4,h1_total_persistence_normalised,transformer,add,97,0.3,0.3,False,softmax_ce,adamw,42600.0,35658.0,6942.0
transformer_add97_f0.3_wd0.3_softmax_ce_s4,h1_max_persistence,transformer,add,97,0.3,0.3,False,softmax_ce,adamw,42600.0,,
transformer_add97_f0.3_wd1.0_softmax_ce_s0,h1_max_persistence_normalised,transformer,add,97,0.3,1.0,False,softmax_ce,adamw,27600.0,4346.0,23254.0
transformer_add97_f0.3_wd1.0_softmax_ce_s0,h1_total_persistence_normalised,transformer,add,97,0.3,1.0,False,softmax_ce,adamw,27600.0,11024.0,16576.0
transformer_add97_f0.3_wd1.0_softmax_ce_s0,h1_max_persistence,transformer,add,97,0.3,1.0,False,softmax_ce,adamw,27600.0,22558.0,5042.0
transformer_add97_f0.3_wd1.0_softmax_ce_s1,h1_max_persistence_normalised,transformer,add,97,0.3,1.0,False,softmax_ce,adamw,28600.0,20999.0,7601.0
transformer_add97_f0.3_wd1.0_softmax_ce_s1,h1_total_persistence_normalised,transformer,add,97,0.3,1.0,False,softmax_ce,adamw,28600.0,26031.0,2569.0
transformer_add97_f0.3_wd1.0_softmax_ce_s1,h1_max_persistence,transformer,add,97,0.3,1.0,False,softmax_ce,adamw,28600.0,22558.0,6042.0
transformer_add97_f0.3_wd1.0_softmax_ce_s2,h1_max_persistence_normalised,transformer,add,97,0.3,1.0,False,softmax_ce,adamw,30000.0,27963.0,2037.0
transformer_add97_f0.3_wd1.0_softmax_ce_s2,h1_total_persistence_normalised,transformer,add,97,0.3,1.0,False,softmax_ce,adamw,30000.0,37236.0,-7236.0
transformer_add97_f0.3_wd1.0_softmax_ce_s2,h1_max_persistence,transformer,add,97,0.3,1.0,False,softmax_ce,adamw,30000.0,30039.0,-39.0
transformer_add97_f0.3_wd1.0_softmax_ce_s3,h1_max_persistence_normalised,transformer,add,97,0.3,1.0,False,softmax_ce,adamw,34700.0,4669.0,30031.0
transformer_add97_f0.3_wd1.0_softmax_ce_s3,h1_total_persistence_normalised,transformer,add,97,0.3,1.0,False,softmax_ce,adamw,34700.0,5388.0,29312.0
transformer_add97_f0.3_wd1.0_softmax_ce_s3,h1_max_persistence,transformer,add,97,0.3,1.0,False,softmax_ce,adamw,34700.0,9553.0,25147.0
transformer_add97_f0.3_wd1.0_softmax_ce_s4,h1_max_persistence_normalised,transformer,add,97,0.3,1.0,False,softmax_ce,adamw,25700.0,34663.0,-8963.0
transformer_add97_f0.3_wd1.0_softmax_ce_s4,h1_total_persistence_normalised,transformer,add,97,0.3,1.0,False,softmax_ce,adamw,25700.0,34663.0,-8963.0
transformer_add97_f0.3_wd1.0_softmax_ce_s4,h1_max_persistence,transformer,add,97,0.3,1.0,False,softmax_ce,adamw,25700.0,34663.0,-8963.0
transformer_add97_f0.3_wd3.0_softmax_ce_s0,h1_max_persistence_normalised,transformer,add,97,0.3,3.0,False,softmax_ce,adamw,49300.0,102457.0,-53157.0
transformer_add97_f0.3_wd3.0_softmax_ce_s0,h1_total_persistence_normalised,transformer,add,97,0.3,3.0,False,softmax_ce,adamw,49300.0,87479.0,-38179.0
transformer_add97_f0.3_wd3.0_softmax_ce_s0,h1_max_persistence,transformer,add,97,0.3,3.0,False,softmax_ce,adamw,49300.0,102457.0,-53157.0
transformer_add97_f0.3_wd3.0_softmax_ce_s1,h1_max_persistence_normalised,transformer,add,97,0.3,3.0,False,softmax_ce,adamw,63700.0,120000.0,-56300.0
transformer_add97_f0.3_wd3.0_softmax_ce_s1,h1_total_persistence_normalised,transformer,add,97,0.3,3.0,False,softmax_ce,adamw,63700.0,80833.0,-17133.0
transformer_add97_f0.3_wd3.0_softmax_ce_s1,h1_max_persistence,transformer,add,97,0.3,3.0,False,softmax_ce,adamw,63700.0,120000.0,-56300.0
transformer_add97_f0.3_wd3.0_softmax_ce_s2,h1_max_persistence_normalised,transformer,add,97,0.3,3.0,False,softmax_ce,adamw,47500.0,74691.0,-27191.0
transformer_add97_f0.3_wd3.0_softmax_ce_s2,h1_total_persistence_normalised,transformer,add,97,0.3,3.0,False,softmax_ce,adamw,47500.0,58927.0,-11427.0
transformer_add97_f0.3_wd3.0_softmax_ce_s2,h1_max_persistence,transformer,add,97,0.3,3.0,False,softmax_ce,adamw,47500.0,74691.0,-27191.0
transformer_add97_f0.3_wd3.0_softmax_ce_s3,h1_max_persistence_normalised,transformer,add,97,0.3,3.0,False,softmax_ce,adamw,78000.0,120000.0,-42000.0
transformer_add97_f0.3_wd3.0_softmax_ce_s3,h1_total_persistence_normalised,transformer,add,97,0.3,3.0,False,softmax_ce,adamw,78000.0,,
transformer_add97_f0.3_wd3.0_softmax_ce_s3,h1_max_persistence,transformer,add,97,0.3,3.0,False,softmax_ce,adamw,78000.0,120000.0,-42000.0
transformer_add97_f0.3_wd3.0_softmax_ce_s4,h1_max_persistence_normalised,transformer,add,97,0.3,3.0,False,softmax_ce,adamw,39100.0,87479.0,-48379.0
transformer_add97_f0.3_wd3.0_softmax_ce_s4,h1_total_persistence_normalised,transformer,add,97,0.3,3.0,False,softmax_ce,adamw,39100.0,87479.0,-48379.0
transformer_add97_f0.3_wd3.0_softmax_ce_s4,h1_max_persistence,transformer,add,97,0.3,3.0,False,softmax_ce,adamw,39100.0,94673.0,-55573.0
transformer_add97_f0.4_wd0.0_softmax_ce_s0,h1_max_persistence_normalised,transformer,add,97,0.4,0.0,False,softmax_ce,orthograd_adamw,3800.0,3071.0,729.0
transformer_add97_f0.4_wd0.0_softmax_ce_s0,h1_total_persistence_normalised,transformer,add,97,0.4,0.0,False,softmax_ce,orthograd_adamw,3800.0,2687.0,1113.0
transformer_add97_f0.4_wd0.0_softmax_ce_s0,h1_max_persistence,transformer,add,97,0.4,0.0,False,softmax_ce,orthograd_adamw,3800.0,3071.0,729.0
transformer_add97_f0.4_wd0.0_softmax_ce_s1,h1_max_persistence_normalised,transformer,add,97,0.4,0.0,False,softmax_ce,orthograd_adamw,8800.0,6856.0,1944.0
transformer_add97_f0.4_wd0.0_softmax_ce_s1,h1_total_persistence_normalised,transformer,add,97,0.4,0.0,False,softmax_ce,orthograd_adamw,8800.0,14313.0,-5513.0
transformer_add97_f0.4_wd0.0_softmax_ce_s1,h1_max_persistence,transformer,add,97,0.4,0.0,False,softmax_ce,orthograd_adamw,8800.0,6856.0,1944.0
transformer_add97_f0.4_wd0.0_softmax_ce_s2,h1_max_persistence_normalised,transformer,add,97,0.4,0.0,False,softmax_ce,orthograd_adamw,,162.0,
transformer_add97_f0.4_wd0.0_softmax_ce_s2,h1_total_persistence_normalised,transformer,add,97,0.4,0.0,False,softmax_ce,orthograd_adamw,,576.0,
transformer_add97_f0.4_wd0.0_softmax_ce_s2,h1_max_persistence,transformer,add,97,0.4,0.0,False,softmax_ce,orthograd_adamw,,162.0,
transformer_add97_f0.4_wd0.0_softmax_ce_s3,h1_max_persistence_normalised,transformer,add,97,0.4,0.0,False,softmax_ce,orthograd_adamw,4900.0,1682.0,3218.0
transformer_add97_f0.4_wd0.0_softmax_ce_s3,h1_total_persistence_normalised,transformer,add,97,0.4,0.0,False,softmax_ce,orthograd_adamw,4900.0,3754.0,1146.0
transformer_add97_f0.4_wd0.0_softmax_ce_s3,h1_max_persistence,transformer,add,97,0.4,0.0,False,softmax_ce,orthograd_adamw,4900.0,1682.0,3218.0
transformer_add97_f0.4_wd0.0_softmax_ce_s4,h1_max_persistence_normalised,transformer,add,97,0.4,0.0,False,softmax_ce,orthograd_adamw,,2198.0,
transformer_add97_f0.4_wd0.0_softmax_ce_s4,h1_total_persistence_normalised,transformer,add,97,0.4,0.0,False,softmax_ce,orthograd_adamw,,6856.0,
transformer_add97_f0.4_wd0.0_softmax_ce_s4,h1_max_persistence,transformer,add,97,0.4,0.0,False,softmax_ce,orthograd_adamw,,2198.0,
transformer_add97_f0.4_wd0.0_stablemax_ce_s0,h1_max_persistence_normalised,transformer,add,97,0.4,0.0,False,stablemax_ce,adamw,,7518.0,
transformer_add97_f0.4_wd0.0_stablemax_ce_s0,h1_total_persistence_normalised,transformer,add,97,0.4,0.0,False,stablemax_ce,adamw,,521.0,
transformer_add97_f0.4_wd0.0_stablemax_ce_s0,h1_max_persistence,transformer,add,97,0.4,0.0,False,stablemax_ce,adamw,,,
transformer_add97_f0.4_wd0.0_stablemax_ce_s1,h1_max_persistence_normalised,transformer,add,97,0.4,0.0,False,stablemax_ce,adamw,,62.0,
transformer_add97_f0.4_wd0.0_stablemax_ce_s1,h1_total_persistence_normalised,transformer,add,97,0.4,0.0,False,stablemax_ce,adamw,,,
transformer_add97_f0.4_wd0.0_stablemax_ce_s1,h1_max_persistence,transformer,add,97,0.4,0.0,False,stablemax_ce,adamw,,,
transformer_add97_f0.4_wd0.0_stablemax_ce_s2,h1_max_persistence_normalised,transformer,add,97,0.4,0.0,False,stablemax_ce,adamw,,482.0,
transformer_add97_f0.4_wd0.0_stablemax_ce_s2,h1_total_persistence_normalised,transformer,add,97,0.4,0.0,False,stablemax_ce,adamw,,,
transformer_add97_f0.4_wd0.0_stablemax_ce_s2,h1_max_persistence,transformer,add,97,0.4,0.0,False,stablemax_ce,adamw,,,
transformer_add97_f0.4_wd0.0_stablemax_ce_s3,h1_max_persistence_normalised,transformer,add,97,0.4,0.0,False,stablemax_ce,adamw,38100.0,225.0,37875.0
transformer_add97_f0.4_wd0.0_stablemax_ce_s3,h1_total_persistence_normalised,transformer,add,97,0.4,0.0,False,stablemax_ce,adamw,38100.0,27497.0,10603.0
transformer_add97_f0.4_wd0.0_stablemax_ce_s3,h1_max_persistence,transformer,add,97,0.4,0.0,False,stablemax_ce,adamw,38100.0,13840.0,24260.0
transformer_add97_f0.4_wd0.0_stablemax_ce_s4,h1_max_persistence_normalised,transformer,add,97,0.4,0.0,False,stablemax_ce,adamw,,762.0,
transformer_add97_f0.4_wd0.0_stablemax_ce_s4,h1_total_persistence_normalised,transformer,add,97,0.4,0.0,False,stablemax_ce,adamw,,,
transformer_add97_f0.4_wd0.0_stablemax_ce_s4,h1_max_persistence,transformer,add,97,0.4,0.0,False,stablemax_ce,adamw,,,
transformer_add97_f0.4_wd1.0_softmax_ce_s0,h1_max_persistence_normalised,transformer,add,97,0.4,1.0,False,softmax_ce,adamw,11600.0,15741.0,-4141.0
transformer_add97_f0.4_wd1.0_softmax_ce_s0,h1_total_persistence_normalised,transformer,add,97,0.4,1.0,False,softmax_ce,adamw,11600.0,21192.0,-9592.0
transformer_add97_f0.4_wd1.0_softmax_ce_s0,h1_max_persistence,transformer,add,97,0.4,1.0,False,softmax_ce,adamw,11600.0,16955.0,-5355.0
transformer_add97_f0.4_wd1.0_softmax_ce_s1,h1_max_persistence_normalised,transformer,add,97,0.4,1.0,False,softmax_ce,adamw,9400.0,13566.0,-4166.0
transformer_add97_f0.4_wd1.0_softmax_ce_s1,h1_total_persistence_normalised,transformer,add,97,0.4,1.0,False,softmax_ce,adamw,9400.0,16955.0,-7555.0
transformer_add97_f0.4_wd1.0_softmax_ce_s1,h1_max_persistence,transformer,add,97,0.4,1.0,False,softmax_ce,adamw,9400.0,18264.0,-8864.0
transformer_add97_f0.4_wd1.0_softmax_ce_s2,h1_max_persistence_normalised,transformer,add,97,0.4,1.0,False,softmax_ce,adamw,4900.0,9355.0,-4455.0
transformer_add97_f0.4_wd1.0_softmax_ce_s2,h1_total_persistence_normalised,transformer,add,97,0.4,1.0,False,softmax_ce,adamw,4900.0,8062.0,-3162.0
transformer_add97_f0.4_wd1.0_softmax_ce_s2,h1_max_persistence,transformer,add,97,0.4,1.0,False,softmax_ce,adamw,4900.0,21192.0,-16292.0
transformer_add97_f0.4_wd1.0_softmax_ce_s3,h1_max_persistence_normalised,transformer,add,97,0.4,1.0,False,softmax_ce,adamw,8800.0,22827.0,-14027.0
transformer_add97_f0.4_wd1.0_softmax_ce_s3,h1_total_persistence_normalised,transformer,add,97,0.4,1.0,False,softmax_ce,adamw,8800.0,26486.0,-17686.0
transformer_add97_f0.4_wd1.0_softmax_ce_s3,h1_max_persistence,transformer,add,97,0.4,1.0,False,softmax_ce,adamw,8800.0,18264.0,-9464.0
transformer_add97_f0.4_wd1.0_softmax_ce_s4,h1_max_persistence_normalised,transformer,add,97,0.4,1.0,False,softmax_ce,adamw,6100.0,8685.0,-2585.0
transformer_add97_f0.4_wd1.0_softmax_ce_s4,h1_total_persistence_normalised,transformer,add,97,0.4,1.0,False,softmax_ce,adamw,6100.0,10854.0,-4754.0
transformer_add97_f0.4_wd1.0_softmax_ce_s4,h1_max_persistence,transformer,add,97,0.4,1.0,False,softmax_ce,adamw,6100.0,10854.0,-4754.0
transformer_add97_f0.5_wd1.0_softmax_ce_s0,h1_max_persistence_normalised,transformer,add,97,0.5,1.0,False,softmax_ce,adamw,2900.0,11692.0,-8792.0
transformer_add97_f0.5_wd1.0_softmax_ce_s0,h1_total_persistence_normalised,transformer,add,97,0.5,1.0,False,softmax_ce,adamw,2900.0,38410.0,-35510.0
transformer_add97_f0.5_wd1.0_softmax_ce_s0,h1_max_persistence,transformer,add,97,0.5,1.0,False,softmax_ce,adamw,2900.0,12594.0,-9694.0
transformer_add97_f0.5_wd1.0_softmax_ce_s1,h1_max_persistence_normalised,transformer,add,97,0.5,1.0,False,softmax_ce,adamw,3500.0,10854.0,-7354.0
transformer_add97_f0.5_wd1.0_softmax_ce_s1,h1_total_persistence_normalised,transformer,add,97,0.5,1.0,False,softmax_ce,adamw,3500.0,13566.0,-10066.0
transformer_add97_f0.5_wd1.0_softmax_ce_s1,h1_max_persistence,transformer,add,97,0.5,1.0,False,softmax_ce,adamw,3500.0,13566.0,-10066.0
transformer_add97_f0.5_wd1.0_softmax_ce_s2,h1_max_persistence_normalised,transformer,add,97,0.5,1.0,False,softmax_ce,adamw,2400.0,19673.0,-17273.0
transformer_add97_f0.5_wd1.0_softmax_ce_s2,h1_total_persistence_normalised,transformer,add,97,0.5,1.0,False,softmax_ce,adamw,2400.0,7485.0,-5085.0
transformer_add97_f0.5_wd1.0_softmax_ce_s2,h1_max_persistence,transformer,add,97,0.5,1.0,False,softmax_ce,adamw,2400.0,19673.0,-17273.0
transformer_add97_f0.5_wd1.0_softmax_ce_s3,h1_max_persistence_normalised,transformer,add,97,0.5,1.0,False,softmax_ce,adamw,3000.0,5560.0,-2560.0
transformer_add97_f0.5_wd1.0_softmax_ce_s3,h1_total_persistence_normalised,transformer,add,97,0.5,1.0,False,softmax_ce,adamw,3000.0,7485.0,-4485.0
transformer_add97_f0.5_wd1.0_softmax_ce_s3,h1_max_persistence,transformer,add,97,0.5,1.0,False,softmax_ce,adamw,3000.0,41374.0,-38374.0
transformer_add97_f0.5_wd1.0_softmax_ce_s4,h1_max_persistence_normalised,transformer,add,97,0.5,1.0,False,softmax_ce,adamw,3600.0,12594.0,-8994.0
transformer_add97_f0.5_wd1.0_softmax_ce_s4,h1_total_persistence_normalised,transformer,add,97,0.5,1.0,False,softmax_ce,adamw,3600.0,12594.0,-8994.0
transformer_add97_f0.5_wd1.0_softmax_ce_s4,h1_max_persistence,transformer,add,97,0.5,1.0,False,softmax_ce,adamw,3600.0,13566.0,-9966.0
transformer_add97_permuted_s0,h1_max_persistence_normalised,transformer,add,97,0.3,1.0,True,softmax_ce,adamw,,4791.0,
transformer_add97_permuted_s0,h1_total_persistence_normalised,transformer,add,97,0.3,1.0,True,softmax_ce,adamw,,8062.0,
transformer_add97_permuted_s0,h1_max_persistence,transformer,add,97,0.3,1.0,True,softmax_ce,adamw,,8062.0,
transformer_add97_permuted_s1,h1_max_persistence_normalised,transformer,add,97,0.3,1.0,True,softmax_ce,adamw,,18264.0,
transformer_add97_permuted_s1,h1_total_persistence_normalised,transformer,add,97,0.3,1.0,True,softmax_ce,adamw,,55701.0,
transformer_add97_permuted_s1,h1_max_persistence,transformer,add,97,0.3,1.0,True,softmax_ce,adamw,,18264.0,
transformer_add97_permuted_s2,h1_max_persistence_normalised,transformer,add,97,0.3,1.0,True,softmax_ce,adamw,,16955.0,
transformer_add97_permuted_s2,h1_total_persistence_normalised,transformer,add,97,0.3,1.0,True,softmax_ce,adamw,,16955.0,
transformer_add97_permuted_s2,h1_max_persistence,transformer,add,97,0.3,1.0,True,softmax_ce,adamw,,16955.0,
transformer_add97_permuted_s3,h1_max_persistence_normalised,transformer,add,97,0.3,1.0,True,softmax_ce,adamw,,,
transformer_add97_permuted_s3,h1_total_persistence_normalised,transformer,add,97,0.3,1.0,True,softmax_ce,adamw,,38410.0,
transformer_add97_permuted_s3,h1_max_persistence,transformer,add,97,0.3,1.0,True,softmax_ce,adamw,,33103.0,
transformer_add97_permuted_s4,h1_max_persistence_normalised,transformer,add,97,0.3,1.0,True,softmax_ce,adamw,,38410.0,
transformer_add97_permuted_s4,h1_total_persistence_normalised,transformer,add,97,0.3,1.0,True,softmax_ce,adamw,,38410.0,
transformer_add97_permuted_s4,h1_max_persistence,transformer,add,97,0.3,1.0,True,softmax_ce,adamw,,38410.0,
transformer_compose120_f0.6_wd1.0_softmax_ce_s0,h1_max_persistence_normalised,transformer,compose,120,0.6,1.0,False,softmax_ce,adamw,15900.0,18062.0,-2162.0
transformer_compose120_f0.6_wd1.0_softmax_ce_s0,h1_total_persistence_normalised,transformer,compose,120,0.6,1.0,False,softmax_ce,adamw,15900.0,18062.0,-2162.0
transformer_compose120_f0.6_wd1.0_softmax_ce_s0,h1_max_persistence,transformer,compose,120,0.6,1.0,False,softmax_ce,adamw,15900.0,18062.0,-2162.0
transformer_compose120_f0.6_wd1.0_softmax_ce_s1,h1_max_persistence_normalised,transformer,compose,120,0.6,1.0,False,softmax_ce,adamw,36300.0,39318.0,-3018.0
transformer_compose120_f0.6_wd1.0_softmax_ce_s1,h1_total_persistence_normalised,transformer,compose,120,0.6,1.0,False,softmax_ce,adamw,36300.0,39318.0,-3018.0
transformer_compose120_f0.6_wd1.0_softmax_ce_s1,h1_max_persistence,transformer,compose,120,0.6,1.0,False,softmax_ce,adamw,36300.0,45937.0,-9637.0
transformer_compose120_f0.6_wd1.0_softmax_ce_s10,h1_max_persistence_normalised,transformer,compose,120,0.6,1.0,False,softmax_ce,adamw,35100.0,250000.0,-214900.0
transformer_compose120_f0.6_wd1.0_softmax_ce_s10,h1_total_persistence_normalised,transformer,compose,120,0.6,1.0,False,softmax_ce,adamw,35100.0,39404.0,-4304.0
transformer_compose120_f0.6_wd1.0_softmax_ce_s10,h1_max_persistence,transformer,compose,120,0.6,1.0,False,softmax_ce,adamw,35100.0,250000.0,-214900.0
transformer_compose120_f0.6_wd1.0_softmax_ce_s11,h1_max_persistence_normalised,transformer,compose,120,0.6,1.0,False,softmax_ce,adamw,23400.0,25893.0,-2493.0
transformer_compose120_f0.6_wd1.0_softmax_ce_s11,h1_total_persistence_normalised,transformer,compose,120,0.6,1.0,False,softmax_ce,adamw,23400.0,30629.0,-7229.0
transformer_compose120_f0.6_wd1.0_softmax_ce_s11,h1_max_persistence,transformer,compose,120,0.6,1.0,False,softmax_ce,adamw,23400.0,25893.0,-2493.0
transformer_compose120_f0.6_wd1.0_softmax_ce_s12,h1_max_persistence_normalised,transformer,compose,120,0.6,1.0,False,softmax_ce,adamw,18800.0,250000.0,-231200.0
transformer_compose120_f0.6_wd1.0_softmax_ce_s12,h1_total_persistence_normalised,transformer,compose,120,0.6,1.0,False,softmax_ce,adamw,18800.0,21889.0,-3089.0
transformer_compose120_f0.6_wd1.0_softmax_ce_s12,h1_max_persistence,transformer,compose,120,0.6,1.0,False,softmax_ce,adamw,18800.0,250000.0,-231200.0
transformer_compose120_f0.6_wd1.0_softmax_ce_s13,h1_max_persistence_normalised,transformer,compose,120,0.6,1.0,False,softmax_ce,adamw,46200.0,127691.0,-81491.0
transformer_compose120_f0.6_wd1.0_softmax_ce_s13,h1_total_persistence_normalised,transformer,compose,120,0.6,1.0,False,softmax_ce,adamw,46200.0,55136.0,-8936.0
transformer_compose120_f0.6_wd1.0_softmax_ce_s13,h1_max_persistence,transformer,compose,120,0.6,1.0,False,softmax_ce,adamw,46200.0,127691.0,-81491.0
transformer_compose120_f0.6_wd1.0_softmax_ce_s14,h1_max_persistence_normalised,transformer,compose,120,0.6,1.0,False,softmax_ce,adamw,47100.0,50695.0,-3595.0
transformer_compose120_f0.6_wd1.0_softmax_ce_s14,h1_total_persistence_normalised,transformer,compose,120,0.6,1.0,False,softmax_ce,adamw,47100.0,50695.0,-3595.0
transformer_compose120_f0.6_wd1.0_softmax_ce_s14,h1_max_persistence,transformer,compose,120,0.6,1.0,False,softmax_ce,adamw,47100.0,50695.0,-3595.0
transformer_compose120_f0.6_wd1.0_softmax_ce_s2,h1_max_persistence_normalised,transformer,compose,120,0.6,1.0,False,softmax_ce,adamw,89700.0,62704.0,26996.0
transformer_compose120_f0.6_wd1.0_softmax_ce_s2,h1_total_persistence_normalised,transformer,compose,120,0.6,1.0,False,softmax_ce,adamw,89700.0,58011.0,31689.0
transformer_compose120_f0.6_wd1.0_softmax_ce_s2,h1_max_persistence,transformer,compose,120,0.6,1.0,False,softmax_ce,adamw,89700.0,100000.0,-10300.0
transformer_compose120_f0.6_wd1.0_softmax_ce_s3,h1_max_persistence_normalised,transformer,compose,120,0.6,1.0,False,softmax_ce,adamw,83200.0,85592.0,-2392.0
transformer_compose120_f0.6_wd1.0_softmax_ce_s3,h1_total_persistence_normalised,transformer,compose,120,0.6,1.0,False,softmax_ce,adamw,83200.0,85592.0,-2392.0
transformer_compose120_f0.6_wd1.0_softmax_ce_s3,h1_max_persistence,transformer,compose,120,0.6,1.0,False,softmax_ce,adamw,83200.0,100000.0,-16800.0
transformer_compose120_f0.6_wd1.0_softmax_ce_s4,h1_max_persistence_normalised,transformer,compose,120,0.6,1.0,False,softmax_ce,adamw,17100.0,19523.0,-2423.0
transformer_compose120_f0.6_wd1.0_softmax_ce_s4,h1_total_persistence_normalised,transformer,compose,120,0.6,1.0,False,softmax_ce,adamw,17100.0,19523.0,-2423.0
transformer_compose120_f0.6_wd1.0_softmax_ce_s4,h1_max_persistence,transformer,compose,120,0.6,1.0,False,softmax_ce,adamw,17100.0,,
transformer_compose120_f0.6_wd1.0_softmax_ce_s5,h1_max_persistence_normalised,transformer,compose,120,0.6,1.0,False,softmax_ce,adamw,30600.0,30629.0,-29.0
transformer_compose120_f0.6_wd1.0_softmax_ce_s5,h1_total_persistence_normalised,transformer,compose,120,0.6,1.0,False,softmax_ce,adamw,30600.0,36230.0,-5630.0
transformer_compose120_f0.6_wd1.0_softmax_ce_s5,h1_max_persistence,transformer,compose,120,0.6,1.0,False,softmax_ce,adamw,30600.0,229862.0,-199262.0
transformer_compose120_f0.6_wd1.0_softmax_ce_s6,h1_max_persistence_normalised,transformer,compose,120,0.6,1.0,False,softmax_ce,adamw,42300.0,42856.0,-556.0
transformer_compose120_f0.6_wd1.0_softmax_ce_s6,h1_total_persistence_normalised,transformer,compose,120,0.6,1.0,False,softmax_ce,adamw,42300.0,42856.0,-556.0
transformer_compose120_f0.6_wd1.0_softmax_ce_s6,h1_max_persistence,transformer,compose,120,0.6,1.0,False,softmax_ce,adamw,42300.0,107948.0,-65648.0
transformer_compose120_f0.6_wd1.0_softmax_ce_s7,h1_max_persistence_normalised,transformer,compose,120,0.6,1.0,False,softmax_ce,adamw,38700.0,39404.0,-704.0
transformer_compose120_f0.6_wd1.0_softmax_ce_s7,h1_total_persistence_normalised,transformer,compose,120,0.6,1.0,False,softmax_ce,adamw,38700.0,42856.0,-4156.0
transformer_compose120_f0.6_wd1.0_softmax_ce_s7,h1_max_persistence,transformer,compose,120,0.6,1.0,False,softmax_ce,adamw,38700.0,39404.0,-704.0
transformer_compose120_f0.6_wd1.0_softmax_ce_s8,h1_max_persistence_normalised,transformer,compose,120,0.6,1.0,False,softmax_ce,adamw,17300.0,23807.0,-6507.0
transformer_compose120_f0.6_wd1.0_softmax_ce_s8,h1_total_persistence_normalised,transformer,compose,120,0.6,1.0,False,softmax_ce,adamw,17300.0,23807.0,-6507.0
transformer_compose120_f0.6_wd1.0_softmax_ce_s8,h1_max_persistence,transformer,compose,120,0.6,1.0,False,softmax_ce,adamw,17300.0,21889.0,-4589.0
transformer_compose120_f0.6_wd1.0_softmax_ce_s9,h1_max_persistence_normalised,transformer,compose,120,0.6,1.0,False,softmax_ce,adamw,16800.0,178669.0,-161869.0
transformer_compose120_f0.6_wd1.0_softmax_ce_s9,h1_total_persistence_normalised,transformer,compose,120,0.6,1.0,False,softmax_ce,adamw,16800.0,18505.0,-1705.0
transformer_compose120_f0.6_wd1.0_softmax_ce_s9,h1_max_persistence,transformer,compose,120,0.6,1.0,False,softmax_ce,adamw,16800.0,178669.0,-161869.0
transformer_compose97_f0.4_wd1.0_softmax_ce_s0,h1_max_persistence_normalised,transformer,compose,120,0.4,1.0,False,softmax_ce,adamw,,85592.0,
transformer_compose97_f0.4_wd1.0_softmax_ce_s0,h1_total_persistence_normalised,transformer,compose,120,0.4,1.0,False,softmax_ce,adamw,,85592.0,
transformer_compose97_f0.4_wd1.0_softmax_ce_s0,h1_max_persistence,transformer,compose,120,0.4,1.0,False,softmax_ce,adamw,,85592.0,
transformer_compose97_f0.4_wd1.0_softmax_ce_s1,h1_max_persistence_normalised,transformer,compose,120,0.4,1.0,False,softmax_ce,adamw,,73260.0,
transformer_compose97_f0.4_wd1.0_softmax_ce_s1,h1_total_persistence_normalised,transformer,compose,120,0.4,1.0,False,softmax_ce,adamw,,100000.0,
transformer_compose97_f0.4_wd1.0_softmax_ce_s1,h1_max_persistence,transformer,compose,120,0.4,1.0,False,softmax_ce,adamw,,10478.0,
transformer_compose97_f0.5_wd1.0_softmax_ce_s0,h1_max_persistence_normalised,transformer,compose,120,0.5,1.0,False,softmax_ce,adamw,100000.0,100000.0,0.0
transformer_compose97_f0.5_wd1.0_softmax_ce_s0,h1_total_persistence_normalised,transformer,compose,120,0.5,1.0,False,softmax_ce,adamw,100000.0,100000.0,0.0
transformer_compose97_f0.5_wd1.0_softmax_ce_s0,h1_max_persistence,transformer,compose,120,0.5,1.0,False,softmax_ce,adamw,100000.0,100000.0,0.0
transformer_compose97_f0.5_wd1.0_softmax_ce_s1,h1_max_persistence_normalised,transformer,compose,120,0.5,1.0,False,softmax_ce,adamw,86600.0,73260.0,13340.0
transformer_compose97_f0.5_wd1.0_softmax_ce_s1,h1_total_persistence_normalised,transformer,compose,120,0.5,1.0,False,softmax_ce,adamw,86600.0,92516.0,-5916.0
transformer_compose97_f0.5_wd1.0_softmax_ce_s1,h1_max_persistence,transformer,compose,120,0.5,1.0,False,softmax_ce,adamw,86600.0,45937.0,40663.0
transformer_compose97_f0.6_wd1.0_softmax_ce_s0,h1_max_persistence_normalised,transformer,compose,120,0.6,1.0,False,softmax_ce,adamw,13900.0,16710.0,-2810.0
transformer_compose97_f0.6_wd1.0_softmax_ce_s0,h1_total_persistence_normalised,transformer,compose,120,0.6,1.0,False,softmax_ce,adamw,13900.0,16710.0,-2810.0
transformer_compose97_f0.6_wd1.0_softmax_ce_s0,h1_max_persistence,transformer,compose,120,0.6,1.0,False,softmax_ce,adamw,13900.0,16710.0,-2810.0
transformer_compose97_f0.6_wd1.0_softmax_ce_s1,h1_max_persistence_normalised,transformer,compose,120,0.6,1.0,False,softmax_ce,adamw,39500.0,45937.0,-6437.0
transformer_compose97_f0.6_wd1.0_softmax_ce_s1,h1_total_persistence_normalised,transformer,compose,120,0.6,1.0,False,softmax_ce,adamw,39500.0,45937.0,-6437.0
transformer_compose97_f0.6_wd1.0_softmax_ce_s1,h1_max_persistence,transformer,compose,120,0.6,1.0,False,softmax_ce,adamw,39500.0,49653.0,-10153.0
transformer_div97_f0.5_wd1.0_softmax_ce_s0,h1_max_persistence_normalised,transformer,div,97,0.5,1.0,False,softmax_ce,adamw,8100.0,13566.0,-5466.0
transformer_div97_f0.5_wd1.0_softmax_ce_s0,h1_total_persistence_normalised,transformer,div,97,0.5,1.0,False,softmax_ce,adamw,8100.0,13566.0,-5466.0
transformer_div97_f0.5_wd1.0_softmax_ce_s0,h1_max_persistence,transformer,div,97,0.5,1.0,False,softmax_ce,adamw,8100.0,60000.0,-51900.0
transformer_div97_f0.5_wd1.0_softmax_ce_s1,h1_max_persistence_normalised,transformer,div,97,0.5,1.0,False,softmax_ce,adamw,9100.0,14613.0,-5513.0
transformer_div97_f0.5_wd1.0_softmax_ce_s1,h1_total_persistence_normalised,transformer,div,97,0.5,1.0,False,softmax_ce,adamw,9100.0,15741.0,-6641.0
transformer_div97_f0.5_wd1.0_softmax_ce_s1,h1_max_persistence,transformer,div,97,0.5,1.0,False,softmax_ce,adamw,9100.0,11692.0,-2592.0
transformer_div97_f0.5_wd1.0_softmax_ce_s2,h1_max_persistence_normalised,transformer,div,97,0.5,1.0,False,softmax_ce,adamw,8200.0,12594.0,-4394.0
transformer_div97_f0.5_wd1.0_softmax_ce_s2,h1_total_persistence_normalised,transformer,div,97,0.5,1.0,False,softmax_ce,adamw,8200.0,11692.0,-3492.0
transformer_div97_f0.5_wd1.0_softmax_ce_s2,h1_max_persistence,transformer,div,97,0.5,1.0,False,softmax_ce,adamw,8200.0,18264.0,-10064.0
transformer_div97_f0.5_wd1.0_softmax_ce_s3,h1_max_persistence_normalised,transformer,div,97,0.5,1.0,False,softmax_ce,adamw,6000.0,10077.0,-4077.0
transformer_div97_f0.5_wd1.0_softmax_ce_s3,h1_total_persistence_normalised,transformer,div,97,0.5,1.0,False,softmax_ce,adamw,6000.0,10854.0,-4854.0
transformer_div97_f0.5_wd1.0_softmax_ce_s3,h1_max_persistence,transformer,div,97,0.5,1.0,False,softmax_ce,adamw,6000.0,14613.0,-8613.0
transformer_div97_f0.5_wd1.0_softmax_ce_s4,h1_max_persistence_normalised,transformer,div,97,0.5,1.0,False,softmax_ce,adamw,8000.0,48006.0,-40006.0
transformer_div97_f0.5_wd1.0_softmax_ce_s4,h1_total_persistence_normalised,transformer,div,97,0.5,1.0,False,softmax_ce,adamw,8000.0,13566.0,-5566.0
transformer_div97_f0.5_wd1.0_softmax_ce_s4,h1_max_persistence,transformer,div,97,0.5,1.0,False,softmax_ce,adamw,8000.0,48006.0,-40006.0
transformer_mul97_f0.5_wd1.0_softmax_ce_s0,h1_max_persistence_normalised,transformer,mul,97,0.5,1.0,False,softmax_ce,adamw,1900.0,60000.0,-58100.0
transformer_mul97_f0.5_wd1.0_softmax_ce_s0,h1_total_persistence_normalised,transformer,mul,97,0.5,1.0,False,softmax_ce,adamw,1900.0,60000.0,-58100.0
transformer_mul97_f0.5_wd1.0_softmax_ce_s0,h1_max_persistence,transformer,mul,97,0.5,1.0,False,softmax_ce,adamw,1900.0,60000.0,-58100.0
transformer_mul97_f0.5_wd1.0_softmax_ce_s1,h1_max_persistence_normalised,transformer,mul,97,0.5,1.0,False,softmax_ce,adamw,2700.0,60000.0,-57300.0
transformer_mul97_f0.5_wd1.0_softmax_ce_s1,h1_total_persistence_normalised,transformer,mul,97,0.5,1.0,False,softmax_ce,adamw,2700.0,55701.0,-53001.0
transformer_mul97_f0.5_wd1.0_softmax_ce_s1,h1_max_persistence,transformer,mul,97,0.5,1.0,False,softmax_ce,adamw,2700.0,21192.0,-18492.0
transformer_mul97_f0.5_wd1.0_softmax_ce_s2,h1_max_persistence_normalised,transformer,mul,97,0.5,1.0,False,softmax_ce,adamw,2600.0,10077.0,-7477.0
transformer_mul97_f0.5_wd1.0_softmax_ce_s2,h1_total_persistence_normalised,transformer,mul,97,0.5,1.0,False,softmax_ce,adamw,2600.0,55701.0,-53101.0
transformer_mul97_f0.5_wd1.0_softmax_ce_s2,h1_max_persistence,transformer,mul,97,0.5,1.0,False,softmax_ce,adamw,2600.0,8062.0,-5462.0
transformer_mul97_f0.5_wd1.0_softmax_ce_s3,h1_max_persistence_normalised,transformer,mul,97,0.5,1.0,False,softmax_ce,adamw,2100.0,28530.0,-26430.0
transformer_mul97_f0.5_wd1.0_softmax_ce_s3,h1_total_persistence_normalised,transformer,mul,97,0.5,1.0,False,softmax_ce,adamw,2100.0,3834.0,-1734.0
transformer_mul97_f0.5_wd1.0_softmax_ce_s3,h1_max_persistence,transformer,mul,97,0.5,1.0,False,softmax_ce,adamw,2100.0,14613.0,-12513.0
transformer_mul97_f0.5_wd1.0_softmax_ce_s4,h1_max_persistence_normalised,transformer,mul,97,0.5,1.0,False,softmax_ce,adamw,2800.0,13566.0,-10766.0
transformer_mul97_f0.5_wd1.0_softmax_ce_s4,h1_total_persistence_normalised,transformer,mul,97,0.5,1.0,False,softmax_ce,adamw,2800.0,13566.0,-10766.0
transformer_mul97_f0.5_wd1.0_softmax_ce_s4,h1_max_persistence,transformer,mul,97,0.5,1.0,False,softmax_ce,adamw,2800.0,9355.0,-6555.0
transformer_poly97_f0.5_wd0.3_softmax_ce_s0,h1_max_persistence_normalised,transformer,poly,97,0.5,0.3,False,softmax_ce,adamw,,27647.0,
transformer_poly97_f0.5_wd0.3_softmax_ce_s0,h1_total_persistence_normalised,transformer,poly,97,0.5,0.3,False,softmax_ce,adamw,,23534.0,
transformer_poly97_f0.5_wd0.3_softmax_ce_s0,h1_max_persistence,transformer,poly,97,0.5,0.3,False,softmax_ce,adamw,,27647.0,
transformer_poly97_f0.5_wd0.3_softmax_ce_s1,h1_max_persistence_normalised,transformer,poly,97,0.5,0.3,False,softmax_ce,adamw,,17053.0,
transformer_poly97_f0.5_wd0.3_softmax_ce_s1,h1_total_persistence_normalised,transformer,poly,97,0.5,0.3,False,softmax_ce,adamw,,23534.0,
transformer_poly97_f0.5_wd0.3_softmax_ce_s1,h1_max_persistence,transformer,poly,97,0.5,0.3,False,softmax_ce,adamw,,44822.0,
transformer_poly97_f0.5_wd1.0_softmax_ce_s0,h1_max_persistence_normalised,transformer,poly,97,0.5,1.0,False,softmax_ce,adamw,,5161.0,
transformer_poly97_f0.5_wd1.0_softmax_ce_s0,h1_total_persistence_normalised,transformer,poly,97,0.5,1.0,False,softmax_ce,adamw,,7485.0,
transformer_poly97_f0.5_wd1.0_softmax_ce_s0,h1_max_persistence,transformer,poly,97,0.5,1.0,False,softmax_ce,adamw,,22827.0,
transformer_poly97_f0.5_wd1.0_softmax_ce_s1,h1_max_persistence_normalised,transformer,poly,97,0.5,1.0,False,softmax_ce,adamw,,4791.0,
transformer_poly97_f0.5_wd1.0_softmax_ce_s1,h1_total_persistence_normalised,transformer,poly,97,0.5,1.0,False,softmax_ce,adamw,,10077.0,
transformer_poly97_f0.5_wd1.0_softmax_ce_s1,h1_max_persistence,transformer,poly,97,0.5,1.0,False,softmax_ce,adamw,,10077.0,
transformer_poly97_f0.5_wd1.0_softmax_ce_s2,h1_max_persistence_normalised,transformer,poly,97,0.5,1.0,False,softmax_ce,adamw,,30732.0,
transformer_poly97_f0.5_wd1.0_softmax_ce_s2,h1_total_persistence_normalised,transformer,poly,97,0.5,1.0,False,softmax_ce,adamw,,44567.0,
transformer_poly97_f0.5_wd1.0_softmax_ce_s2,h1_max_persistence,transformer,poly,97,0.5,1.0,False,softmax_ce,adamw,,30732.0,
transformer_poly97_f0.5_wd1.0_softmax_ce_s3,h1_max_persistence_normalised,transformer,poly,97,0.5,1.0,False,softmax_ce,adamw,,4448.0,
transformer_poly97_f0.5_wd1.0_softmax_ce_s3,h1_total_persistence_normalised,transformer,poly,97,0.5,1.0,False,softmax_ce,adamw,,24589.0,
transformer_poly97_f0.5_wd1.0_softmax_ce_s3,h1_max_persistence,transformer,poly,97,0.5,1.0,False,softmax_ce,adamw,,22827.0,
transformer_poly97_f0.5_wd1.0_softmax_ce_s4,h1_max_persistence_normalised,transformer,poly,97,0.5,1.0,False,softmax_ce,adamw,,35658.0,
transformer_poly97_f0.5_wd1.0_softmax_ce_s4,h1_total_persistence_normalised,transformer,poly,97,0.5,1.0,False,softmax_ce,adamw,,35658.0,
transformer_poly97_f0.5_wd1.0_softmax_ce_s4,h1_max_persistence,transformer,poly,97,0.5,1.0,False,softmax_ce,adamw,,35658.0,
transformer_poly97_f0.7_wd0.3_softmax_ce_s0,h1_max_persistence_normalised,transformer,poly,97,0.7,0.3,False,softmax_ce,adamw,,61856.0,
transformer_poly97_f0.7_wd0.3_softmax_ce_s0,h1_total_persistence_normalised,transformer,poly,97,0.7,0.3,False,softmax_ce,adamw,,67043.0,
transformer_poly97_f0.7_wd0.3_softmax_ce_s0,h1_max_persistence,transformer,poly,97,0.7,0.3,False,softmax_ce,adamw,,67043.0,
transformer_poly97_f0.7_wd0.3_softmax_ce_s1,h1_max_persistence_normalised,transformer,poly,97,0.7,0.3,False,softmax_ce,adamw,,18483.0,
transformer_poly97_f0.7_wd0.3_softmax_ce_s1,h1_total_persistence_normalised,transformer,poly,97,0.7,0.3,False,softmax_ce,adamw,,18483.0,
transformer_poly97_f0.7_wd0.3_softmax_ce_s1,h1_max_persistence,transformer,poly,97,0.7,0.3,False,softmax_ce,adamw,,117807.0,
transformer_poly97_f0.7_wd1.0_softmax_ce_s0,h1_max_persistence_normalised,transformer,poly,97,0.7,1.0,False,softmax_ce,adamw,,25508.0,
transformer_poly97_f0.7_wd1.0_softmax_ce_s0,h1_total_persistence_normalised,transformer,poly,97,0.7,1.0,False,softmax_ce,adamw,,67043.0,
transformer_poly97_f0.7_wd1.0_softmax_ce_s0,h1_max_persistence,transformer,poly,97,0.7,1.0,False,softmax_ce,adamw,,25508.0,
transformer_poly97_f0.7_wd1.0_softmax_ce_s1,h1_max_persistence_normalised,transformer,poly,97,0.7,1.0,False,softmax_ce,adamw,,5523.0,
transformer_poly97_f0.7_wd1.0_softmax_ce_s1,h1_total_persistence_normalised,transformer,poly,97,0.7,1.0,False,softmax_ce,adamw,,138394.0,
transformer_poly97_f0.7_wd1.0_softmax_ce_s1,h1_max_persistence,transformer,poly,97,0.7,1.0,False,softmax_ce,adamw,,138394.0,
transformer_sub97_f0.3_wd1.0_softmax_ce_s0,h1_max_persistence_normalised,transformer,sub,97,0.3,1.0,False,softmax_ce,adamw,,60000.0,
transformer_sub97_f0.3_wd1.0_softmax_ce_s0,h1_total_persistence_normalised,transformer,sub,97,0.3,1.0,False,softmax_ce,adamw,,48006.0,
transformer_sub97_f0.3_wd1.0_softmax_ce_s0,h1_max_persistence,transformer,sub,97,0.3,1.0,False,softmax_ce,adamw,,48006.0,
transformer_sub97_f0.3_wd1.0_softmax_ce_s1,h1_max_persistence_normalised,transformer,sub,97,0.3,1.0,False,softmax_ce,adamw,,48006.0,
transformer_sub97_f0.3_wd1.0_softmax_ce_s1,h1_total_persistence_normalised,transformer,sub,97,0.3,1.0,False,softmax_ce,adamw,,18264.0,
transformer_sub97_f0.3_wd1.0_softmax_ce_s1,h1_max_persistence,transformer,sub,97,0.3,1.0,False,softmax_ce,adamw,,18264.0,
transformer_sub97_f0.3_wd1.0_softmax_ce_s2,h1_max_persistence_normalised,transformer,sub,97,0.3,1.0,False,softmax_ce,adamw,,60000.0,
transformer_sub97_f0.3_wd1.0_softmax_ce_s2,h1_total_persistence_normalised,transformer,sub,97,0.3,1.0,False,softmax_ce,adamw,,55701.0,
transformer_sub97_f0.3_wd1.0_softmax_ce_s2,h1_max_persistence,transformer,sub,97,0.3,1.0,False,softmax_ce,adamw,,60000.0,
transformer_sub97_f0.3_wd1.0_softmax_ce_s3,h1_max_persistence_normalised,transformer,sub,97,0.3,1.0,False,softmax_ce,adamw,,4448.0,
transformer_sub97_f0.3_wd1.0_softmax_ce_s3,h1_total_persistence_normalised,transformer,sub,97,0.3,1.0,False,softmax_ce,adamw,,26486.0,
transformer_sub97_f0.3_wd1.0_softmax_ce_s3,h1_max_persistence,transformer,sub,97,0.3,1.0,False,softmax_ce,adamw,,22827.0,
transformer_sub97_f0.3_wd1.0_softmax_ce_s4,h1_max_persistence_normalised,transformer,sub,97,0.3,1.0,False,softmax_ce,adamw,,4130.0,
transformer_sub97_f0.3_wd1.0_softmax_ce_s4,h1_total_persistence_normalised,transformer,sub,97,0.3,1.0,False,softmax_ce,adamw,,55701.0,
transformer_sub97_f0.3_wd1.0_softmax_ce_s4,h1_max_persistence,transformer,sub,97,0.3,1.0,False,softmax_ce,adamw,,35658.0,
transformer_sub97_f0.4_wd1.0_softmax_ce_s0,h1_max_persistence_normalised,transformer,sub,97,0.4,1.0,False,softmax_ce,adamw,25100.0,4813.0,20287.0
transformer_sub97_f0.4_wd1.0_softmax_ce_s0,h1_total_persistence_normalised,transformer,sub,97,0.4,1.0,False,softmax_ce,adamw,25100.0,31135.0,-6035.0
transformer_sub97_f0.4_wd1.0_softmax_ce_s0,h1_max_persistence,transformer,sub,97,0.4,1.0,False,softmax_ce,adamw,25100.0,10478.0,14622.0
transformer_sub97_f0.4_wd1.0_softmax_ce_s1,h1_max_persistence_normalised,transformer,sub,97,0.4,1.0,False,softmax_ce,adamw,24500.0,28804.0,-4304.0
transformer_sub97_f0.4_wd1.0_softmax_ce_s1,h1_total_persistence_normalised,transformer,sub,97,0.4,1.0,False,softmax_ce,adamw,24500.0,28804.0,-4304.0
transformer_sub97_f0.4_wd1.0_softmax_ce_s1,h1_max_persistence,transformer,sub,97,0.4,1.0,False,softmax_ce,adamw,24500.0,28804.0,-4304.0
transformer_sub97_f0.5_wd1.0_softmax_ce_s0,h1_max_persistence_normalised,transformer,sub,97,0.5,1.0,False,softmax_ce,adamw,8100.0,92516.0,-84416.0
transformer_sub97_f0.5_wd1.0_softmax_ce_s0,h1_total_persistence_normalised,transformer,sub,97,0.5,1.0,False,softmax_ce,adamw,8100.0,19523.0,-11423.0
transformer_sub97_f0.5_wd1.0_softmax_ce_s0,h1_max_persistence,transformer,sub,97,0.5,1.0,False,softmax_ce,adamw,8100.0,92516.0,-84416.0
transformer_sub97_f0.5_wd1.0_softmax_ce_s1,h1_max_persistence_normalised,transformer,sub,97,0.5,1.0,False,softmax_ce,adamw,8200.0,19523.0,-11323.0
transformer_sub97_f0.5_wd1.0_softmax_ce_s1,h1_total_persistence_normalised,transformer,sub,97,0.5,1.0,False,softmax_ce,adamw,8200.0,18062.0,-9862.0
transformer_sub97_f0.5_wd1.0_softmax_ce_s1,h1_max_persistence,transformer,sub,97,0.5,1.0,False,softmax_ce,adamw,8200.0,19523.0,-11323.0
