run,model,operation,modulus,train_fraction,label_permutation,loss,optimizer,lr,weight_decay,steps,seed,n_snapshots,replicate,t_c,t_g,t_top__raw,lead_lag_steps__raw,t_top,lead_lag_steps,t_changepoint,lead_lag_steps__changepoint,diverged,grokked,plateau_relaxed,h1_max_persistence__baseline,h1_max_persistence__plateau,h1_max_persistence__ratio,h1_total_persistence__baseline,h1_total_persistence__plateau,h1_total_persistence__ratio,h1_max_persistence_normalised__baseline,h1_max_persistence_normalised__plateau,h1_max_persistence_normalised__ratio,h1_total_persistence_normalised__baseline,h1_total_persistence_normalised__plateau,h1_total_persistence_normalised__ratio,h0_total_persistence__baseline,h0_total_persistence__plateau,h0_total_persistence__ratio,lid__baseline,lid__plateau,lid__ratio,scale_initial,scale_final,scale_collapse,circularity_column,circularity,test_acc__final,test_acc_novel__final,weight_norm__final,train_acc__final,generalisation_gap,fits_train_set,effective_rank__ratio,log_ratio,log_collapse,condition,residual,residual_sd
mlp_add97_f0.3_wd0.0_stablemax_ce_s0,mlp,add,97,0.3,False,stablemax_ce,orthograd_adamw,0.001,0.0,40000,0,126,False,700.0,600.0,1115.0,-515.0,1382.0,-782.0,161.0,439.0,False,True,False,0.9843387603759766,4.711750984191895,4.7867169046479505,46.5965518951416,73.4017858505249,1.575262178534248,0.06550626573126975,0.48216150722683,7.36054027571698,3.1113275369768583,7.559678135405106,2.4297275184182365,1348.7319512367249,894.5363349914551,0.6632424880060168,50.72222870928695,60.983776472883285,1.2023086923567596,15.283698081970217,9.816396713256836,1.556956032688645,fourier_concentration_k5,0.9980418537800546,1.0,1.0,107.36397212359056,1.0,0.0,True,0.1417393316800947,2.8798116663489095,-2.818687943222017,mlp add p97 f0.3 wd0.0 stablemax_ce,0.7454211736811809,1.4479024657494648
mlp_add97_f0.3_wd0.0_stablemax_ce_s1,mlp,add,97,0.3,False,stablemax_ce,orthograd_adamw,0.001,0.0,40000,1,126,False,800.0,700.0,1382.0,-682.0,1595.0,-895.0,85.0,615.0,False,True,False,0.8903388977050781,5.042697191238403,5.663795218019083,48.75674819946289,151.74799394607544,3.11234853738148,0.0594705220911368,0.6413522930484606,10.784373005261454,3.178100322981036,19.277316207519526,6.065672649829234,1361.750491142273,727.9401423931122,0.5345620560654224,49.34969682877059,36.459751463382744,0.7388039604354149,15.303062438964844,7.880248069763184,1.9419518654093246,fourier_concentration_k5,0.9954460859264616,0.9996963143348694,0.9997819662094116,102.8504573501974,1.0,0.00030368566513061523,True,0.1086257643737289,3.430870396699154,-3.202561765909292,mlp add p97 f0.3 wd0.0 stablemax_ce,0.9436103890847849,1.832864234746066
mlp_add97_f0.3_wd1.0_softmax_ce_s0,mlp,add,97,0.3,False,softmax_ce,adamw,0.001,1.0,60000,0,127,False,100.0,14300.0,18264.0,-3964.0,18264.0,-3964.0,245.0,14055.0,False,True,False,0.19730627536773682,0.325934886932373,1.6519235707272861,11.201995491981506,46.999000787734985,4.195591831953272,0.04842026160982775,0.1560718843761777,3.223276355543278,2.719189663463283,22.479753416523188,8.267078136760771,375.6851404905319,198.39025139808652,0.5280758539958447,60.88372117454054,159.4932995411149,2.619637835274258,15.283698081970217,2.082019090652466,7.340805927567452,fourier_concentration_k5,0.9038182268415554,1.0,1.0,41.16997360443431,1.0,0.0,True,0.1645310238733987,1.6885278867157008,-2.603568451545288,mlp add p97 f0.3 wd1.0 softmax_ce,-0.24811765384213835,-0.48194252521683373
mlp_add97_f0.3_wd1.0_softmax_ce_s1,mlp,add,97,0.3,False,softmax_ce,adamw,0.001,1.0,60000,1,127,False,100.0,13200.0,33103.0,-19903.0,33103.0,-19903.0,100.0,13100.0,False,True,False,0.2045460939407348,0.43800115585327143,2.141332290511389,10.046943306922913,22.811002135276794,2.2704420079248107,0.05089764673215625,0.22044954246844994,4.331232515101209,2.4254281091812038,12.010236094148317,4.951800487792166,372.68042051792145,187.61035829782486,0.5034081426577199,61.181775292529295,160.54828304778374,2.6241193930733777,15.303062438964844,1.7503489255905151,8.742863902865567,fourier_concentration_k5,0.9902461924605876,1.0,1.0,39.60840670450885,1.0,0.0,True,0.1422643337491091,2.1147776231972815,-2.8133540772450587,mlp add p97 f0.3 wd1.0 softmax_ce,-0.014709803439781233,-0.02857225072635056
mlp_add97_f0.3_wd1.0_softmax_ce_s2,mlp,add,97,0.3,False,softmax_ce,adamw,0.001,1.0,60000,2,127,False,100.0,12100.0,16955.0,-4855.0,16955.0,-4855.0,60.0,12040.0,False,True,False,0.2135689258575439,0.42825788259506226,2.0052443532010904,12.61050283908844,4.886992573738098,0.3875335215491977,0.0523148916515538,0.228639893517216,4.370455262338772,3.130006782480704,2.6108378896767475,0.8341317035765378,373.57079243659973,178.11910766363144,0.47680148252987625,60.43757116885968,184.42903283644873,3.0515626169218955,15.033525466918944,1.8620493412017824,8.073645060992948,fourier_concentration_k5,0.9903106859431106,1.0,1.0,39.33367650907416,1.0,0.0,True,0.1172484676883812,2.127783570460013,-3.092359026499111,mlp add p97 f0.3 wd1.0 softmax_ce,-0.25817443398770257,-0.5014767661055833
mlp_add97_f0.3_wd1.0_softmax_ce_s3,mlp,add,97,0.3,False,softmax_ce,adamw,0.001,1.0,60000,3,127,False,100.0,9500.0,15741.0,-6241.0,10077.0,-577.0,48.0,9452.0,False,True,False,0.19331622123718256,0.2478523254394531,1.2821082672382644,10.610222578048706,15.587103605270386,1.4690647147702873,0.0477076276283889,0.1129388953737335,2.3673131737644417,2.61935487853162,7.103150701258622,2.71179394570642,377.0663493871689,207.6040256023407,0.5505769102433865,72.95100525633234,126.7088670603673,1.7369036467029169,15.013136863708496,2.1939971446990967,6.842824248874547,fourier_concentration_k5,0.9083018375697468,1.0,1.0,41.09247192971132,1.0,0.0,True,0.1675671111042613,1.2432505739855586,-2.577189080115739,mlp add p97 f0.3 wd1.0 softmax_ce,-0.6691461758217705,-1.2997462805283158
mlp_add97_f0.3_wd1.0_softmax_ce_s4,mlp,add,97,0.3,False,softmax_ce,adamw,0.001,1.0,60000,4,127,False,100.0,12100.0,19673.0,-7573.0,15741.0,-3641.0,100.0,12000.0,False,True,False,0.1931707859039306,0.30553674697875977,1.5816923120596091,12.200870752334595,11.544527530670166,0.9462052147762617,0.0461546612338712,0.15215849864217723,3.2967092504735738,2.9664235953377487,5.748154375355098,1.9377388935246211,379.48756086826324,190.5946021080017,0.5022420278333325,65.70579560781418,198.04104508828064,3.0140574854363114,15.075989723205566,2.0096025466918945,7.501975825032115,fourier_concentration_k5,0.9876122590101613,1.0,1.0,39.861322515998914,1.0,0.0,True,0.1443527530303094,1.7210266557688707,-2.7923294726248598,mlp add p97 f0.3 wd1.0 softmax_ce,-0.38913425888480435,-0.7558524936506286
mlp_add97_f0.4_wd0.0_softmax_ce_s0,mlp,add,97,0.4,False,softmax_ce,orthograd_adamw,0.01,0.0,20000,0,124,False,100.0,900.0,472.0,428.0,441.0,459.0,3.0,897.0,False,True,False,0.8573665618896484,0.846099853515625,0.9868589365682848,50.73405456542969,54.92073345184326,1.0825220637750168,0.0560132111861438,0.05487024239070595,0.9795946568455159,3.3145418062951264,3.5616594963488017,1.0745556111509404,1419.0701179504397,1411.4008545875547,0.9945955712364928,49.174089075590295,49.602736639793775,1.0087169395968791,15.283698081970217,15.403687477111816,0.9922103460408496,fourier_concentration_k5,0.2986591892352295,1.0,1.0,119.57902800296375,1.0,0.0,True,0.9615782669953592,-0.029743190078468155,-0.05652380538187805,mlp add p97 f0.4 wd0.0 softmax_ce,0.3749389549748879,0.7282796043111289
mlp_add97_f0.4_wd0.0_softmax_ce_s1,mlp,add,97,0.4,False,softmax_ce,orthograd_adamw,0.01,0.0,20000,1,124,False,100.0,900.0,151.0,749.0,151.0,749.0,13.0,887.0,False,True,False,0.9492349624633788,0.915738582611084,0.964712235456048,59.18785285949707,74.0550217628479,1.251186150283965,0.0617074962569861,0.059585344237622254,0.9656094940146985,3.8476608565999486,4.819069943925655,1.2524674402265559,1429.9428968429563,1412.214017868042,0.9876016874421655,64.70961431202373,63.97932476571444,0.9887143579192436,15.303062438964844,15.38988208770752,0.994358654065841,fourier_concentration_k5,0.3048162909033425,0.9998228549957277,0.9997073411941528,119.63696947636704,1.0,0.00017714500427246094,True,0.9368804889070588,-0.05048823393466386,-0.09406306947644852,mlp add p97 f0.4 wd0.0 softmax_ce,0.31968657790233945,0.620957655557258
mlp_add97_f0.4_wd0.0_softmax_ce_s2,mlp,add,97,0.4,False,softmax_ce,orthograd_adamw,0.01,0.0,20000,2,124,False,100.0,1100.0,55.0,1045.0,55.0,1045.0,,,False,True,False,0.9032182693481444,0.9384422302246094,1.038998282111683,61.01750659942627,57.38253211975098,0.9404273513905029,0.0593884555413519,0.0623719794502852,1.050237438938884,4.012026329515496,3.811709732310296,0.9500709664511621,1407.043088912964,1396.2596406936646,0.9923360924023794,61.32277717581218,61.42571592932963,1.0016786381546667,15.033525466918944,15.033480644226074,1.0000029815246336,fourier_concentration_k5,0.3024637237018836,1.0,1.0,119.19376878908749,1.0,0.0,True,0.9530850573351252,0.07071553099086686,-0.06932312280906644,mlp add p97 f0.4 wd0.0 softmax_ce,0.46363212011086236,0.9005567773102785
transformer_add113_f0.3_wd0.1_softmax_ce_s0,transformer,add,113,0.3,False,softmax_ce,adamw,0.003,0.1,60000,0,120,False,500.0,13000.0,15126.0,-2126.0,15126.0,-2126.0,15126.0,-2126.0,False,True,False,0.0506216287612915,0.0710043907165527,1.4026492717446335,0.3006442785263061,4.605529099702835,15.318864946567928,0.0428510207754598,0.124237411437598,2.899287092566698,0.2628191013135773,7.81990730715666,29.75395345343068,113.21558797359468,51.12634781002998,0.4515839976201352,42.73506956478544,19.544251885771143,0.4573352070046939,15.283698081970217,0.616351842880249,24.797034775703082,fourier_concentration_k5,0.7592647302298183,0.9982098937034608,0.9974481463432312,37.93806073596568,0.9999999403953552,0.0017900466918945312,True,0.2418592171153651,1.535698198702796,-2.0477605757794373,transformer add p113 f0.3 wd0.1 softmax_ce,0.1099696416267788,0.21360449755227803
transformer_add113_f0.3_wd0.1_softmax_ce_s1,transformer,add,113,0.3,False,softmax_ce,adamw,0.003,0.1,60000,1,120,False,500.0,12000.0,16134.0,-4134.0,14622.0,-2622.0,15630.0,-3630.0,False,True,False,0.0513620972633361,0.1048327088356018,2.041051951171681,0.7607485949993134,9.585319519042969,12.599851753984009,0.0346980557518919,0.2001591713940288,5.768599048467296,0.4892301742719876,18.40416745464414,37.6186270236315,140.36267411708832,50.24855864048004,0.3579908900749746,40.82901456126556,22.207951916817283,0.5439257389740173,15.303062438964844,0.5568974614143372,27.479138439776825,fourier_concentration_k5,0.8706815167237938,1.0,1.0,35.38479194419651,0.9999999403953552,-5.960464477539063e-08,True,0.1877725665175216,2.528220991100428,-2.4129417935578656,transformer add p113 f0.3 wd0.1 softmax_ce,0.7668057797925198,1.489439820752117
transformer_add113_f0.3_wd0.1_softmax_ce_s2,transformer,add,113,0.3,False,softmax_ce,adamw,0.003,0.1,60000,2,120,False,500.0,14000.0,16639.0,-2639.0,16639.0,-2639.0,16134.0,-2134.0,False,True,False,0.0535041093826293,0.08980304002761835,1.6784325739430757,1.0395047068595886,7.134380057454109,6.863249401734347,0.049225396670961,0.15272022990973055,3.1024682427764594,0.840607494081478,12.448550190953501,14.808992637587519,111.293114900589,54.05981735885143,0.48574269313191204,44.752845493324685,21.63129866578725,0.48335024124921316,15.033526420593262,0.5806953310966492,25.88883639240269,fourier_concentration_k5,0.827082646401613,1.0,1.0,36.205567687698334,0.9999999403953552,-5.960464477539063e-08,True,0.2480933499767459,1.6334164428380162,-2.011045029887369,transformer add p113 f0.3 wd0.1 softmax_ce,0.2414380299610468,0.46896805624656
transformer_add113_f0.3_wd0.1_softmax_ce_s3,transformer,add,113,0.3,False,softmax_ce,adamw,0.003,0.1,60000,3,120,False,500.0,11500.0,9580.0,1920.0,13613.0,-2113.0,10588.0,912.0,False,True,False,0.0485206842422485,0.0464015752077102,0.9563256564157616,0.7441801428794861,2.288859397172928,3.0756792143318314,0.0377622308733479,0.08299566026530905,2.197848441308226,0.5856642360737374,3.973235271361192,6.7841521244280765,151.2044620513916,53.016685619950294,0.3506291077701854,50.24059948341629,37.65500163531691,0.7494934778345208,15.013136863708496,0.5423484444618225,27.681718306772638,fourier_concentration_k5,0.6550313774445015,1.0,1.0,30.096957541112328,0.9999999403953552,-5.960464477539063e-08,True,0.2851293185316604,1.1360919047076348,-1.810311702312586,transformer add p113 f0.3 wd0.1 softmax_ce,-0.07136579394328812,-0.13862057138834372
transformer_add113_f0.3_wd0.1_softmax_ce_s4,transformer,add,113,0.3,False,softmax_ce,adamw,0.003,0.1,60000,4,120,False,500.0,10500.0,46891.0,-36391.0,12101.0,-1601.0,12101.0,-1601.0,False,True,False,0.0955601930618286,0.066902220249176,0.7001055366839773,2.1492608785629272,4.186971455812454,1.9480982962905895,0.05279241866651565,0.1255244066426398,2.3776975901703756,1.196175310636948,7.749300083359237,6.478398286980889,181.39086484909058,52.575226187706,0.2898449501933095,46.57789648694115,30.61187710558623,0.6572189689624295,15.075989723205566,0.596986711025238,25.25347624122946,fourier_concentration_k5,0.7531757276599529,1.0,1.0,35.99260416249525,0.9999999403953552,-5.960464477539063e-08,True,0.2614397206806603,1.2495652361495824,-1.9354497476499162,transformer add p113 f0.3 wd0.1 softmax_ce,-0.07292349288115219,-0.14164623823637632
transformer_add113_f0.3_wd1.0_softmax_ce_s0,transformer,add,113,0.3,False,softmax_ce,adamw,0.001,1.0,60000,0,127,False,200.0,21500.0,33103.0,-11603.0,33103.0,-11603.0,264.0,21236.0,False,True,False,0.0070245042443275,0.00984569266438475,1.4016210001346991,0.25648023560643196,0.6713995151221752,2.6177436773429803,0.06194783049087965,0.09734292161092595,1.5713693415826302,2.2678914479209693,6.028072138996348,2.6580073506262507,11.414197966456413,9.82176523283124,0.8604866729747503,47.91593307986042,41.43936102370516,0.8648346877569743,15.283698081970217,0.0911246165633201,167.72304409478613,fourier_concentration_k5,0.3774624287003187,1.0,1.0,31.38175556097348,0.9999999403953552,-5.960464477539063e-08,True,0.6724211449320224,0.6520223178971387,-0.5725630026617007,transformer add p113 f0.3 wd1.0 softmax_ce,0.582344164134472,1.131142474798741
transformer_add113_f0.3_wd1.0_softmax_ce_s1,transformer,add,113,0.3,False,softmax_ce,adamw,0.001,1.0,60000,1,127,False,300.0,27500.0,60000.0,-32500.0,33103.0,-5603.0,,,False,True,False,0.00731024146080015,0.004968985915184,0.6797293826516251,0.23077501356601715,0.3114256933331489,1.349477521508455,0.0576922832412562,0.0556556087890934,0.9646976278673893,1.7604455537021755,3.245256522772608,1.8434290773423296,12.622401922941208,8.918812081217766,0.7065859680008946,48.92644869777,58.47380077903683,1.195136829575411,15.303062438964844,0.1533876657485962,99.76722942017193,fourier_concentration_k5,0.3295196630070622,1.0,1.0,27.928673169058406,0.9999999403953552,-5.960464477539063e-08,True,0.7334832622060863,-0.05185127596214419,-0.447164050335379,transformer add p113 f0.3 wd1.0 softmax_ce,-0.006258565010875704,-0.012156606266695635
transformer_add113_f0.3_wd1.0_softmax_ce_s2,transformer,add,113,0.3,False,softmax_ce,adamw,0.001,1.0,60000,2,127,False,200.0,21800.0,44567.0,-22767.0,38410.0,-16610.0,60.0,21740.0,False,True,False,0.0074555575847625,0.0074623748660086996,1.0009143891880243,0.2257889807224273,0.6826191134750843,3.0232614155526885,0.0557596386365783,0.08749240562939055,1.569099222461524,1.87944326821162,7.785248479442288,4.142316297128949,11.67153087258339,9.578926768153906,0.8207086861805726,50.35174157571917,48.86440388528992,0.9704610477436498,15.033525466918944,0.0851912945508956,176.4678603156747,fourier_concentration_k5,0.3219422522898848,1.0,1.0,32.53754314238017,0.9999999403953552,-5.960464477539063e-08,True,0.6896973292929135,0.64993658444565,-0.535964714630817,transformer add p113 f0.3 wd1.0 softmax_ce,0.6139007875775719,1.1924379068406727
transformer_add113_f0.3_wd1.0_softmax_ce_s3,transformer,add,113,0.3,False,softmax_ce,adamw,0.001,1.0,60000,3,127,False,200.0,16800.0,41374.0,-24574.0,41374.0,-24574.0,93.0,16707.0,False,True,False,0.00708353519439695,0.0059694945812225,0.8427281600780848,0.2920092679560184,0.3501552939414978,1.1991239058694438,0.0555686710122263,0.0609448717316786,1.0967487726720946,2.2394232233130715,3.574870399004937,1.5963353250021957,12.321628328412771,9.404002010822296,0.7632109783036839,47.577325501842154,60.85302600664701,1.279034190442059,15.013136863708496,0.1377265751361847,109.00682637946551,fourier_concentration_k5,0.3527702772080742,1.0,1.0,35.690634206664555,0.9999999403953552,-5.960464477539063e-08,True,0.6806401910151578,0.13323309189544,-0.5550357515975218,transformer add p113 f0.3 wd1.0 softmax_ce,0.07966656704789019,0.1547439527331841
transformer_add113_f0.3_wd1.0_softmax_ce_s4,transformer,add,113,0.3,False,softmax_ce,adamw,0.001,1.0,60000,4,127,False,200.0,19100.0,38410.0,-19310.0,30732.0,-11632.0,75.0,19025.0,False,True,False,0.0075808316469192,0.00655497610569,0.8646777043721712,0.24576901271939272,0.5090281069278717,2.071164713954625,0.05972420510557615,0.0717154595273874,1.2007771288142552,1.937327394913488,5.426045512512078,2.8007891318516043,12.908682078123093,9.077705144882202,0.7032247823553255,45.48551832502385,53.384831777901184,1.1736665590228426,15.075989723205566,0.0791412070393562,190.4948166346315,fourier_concentration_k5,0.3024614795984436,1.0,1.0,34.708539972482214,0.9999999403953552,-5.960464477539063e-08,True,0.6858884628938299,0.26396840333998506,-0.5439541061174291,transformer add p113 f0.3 wd1.0 softmax_ce,0.2205884935577625,0.42847001804492435
transformer_add149_f0.3_wd1.0_softmax_ce_s0,transformer,add,149,0.3,False,softmax_ce,adamw,0.001,1.0,60000,0,127,False,300.0,10500.0,7485.0,3015.0,5989.0,4511.0,125.0,10375.0,False,True,False,0.0075747482478618,0.0066876485943794,0.8828872426574955,0.30577346310019493,0.6590420827269554,2.155327921674493,0.0595800282298651,0.0717460053561658,1.204195558272703,2.617308362299358,6.1208643530144045,2.338610322414246,15.555433448404074,12.86957524716854,0.8273363316975849,49.22614372097733,51.45995550975432,1.0453785655329542,15.283698081970217,0.0893731862306594,171.00988256729687,fourier_concentration_k5,0.3399502150151722,1.0,1.0,36.70156905031497,1.0,5.960464477539063e-08,True,0.5790560448585995,0.2680697011012044,-0.7882251063851615,transformer add p149 f0.3 wd1.0 softmax_ce,0.00014780828768440335,0.0002871020997962522
transformer_add149_f0.3_wd1.0_softmax_ce_s1,transformer,add,149,0.3,False,softmax_ce,adamw,0.001,1.0,60000,1,127,False,300.0,9600.0,10077.0,-477.0,12594.0,-2994.0,31.0,9569.0,False,True,False,0.0084787383675575,0.0086966231465339,1.0256977830345728,0.4651423320174217,1.1524765491485596,2.477685795979958,0.0640356646361221,0.0887874048492957,1.386530542843953,3.438102380839363,12.112542594351993,3.523031385526946,17.54798537492752,11.433524668216704,0.6515576816329509,47.760812377459445,41.6799763912066,0.872681479155018,15.303062438964844,0.0852308273315429,179.54844412617084,fourier_concentration_k5,0.3075373094819161,1.0,1.0,41.80248043178421,1.0,5.960464477539063e-08,True,0.5375983447841957,0.4714793967770854,-0.895399398689046,transformer add p149 f0.3 wd1.0 softmax_ce,0.10503934954689836,0.20402792217265628
transformer_add149_f0.3_wd1.0_softmax_ce_s2,transformer,add,149,0.3,False,softmax_ce,adamw,0.001,1.0,60000,2,127,False,300.0,6800.0,12594.0,-5794.0,14613.0,-7813.0,38.0,6762.0,False,True,False,0.0112967044115066,0.0087237954139709,0.7722425139392878,0.6515241861343384,0.9209485426545144,1.4135293243965976,0.059511981879210446,0.0854812313675425,1.4363701000756621,3.7760302776800496,9.518484356342812,2.5207648393621627,25.157355837523937,13.787874542176723,0.5480653305229779,51.79675935202188,43.81273826091868,0.845858675504348,15.05375862121582,0.100578486919403,149.67175468924,fourier_concentration_k5,0.4413674081367579,1.0,1.0,35.631565672327085,1.0,5.960464477539063e-08,True,0.4847267675274685,0.5224275268415154,-1.0447563418386843,transformer add p149 f0.3 wd1.0 softmax_ce,0.0186936372904859,0.03631043024047119
transformer_add149_f0.3_wd1.0_softmax_ce_s3,transformer,add,149,0.3,False,softmax_ce,adamw,0.001,1.0,60000,3,127,False,300.0,9800.0,44567.0,-34767.0,44567.0,-34767.0,5.0,9795.0,False,True,False,0.00797471031546585,0.0068135187029838,0.8543907469303205,0.30732007697224617,0.5379630550742149,1.7504975931748121,0.0636824287020818,0.07493037677501216,1.1766256140379059,2.5530016821567925,5.797586134986781,2.270890056793438,16.21840864792466,12.940427046269178,0.7978851271530305,44.18804214769757,51.72809465907224,1.1706355870253813,15.14302921295166,0.1180532649159431,128.272853984461,fourier_concentration_k5,0.3006016247973259,1.0,1.0,34.428117038298254,1.0,5.960464477539063e-08,True,0.5828179714484253,0.23465534782590086,-0.7788827306630829,transformer add p149 f0.3 wd1.0 softmax_ce,-0.024678724212497505,-0.04793583399618994
transformer_add149_f0.3_wd1.0_softmax_ce_s4,transformer,add,149,0.3,False,softmax_ce,adamw,0.001,1.0,60000,4,127,False,300.0,9800.0,8062.0,1738.0,12594.0,-2794.0,264.0,9536.0,False,True,False,0.007684059441089601,0.0083495266735553,1.086603602896041,0.2705431208014488,0.9731866493821144,3.597159101658824,0.0576275279240479,0.0881104801513765,1.52896512006388,2.075171219470842,11.535772033953833,5.558949510149526,17.367877777665854,11.388421356678009,0.6557174976969783,43.442948155577746,48.23648562044444,1.1103409797995314,15.075989723205566,0.0947600379586219,159.09649307853462,fourier_concentration_k5,0.3682904099865329,1.0,1.0,33.31102037683676,1.0,5.960464477539063e-08,True,0.5259511554783582,0.6125554951978384,-0.9269992706952184,transformer add p149 f0.3 wd1.0 softmax_ce,0.2170678004121735,0.4216314407860151
transformer_add97_f0.3_wd0.1_softmax_ce_s1,transformer,add,97,0.3,False,softmax_ce,adamw,0.001,0.1,150000,1,130,False,200.0,142200.0,108692.0,33508.0,38154.0,104046.0,11.0,142189.0,False,True,True,0.0139635801315307,0.0151913911104202,1.087929525760877,0.6454234048724174,0.7885687351226807,1.2217851555577832,0.0653185516734157,0.0622675564419729,0.9532905253824766,2.959244061013307,3.232241725969785,1.0922525007494643,18.8299300968647,22.04030765593052,1.1704933338865855,46.70570153352813,58.92580917731436,1.2616405972408726,15.303062438964844,0.2439696043729782,62.72528284125788,fourier_concentration_k5,0.2581367688012379,0.991193413734436,0.9873527884483336,26.757705818573093,1.0,0.008806586265563965,True,0.9922821215965232,-0.06901213714935682,-0.011177734797121142,transformer add p97 f0.3 wd0.1 softmax_ce,0.37735361586654265,0.732969829894218
transformer_add97_f0.3_wd0.1_softmax_ce_s2,transformer,add,97,0.3,False,softmax_ce,adamw,0.001,0.1,150000,2,130,False,200.0,137000.0,127686.0,9314.0,29965.0,107035.0,41.0,136959.0,False,True,True,0.0176129341125488,0.0120053514838218,0.681621324823345,0.7484494298696518,0.6408910825848579,0.8562917640226863,0.0686695791926787,0.05661314207377925,0.8244282656069507,2.996854196319176,3.112841129835399,1.0387028950753365,22.868156239390373,18.711642920970917,0.8182401206766348,48.33219349941975,59.274718929286415,1.2264024170555807,15.033525466918944,0.1775088310241699,84.69170452072863,fourier_concentration_k5,0.2528834351169893,1.0,1.0,22.17627237911111,1.0,0.0,True,0.9811484288249788,-0.27853412621601864,-0.02745669001117974,transformer add p97 f0.3 wd0.1 softmax_ce,0.15286747271922446,0.2969290362252586
transformer_add97_f0.3_wd0.1_softmax_ce_s4,transformer,add,97,0.3,False,softmax_ce,adamw,0.001,0.1,150000,4,130,False,200.0,140100.0,108692.0,31408.0,127686.0,12414.0,48.0,140052.0,False,True,True,0.0157110840082168,0.0147194564342498,0.9368835674579562,0.5911797285079956,0.9833199381828308,1.6633180922230009,0.0626544071531893,0.0539655005316208,0.8613201047402105,2.265568116906828,3.605116322317729,1.5912637079479128,22.06489285826683,24.84980773925781,1.1262147475122493,49.43541251259779,60.56108637417916,1.2250547390243012,15.075989723205566,0.2727567851543426,55.27264780846659,fourier_concentration_k5,0.2732094975310092,1.0,1.0,26.458437893373205,1.0,0.0,True,0.9392522725982482,-0.21537858816484398,-0.09041539329659387,transformer add p97 f0.3 wd0.1 softmax_ce,0.15814928826837768,0.3071884090835398
transformer_add97_f0.3_wd0.3_softmax_ce_s0,transformer,add,97,0.3,False,softmax_ce,adamw,0.001,0.3,60000,0,127,False,200.0,55400.0,55701.0,-301.0,14613.0,40787.0,15.0,55385.0,False,True,True,0.01077508926391595,0.01205104589462275,1.1184172677789108,0.3629361018538475,0.44060876965522766,1.214011963551255,0.06369360762961951,0.0629049346108399,0.9876177053219255,2.207593004806937,2.3652590714582913,1.071419897738416,13.864929527044296,16.5720336958766,1.1952483179630988,42.372300975710324,51.99277343927327,1.227046259986632,15.283698081970217,0.1704523414373397,89.66552147709092,fourier_concentration_k5,0.3991442249293097,0.994837522506714,0.9926454424858092,27.30381119228686,1.0,0.005162477493286133,True,0.828354049345337,-0.017975394543589433,-0.2716805686349232,transformer add p97 f0.3 wd0.3 softmax_ce,0.1889275371341213,0.36697193012854434
transformer_add97_f0.3_wd0.3_softmax_ce_s1,transformer,add,97,0.3,False,softmax_ce,adamw,0.001,0.3,60000,1,127,False,200.0,41200.0,,,15741.0,25459.0,35.0,41165.0,False,True,False,0.01201768219470975,0.0065010488033294,0.5409569580889065,0.5063875392079353,0.3737279623746872,0.7380275647367879,0.0640267576177416,0.0463248430771986,0.7235231768844428,2.7685198962096793,3.515622894107886,1.2698564669594932,17.103052720427513,12.92201766371727,0.7555386675668428,49.79433384951318,87.27631844113839,1.7527359378860663,15.303062438964844,0.1063049063086509,143.9544323056283,fourier_concentration_k5,0.3131302829539761,1.0,1.0,20.36693551459507,1.0,0.0,True,0.7589089256601848,-0.4668888630084682,-0.3980013322796831,transformer add p97 f0.3 wd0.3 softmax_ce,-0.37610415549872506,-0.7305428841469094
transformer_add97_f0.3_wd0.3_softmax_ce_s2,transformer,add,97,0.3,False,softmax_ce,adamw,0.001,0.3,60000,2,127,False,200.0,43800.0,,,14613.0,29187.0,,,False,True,False,0.0108691155910491,0.00688270106911655,0.633234692506589,0.31554497778415674,0.44078683480620384,1.3969065136182162,0.0694775061772563,0.05717893209215085,0.8229848081517435,1.993150669523035,3.7964517719074444,1.9047490136889365,13.807768147438765,10.722435008734465,0.7765509164291258,46.20405846262858,60.5330822513699,1.3101247869888122,15.033525466918944,0.1061902642250061,141.5715986454697,fourier_concentration_k5,0.3216230472040032,1.0,1.0,20.71403245619848,1.0,0.0,True,0.7567219042983891,-0.2810622953539853,-0.40216488847096993,transformer add p97 f0.3 wd0.3 softmax_ce,-0.19410486641038016,-0.37702834935805535
transformer_add97_f0.3_wd0.3_softmax_ce_s3,transformer,add,97,0.3,False,softmax_ce,adamw,0.001,0.3,60000,3,127,False,200.0,56500.0,22827.0,33673.0,13566.0,42934.0,69.0,56431.0,False,True,True,0.01050408929586405,0.0078291594982147,0.7453439586902033,0.3787985295057297,0.4305815100669861,1.1367032248747764,0.0650570347155049,0.0571080132366471,0.8778145743405158,2.3824886501851092,3.140778340506173,1.3182763075333634,13.994366824626923,12.580301575362682,0.898954681766966,43.76587040343922,64.98529712952396,1.4848395914552008,15.013136863708496,0.1370938867330551,109.50989297532723,fourier_concentration_k5,0.2789160381030834,1.0,1.0,24.368931089377863,1.0,0.0,True,0.9943895689272546,-0.1880118714496201,-0.00811693218144889,transformer add p97 f0.3 wd0.3 softmax_ce,0.26116747257068496,0.5072904297059643
transformer_add97_f0.3_wd0.3_softmax_ce_s4,transformer,add,97,0.3,False,softmax_ce,adamw,0.001,0.3,60000,4,127,False,200.0,42600.0,,,15741.0,26859.0,48.0,42552.0,False,True,False,0.0087666064500808,0.0058000534772872,0.6616076027039792,0.2028522044420242,0.1999590620398521,0.9857376832057105,0.0576465785789426,0.0486941459436995,0.8447014054271509,1.3338953459204297,1.686631257407042,1.2644404694606781,13.689655989408491,10.589455880224705,0.7735370332474117,41.16773034734776,65.38873315386763,1.5883492386429392,15.075989723205566,0.1185552924871444,127.16420673366682,fourier_concentration_k5,0.3012196237858726,1.0,1.0,20.3260057688957,1.0,0.0,True,0.9809795749954672,-0.2434866434797136,-0.027704996525941796,transformer add p97 f0.3 wd0.3 softmax_ce,0.18768670389409509,0.3645617416723384
transformer_add97_f0.3_wd1.0_softmax_ce_s0,transformer,add,97,0.3,False,softmax_ce,adamw,0.001,1.0,40000,0,126,False,200.0,27600.0,22558.0,5042.0,4346.0,23254.0,85.0,27515.0,False,True,False,0.007643811404705001,0.0092487633228302,1.209967493067307,0.2110285013914108,0.3464234843850136,1.6415957185919416,0.0584315169018026,0.0706502414472965,1.2091118833356345,1.7201415182479871,2.851828740028895,1.6579035560594824,10.890410207211971,10.20528930425644,0.9370895228077062,41.96702479365621,41.59021163913791,0.9910212087616167,15.283698081970217,0.0986313968896865,154.95773723111867,fourier_concentration_k5,0.2412654871544454,1.0,1.0,28.88087271786605,1.0,0.0,True,0.8737680882299411,0.2739477483630243,-0.19467767827107912,transformer add p97 f0.3 wd1.0 softmax_ce,0.5516342838352423,1.0714917525251295
transformer_add97_f0.3_wd1.0_softmax_ce_s1,transformer,add,97,0.3,False,softmax_ce,adamw,0.001,1.0,40000,1,126,False,200.0,28600.0,22558.0,6042.0,20999.0,7601.0,68.0,28532.0,False,True,False,0.006496638059616051,0.0056448206305503,0.8688833483951094,0.15160239115357393,0.1752326413989067,1.1558699045940193,0.0584840246447039,0.0530458238856271,0.907013910343647,1.3056076924671922,1.2494747247921936,0.9570062523383844,9.725613214075564,9.510285690426826,0.9778597483871659,41.43052190598935,54.691602170074425,1.320079971335529,15.303062438964844,0.0982429459691047,155.76754430569832,fourier_concentration_k5,0.2494681814420685,1.0,1.0,33.89802716789987,1.0,0.0,True,0.8698150722201259,-0.14080341819099876,-0.20121938674204526,transformer add p97 f0.3 wd1.0 softmax_ce,0.13086976247907975,0.25420079074189333
transformer_add97_f0.3_wd1.0_softmax_ce_s2,transformer,add,97,0.3,False,softmax_ce,adamw,0.001,1.0,40000,2,126,False,200.0,30000.0,30039.0,-39.0,27963.0,2037.0,,,False,True,False,0.00619172304868695,0.006760701537132249,1.0918934009113925,0.16284235194325447,0.498566422611475,3.0616508338396513,0.05830260218384255,0.06830874310416976,1.1716242593902648,1.4815433153340396,5.037763885428114,3.400348699418392,9.230590794235468,8.928901668637991,0.9673163795988137,40.872785484299484,67.03133219100438,1.6399991191389003,15.033525466918944,0.0991709530353546,151.5920237406559,fourier_concentration_k5,0.2569721975077983,1.0,1.0,29.69163886520199,1.0,0.0,True,0.8993189242550155,0.2285099707605148,-0.15309526741536802,transformer add p97 f0.3 wd1.0 softmax_ce,0.5444204336843326,1.0574796050441717
transformer_add97_f0.3_wd1.0_softmax_ce_s3,transformer,add,97,0.3,False,softmax_ce,adamw,0.001,1.0,40000,3,126,False,200.0,34700.0,9553.0,25147.0,4669.0,30031.0,73.0,34627.0,False,True,True,0.0070372559130191005,0.006394125521183,0.9086106289461077,0.14851240441203115,0.2303797863423824,1.5512494545790216,0.061193352328921105,0.053888460479044345,0.8806260554151021,1.349123733298287,1.9382608838458633,1.4366813332289958,9.336013209074736,10.37527059391141,1.1113170431064194,43.614654329005056,53.970247401986455,1.2374337990819435,15.013136863708496,0.1013566330075264,148.12189807640584,fourier_concentration_k5,0.2556247820354627,1.0,1.0,31.87672805615932,1.0,0.0,True,0.9858977279156432,-0.18339856441898855,-0.020490098468326952,transformer add p97 f0.3 wd1.0 softmax_ce,0.2544069558916397,0.4941588349580042
transformer_add97_f0.3_wd1.0_softmax_ce_s4,transformer,add,97,0.3,False,softmax_ce,adamw,0.001,1.0,40000,4,126,False,200.0,25700.0,34663.0,-8963.0,34663.0,-8963.0,48.0,25652.0,False,True,False,0.00725479796528815,0.006154812872409749,0.8483782597197783,0.11397761106491086,0.337092999368906,2.957536977827424,0.0653940586524716,0.07098043878191346,1.0854264170867567,1.0227339409896905,3.8892596904297405,3.8028069027083804,9.22106796875596,7.7866910099983215,0.8444456798694268,41.72452273407779,50.668897326743604,1.214367331405343,15.075989723205566,0.0855465084314346,176.23150260175666,fourier_concentration_k5,0.2811364482142584,1.0,1.0,35.05785240631904,1.0,0.0,True,0.8203006418240266,0.1182619265037205,-0.285775337624177,transformer add p97 f0.3 wd1.0 softmax_ce,0.31220848032345283,0.6064322351561787
transformer_add97_f0.3_wd3.0_softmax_ce_s0,transformer,add,97,0.3,False,softmax_ce,adamw,0.001,3.0,120000,0,130,False,200.0,49300.0,102457.0,-53157.0,102457.0,-53157.0,514.0,48786.0,False,True,False,0.00622246786952015,0.0020693764090538,0.33256522210268663,0.1849144212901592,0.0153703540563583,0.08312144585110454,0.0558641241460934,0.0184473947015986,0.33021899087428247,1.6229665006225993,0.1446882269570399,0.08915047038958282,10.179946068674326,9.529609888792038,0.9361159503699633,47.92012433815779,86.8270606329359,1.8119122567425672,15.283698081970217,0.1010744124650955,151.2123366262278,fourier_concentration_k5,0.1297840096751687,1.0,1.0,37.53940350850147,1.0,0.0,True,1.4630669154871878,-1.5985050029453842,0.5489957547353359,transformer add p97 f0.3 wd3.0 softmax_ce,-0.6372092498749706,-1.2377121507510909
transformer_add97_f0.3_wd3.0_softmax_ce_s1,transformer,add,97,0.3,False,softmax_ce,adamw,0.001,3.0,120000,1,130,False,300.0,63700.0,120000.0,-56300.0,120000.0,-56300.0,77.0,63623.0,False,True,False,0.0062523707747459,0.0020671412348747,0.330617186559719,0.1604574024677276,0.015973538160324048,0.09955002333741982,0.0563881807899233,0.0195760385814951,0.3471656348415727,1.4295726840334633,0.1427149015778194,0.09983046204769169,9.922279447317123,10.083964142948389,1.0162951161061065,52.4193977164983,105.55675681969811,2.0136964829429074,15.303062438964844,0.1227514967322349,124.66701300063427,fourier_concentration_k5,0.1396657393637137,1.0,1.0,38.73106754660853,1.0,0.0,True,1.4440147804179688,-1.5263039492287942,0.5300855092102467,transformer add p97 f0.3 wd3.0 softmax_ce,-0.5823911193263305,-1.1312336803352512
transformer_add97_f0.3_wd3.0_softmax_ce_s2,transformer,add,97,0.3,False,softmax_ce,adamw,0.001,3.0,120000,2,130,False,200.0,47500.0,74691.0,-27191.0,74691.0,-27191.0,84.0,47416.0,False,True,False,0.0065661817789077,0.00224512070417395,0.34192180170610975,0.1962843462824821,0.0266671776771545,0.13585993066801416,0.055946385810773,0.01844973862755275,0.3297753440223136,1.7031476066831803,0.22494984399121254,0.13207888917467017,10.278212070465088,10.256276044994593,0.9978657741910648,48.73205963807784,90.71611999915805,1.8615285434862898,15.033525466918944,0.1153837963938713,130.29147884509598,fourier_concentration_k5,0.1396920850670376,1.0,1.0,39.09624343254231,1.0,0.0,True,1.416327980923442,-1.6004445565924426,0.5021553908873521,transformer add p97 f0.3 wd3.0 softmax_ce,-0.6822060152778492,-1.3251136492299138
transformer_add97_f0.3_wd3.0_softmax_ce_s3,transformer,add,97,0.3,False,softmax_ce,adamw,0.001,3.0,120000,3,130,False,200.0,78000.0,120000.0,-42000.0,120000.0,-42000.0,439.0,77561.0,False,True,False,0.0072952695190906,0.0012360289692878,0.16942882864756428,0.20665365830063814,0.0083140134811401,0.04023162981729042,0.058457931927056894,0.011282513018473599,0.19300226071205842,1.7465117461972315,0.07465734094352824,0.04274654385009632,10.261079911142588,9.885717298835516,0.9634188004033121,54.77384119298975,99.66235360125654,1.8195246385972264,15.013136863708496,0.0972735881805419,154.33929337369347,fourier_concentration_k5,0.1167374743626925,1.0,1.0,37.261254476917856,1.0,0.0,True,1.500161865897505,-2.3733103484355933,0.5851181744069667,transformer add p97 f0.3 wd3.0 softmax_ce,-1.3788096724063892,-2.678193208032325
transformer_add97_f0.3_wd3.0_softmax_ce_s4,transformer,add,97,0.3,False,softmax_ce,adamw,0.001,3.0,120000,4,130,False,200.0,39100.0,94673.0,-55573.0,87479.0,-48379.0,763.0,38337.0,False,True,False,0.0048523247241973,0.0017648339271545,0.36370894931118797,0.1163924187421798,0.01698503270745275,0.14592902949354633,0.0459597341049697,0.0160534545413953,0.34929389505887964,1.0969124419449574,0.1573675666624232,0.14346410948114655,9.133801952004433,9.819755759090185,1.0751005781262006,52.27825796610647,101.14663190259401,1.9347743371282635,15.075989723205566,0.1073444336652755,140.44500686655024,fourier_concentration_k5,0.1368791569618209,1.0,1.0,38.26348766924412,1.0,0.0,True,1.3325826402856469,-1.5174866672855551,0.414225004679262,transformer add p97 f0.3 wd3.0 softmax_ce,-0.6800766453868237,-1.3209775715002152
transformer_add97_f0.4_wd0.0_softmax_ce_s0,transformer,add,97,0.4,False,softmax_ce,orthograd_adamw,0.01,0.0,20000,0,124,False,200.0,3800.0,3071.0,729.0,3071.0,729.0,11.0,3789.0,False,True,False,0.8023443222045898,1.216750144958496,1.5164937437523698,21.28522300720215,20.610593795776367,0.9683052786810121,0.0505810588102603,0.0770171908505493,1.522648846467533,1.3418542225843386,1.304598189274596,0.9722354092697271,1354.1121912002563,1359.3094415664673,1.0038381239013912,40.37779221087345,39.53751868041164,0.9791897108669667,15.283698081970217,15.798032760620115,0.9674431186184153,fourier_concentration_k5,0.1693967085713115,0.9883082509040833,0.9827739596366882,575.0420169528633,1.0,0.011691808700561523,True,0.9236471039695892,0.6065832656122443,-0.11458634562712838,transformer add p97 f0.4 wd0.0 softmax_ce,0.9578924031771414,1.8606055495226115
transformer_add97_f0.4_wd0.0_softmax_ce_s1,transformer,add,97,0.4,False,softmax_ce,orthograd_adamw,0.01,0.0,20000,1,124,False,200.0,8800.0,6856.0,1944.0,6856.0,1944.0,30.0,8770.0,False,True,False,1.206441879272461,1.161097526550293,0.9624148054695244,14.71152114868164,19.45945692062378,1.3227358832548475,0.0769798794082537,0.07629390293778925,0.9910888861383316,0.947119601528393,1.2687936274749798,1.33963400760315,1366.5255432128906,1269.2899794578552,0.9288446789465632,38.30392180042681,28.563326972812995,0.7457024145369554,15.303062438964844,15.44395351409912,0.9908772663032395,fourier_concentration_k5,0.3499231678083568,0.97360497713089,0.9695639610290528,891.4514071587992,0.9997343420982361,0.026129424571990967,True,0.8990594008092737,-0.012913643085713026,-0.15351165721004792,transformer add p97 f0.4 wd0.0 softmax_ce,0.30261406056619383,0.5877960808390594
transformer_add97_f0.4_wd0.0_softmax_ce_s3,transformer,add,97,0.4,False,softmax_ce,orthograd_adamw,0.01,0.0,20000,3,124,False,200.0,4900.0,1682.0,3218.0,1682.0,3218.0,8.0,4892.0,False,True,False,0.9480504989624025,0.9371004104614258,0.9884498889954058,26.057344436645508,20.888453483581543,0.8016340089593035,0.061948298969403,0.0612431469878283,0.9886170888740143,1.7028697542310358,1.365248424111453,0.8017339087263065,1341.6365823745728,1339.9629526138306,0.9987525461196205,33.26683967790417,35.30703521009906,1.0613282040599121,15.013136863708496,15.301236152648926,0.9811715023501186,fourier_concentration_k5,0.1758926856496888,0.961736023426056,0.9397799372673036,318.0829023442213,1.0,0.03826397657394409,True,0.9838687646521826,-0.01651625029444962,-0.023462203318966215,transformer add p97 f0.4 wd0.0 softmax_ce,0.41855721293118686,0.8130034966238969
transformer_add97_f0.4_wd0.0_stablemax_ce_s3,transformer,add,97,0.4,False,stablemax_ce,adamw,0.01,0.0,80000,3,128,False,300.0,38100.0,13840.0,24260.0,225.0,37875.0,16.0,38084.0,False,True,False,1.394245147705078,1.5407533645629883,1.1050806718596529,32.11020088195801,61.94461441040039,1.9291257204561951,0.0719484603811476,0.07111026246562095,0.9883500229040859,1.668629971461311,2.8671404497191255,1.718260188751262,1626.622974395752,1862.3980255126953,1.1449475722575033,38.38139871731631,35.32444435576208,0.9203532319374531,15.013136863708496,21.67044258117676,0.6927932739476723,fourier_concentration_k5,0.3966817508890788,0.9989371299743652,0.99855238199234,941.448595501618,1.0,0.001062929630279541,True,0.8935493750055888,-0.016906033969103822,-0.16238064417952014,transformer add p97 f0.4 wd0.0 stablemax_ce,0.290469003507034,0.5642055810202998
transformer_add97_f0.4_wd1.0_softmax_ce_s0,transformer,add,97,0.4,False,softmax_ce,adamw,0.001,1.0,60000,0,127,False,200.0,11600.0,16955.0,-5355.0,15741.0,-4141.0,75.0,11525.0,False,True,False,0.007071394473314251,0.0047009922564029,0.664789989321529,0.21298015862703318,0.4817475378513336,2.261936233670296,0.05906394552253585,0.04916111587137935,0.8323371464004539,1.656956862499598,5.0471142785760055,3.046014288484369,10.37322175130248,9.025206111371517,0.8700485083371804,44.49776810777891,98.89860582027856,2.2225520520654953,15.283698081970217,0.0962872952222824,158.73016317144746,fourier_concentration_k5,0.2347363101139236,1.0,1.0,22.61533820029948,1.0,0.0,True,0.8875638938721638,-0.2647600702274483,-0.17207711503954337,transformer add p97 f0.4 wd1.0 softmax_ce,0.03370165051060586,0.06546192219514743
transformer_add97_f0.4_wd1.0_softmax_ce_s1,transformer,add,97,0.4,False,softmax_ce,adamw,0.001,1.0,60000,1,127,False,300.0,9400.0,18264.0,-8864.0,13566.0,-4166.0,211.0,9189.0,False,True,False,0.0078627653419971,0.0058174952864646,0.7398790417147293,0.1691608056426048,0.349135048687458,2.063924012191657,0.06381587551715609,0.0647895202908223,1.0152570934078067,1.4246439469598953,3.747280542048367,2.6303277742097166,9.922950681298971,8.06949508190155,0.8132152764912469,44.05294443565427,68.61094256576621,1.5574655325476023,15.303062438964844,0.0864152684807777,177.08748358941767,fourier_concentration_k5,0.2743482655321146,1.0,1.0,22.937676196410845,1.0,0.0,True,0.7636058004331454,0.021845107132728886,-0.38910003323462816,transformer add p97 f0.4 wd1.0 softmax_ce,0.12081218314688127,0.2346649975169085
transformer_add97_f0.4_wd1.0_softmax_ce_s2,transformer,add,97,0.4,False,softmax_ce,adamw,0.001,1.0,60000,2,127,False,300.0,4900.0,21192.0,-16292.0,9355.0,-4455.0,169.0,4731.0,False,True,False,0.0366900265216827,0.00771753862500185,0.21034431851503343,1.152156263589859,0.4800152368843555,0.416623380051536,0.05601962288499345,0.0757301396986205,1.3518502231636247,1.731853536437112,4.5201770242949735,2.610022689097712,58.42628435790539,8.845229983329773,0.15139128014963296,52.539899941243,42.65763897168131,0.8119094063632909,15.033525466918944,0.0766727551817894,196.0738913226059,fourier_concentration_k5,0.3320738657899126,1.0,1.0,34.55351751687699,1.0,0.0,True,0.5569856799146913,0.4349353185809381,-0.8442878584919574,transformer add p97 f0.4 wd1.0 softmax_ce,0.11547868968145414,0.2243052457251604
transformer_add97_f0.4_wd1.0_softmax_ce_s3,transformer,add,97,0.4,False,softmax_ce,adamw,0.001,1.0,60000,3,127,False,200.0,8800.0,18264.0,-9464.0,22827.0,-14027.0,,,False,True,False,0.00759280845522875,0.0070107094943522505,0.9233354872167703,0.2700990103185177,0.3781848922371864,1.4001713363970014,0.0545307540761227,0.06872681611202935,1.2603312988499946,1.9912917497640459,3.4951529179877774,1.7552189017013347,11.30306476354599,8.18477040156722,0.7241195704694432,47.62192944735346,51.429981185418725,1.0799642471915194,15.013136863708496,0.0924319848418235,162.4236122312,fourier_concentration_k5,0.3030454502706953,1.0,1.0,28.408415709538044,1.0,0.0,True,0.703893772629852,0.3338030197427963,-0.506570372365125,transformer add p97 f0.4 wd1.0 softmax_ce,0.32478747454194423,0.6308656124047191
transformer_add97_f0.4_wd1.0_softmax_ce_s4,transformer,add,97,0.4,False,softmax_ce,adamw,0.001,1.0,60000,4,127,False,200.0,6100.0,10854.0,-4754.0,8685.0,-2585.0,108.0,5992.0,False,True,False,0.01563097536563865,0.0072040036320686,0.46087998116259965,0.6215646639466286,0.4293809831142425,0.6908066175896895,0.05551521121941305,0.0763362237602339,1.375050586739729,1.9264282947262275,4.709959919224711,2.4449183663459753,27.14044825732708,8.381141617894173,0.3088063077820214,43.93868131893264,54.12887615614631,1.2319185403687307,15.075989723205566,0.1285904049873352,117.24039382790957,fourier_concentration_k5,0.3740981363532329,0.998405694961548,0.9973669052124025,35.200487121276865,1.0,0.0015943646430969238,True,0.6555383236018918,0.4594846949253494,-0.6092479701928476,transformer add p97 f0.4 wd1.0 softmax_ce,0.35608450560441335,0.6916568134678753
transformer_add97_f0.5_wd1.0_softmax_ce_s0,transformer,add,97,0.5,False,softmax_ce,adamw,0.001,1.0,60000,0,127,False,200.0,2900.0,12594.0,-9694.0,11692.0,-8792.0,48.0,2852.0,False,True,False,0.1351400017738342,0.0055780336260795,0.04127596235653978,3.2415391206741333,0.2464241608977317,0.07602072710647514,0.05722560336096795,0.0575048286291545,1.0048793765690027,1.3708767475439694,2.36117060489176,1.7223799361408512,200.11058896780014,8.144462339580059,0.04069980694969914,44.39394089796352,58.55938094776756,1.319084986898603,15.283698081970217,0.0832869336009025,183.50655284305728,fourier_concentration_k5,0.2761265699898355,1.0,1.0,34.76145490510633,1.0,0.0,True,0.5999763999116393,0.007022333971419188,-0.7370223414996527,transformer add p97 f0.5 wd1.0 softmax_ce,-0.2138322837604252,-0.4153467889630667
transformer_add97_f0.5_wd1.0_softmax_ce_s1,transformer,add,97,0.5,False,softmax_ce,adamw,0.001,1.0,60000,1,127,False,300.0,3500.0,13566.0,-10066.0,10854.0,-7354.0,108.0,3392.0,False,True,False,0.06873804330825806,0.0059771239757537495,0.08695510794436113,1.722329020500183,0.2913453169167042,0.16915775873769712,0.04836987793212045,0.0646163339743819,1.3358796163401696,1.1776082945793664,2.7345711039306,2.3221398121243446,128.34980595111847,8.0062760040164,0.062378559474141775,62.06289635699537,52.58084396461805,0.8472186612459224,15.303062438964844,0.084837332367897,180.38123090201762,fourier_concentration_k5,0.3385984368254454,1.0,1.0,35.16170279836352,1.0,0.0,True,0.5062371947047348,0.4177900042683199,-0.9821145845847156,transformer add p97 f0.5 wd1.0 softmax_ce,-0.028361510056200412,-0.055089259324305605
transformer_add97_f0.5_wd1.0_softmax_ce_s2,transformer,add,97,0.5,False,softmax_ce,adamw,0.001,1.0,60000,2,127,False,300.0,2400.0,19673.0,-17273.0,19673.0,-17273.0,330.0,2070.0,False,True,False,0.1531418561935424,0.0104014575481414,0.06792040926417871,3.478287696838379,0.8647801429033279,0.2486223734998625,0.053076133976432696,0.0811503813969683,1.5289429601824684,1.1942048014264905,5.808609077269757,4.863997423499982,259.1289076805115,8.815204590559006,0.03401860745474048,46.141956643361084,49.23374126833289,1.067005928007534,15.033525466918944,0.1403299123048782,107.1298714578926,fourier_concentration_k5,0.3944003011245671,0.999574899673462,0.9991610646247864,32.752148046979734,1.0,0.00042510032653808594,True,0.5389548381969376,0.6125345855104437,-0.8917637076963422,transformer add p97 f0.5 wd1.0 softmax_ce,0.24943658569602029,0.48450441204111105
transformer_add97_f0.5_wd1.0_softmax_ce_s3,transformer,add,97,0.5,False,softmax_ce,adamw,0.001,1.0,60000,3,127,False,300.0,3000.0,41374.0,-38374.0,5560.0,-2560.0,33.0,2967.0,False,True,False,0.0940046310424804,0.007511936128139451,0.07991027723671221,2.7635825872421265,0.41378119960427284,0.14972637384330867,0.046587800395943346,0.073397382527653,1.575463574237433,1.4203849006768918,3.620506429754193,2.548961501934315,174.78922426700592,8.538977522403002,0.04885299742139116,47.65861725697334,45.24471012442257,0.9493500384298796,15.013136863708496,0.0847205519676208,177.20773194969672,fourier_concentration_k5,0.3139450891980139,1.0,1.0,31.68799664853613,1.0,0.0,True,0.5148363078086996,0.65577639867502,-0.957814294536835,transformer add p97 f0.5 wd1.0 softmax_ce,0.23196251472662416,0.45056286149683983
transformer_add97_f0.5_wd1.0_softmax_ce_s4,transformer,add,97,0.5,False,softmax_ce,adamw,0.001,1.0,60000,4,127,False,300.0,3600.0,13566.0,-9966.0,12594.0,-8994.0,64.0,3536.0,False,True,False,0.07512575387954709,0.0070395022630691,0.09370291677013835,2.64553302526474,0.396127987653017,0.1497346598473766,0.04961374666161175,0.0663751015685971,1.3378369108325037,1.8388963591718852,3.438305886612156,1.8697659982102182,127.96794432401657,8.337387964129448,0.06515215984886863,60.054240400603845,50.45568038392662,0.8401684884756162,15.075989723205566,0.078995794057846,190.84547352186775,fourier_concentration_k5,0.3236254899966057,1.0,1.0,34.02483731597251,1.0,0.0,True,0.5565543788513602,0.419902254788052,-0.8454054400848521,transformer add p97 f0.5 wd1.0 softmax_ce,0.09941830792289547,0.19310963823488994
transformer_compose120_f0.6_wd1.0_softmax_ce_s0,transformer,compose,120,0.6,False,softmax_ce,adamw,0.001,1.0,100000,0,129,False,300.0,15900.0,18062.0,-2162.0,18062.0,-2162.0,106.0,15794.0,False,True,False,0.00988802313804625,0.0196493715047836,1.9871890700961758,0.2575359381735325,5.926270551979542,23.01143131327291,0.0500801982211726,0.22097084294554897,4.412339623131289,1.3863584201806733,66.37524280234555,47.877404454827335,16.753874115645885,9.734425347298384,0.5810253365941032,41.23709477234141,44.70260314551948,1.0840386160157545,15.283698081970217,0.1549093574285507,98.66220050018323,,,1.0,1.0,35.53307994047302,1.0,0.0,True,0.5047833660432156,2.141543841189927,-0.9862637244289316,transformer compose p120 f0.6 wd1.0 softmax_ce,1.691578300282336,3.2857134710727056
transformer_compose120_f0.6_wd1.0_softmax_ce_s1,transformer,compose,120,0.6,False,softmax_ce,adamw,0.001,1.0,100000,1,129,False,500.0,36300.0,45937.0,-9637.0,39318.0,-3018.0,10.0,36290.0,False,True,False,0.0093899667263031,0.0133497044444084,1.4216988018725683,0.3408047705888748,2.687226362526417,7.8849435055828945,0.0458403459642163,0.1326185640610544,2.8930532977342396,1.4905142166883012,25.147976490572084,16.872013838584586,17.634664580225945,10.91443495452404,0.618919339512847,49.206551011565146,55.472323635116254,1.1273361472150008,15.303062438964844,0.0912058055400848,167.78605647245968,,,1.0,1.0,36.05062381185268,1.0,0.0,True,0.6403515137561364,1.5325929017910496,-0.6430640211240453,transformer compose p120 f0.6 wd1.0 softmax_ce,1.3981078799437143,2.715677952582644
transformer_compose120_f0.6_wd1.0_softmax_ce_s2,transformer,compose,120,0.6,False,softmax_ce,adamw,0.001,1.0,100000,2,129,False,400.0,89700.0,100000.0,-10300.0,62704.0,26996.0,,,False,True,True,0.00867197662591925,0.0039430260658264,0.4546859656011158,0.287563294172287,0.16684151068329806,0.5801905669620643,0.0397274574043244,0.04090200506041625,1.0295651353706818,1.3576260708453667,1.7291988480923681,1.2736930184433115,18.09768448024988,10.57934408634901,0.584568931892603,52.166513176470566,44.7051303137747,0.8569698757236226,15.033525466918944,0.0960287824273109,156.55228658447885,,,1.0,1.0,35.65873482436049,1.0,0.0,True,0.5777940021962384,0.04203510486447356,-0.7913728668357412,transformer compose p120 f0.6 wd1.0 softmax_ce,-0.2287803134715438,-0.4443817692413191
transformer_compose120_f0.6_wd1.0_softmax_ce_s3,transformer,compose,120,0.6,False,softmax_ce,adamw,0.001,1.0,100000,3,129,False,600.0,83200.0,100000.0,-16800.0,85592.0,-2392.0,,,False,True,True,0.009286507964134199,0.0073246732354164,0.7887435474890367,0.198432058095932,0.4941770955920219,2.4904095655406238,0.03974312216205565,0.0609237020790316,1.532936990471219,0.8388771770853347,4.972803449388834,5.92792793179421,17.63536413758993,11.53841919451952,0.6542773432120564,48.68975507591886,68.13225229704702,1.3993139252972766,15.337369918823242,0.105382815003395,145.53957320583186,,,1.0,1.0,24.299593815546288,1.0,0.0,True,0.6602503884474785,0.616298397973262,-0.5989148497087979,transformer compose p120 f0.6 wd1.0 softmax_ce,0.5223967547828399,1.0147009181591862
transformer_compose120_f0.6_wd1.0_softmax_ce_s4,transformer,compose,120,0.6,False,softmax_ce,adamw,0.001,1.0,100000,4,129,False,400.0,17100.0,,,19523.0,-2423.0,183.0,16917.0,False,True,False,0.0106066167354583,0.0056806355714797,0.5355746995636349,0.3004192858934402,0.3032440692186355,1.009402802875303,0.0439084421897284,0.0597883898956258,1.3616604669616867,1.2436522574850597,3.164313916627759,2.5443719476911517,20.21675106883049,10.768574185669422,0.5326560211878975,45.530859630155,97.36777313241576,2.138500654793903,15.12674045562744,0.0789209455251693,191.6695289820527,,,1.0,1.0,37.68560767234848,1.0,0.0,True,0.4569432786484383,0.44536700900550047,-1.129913003326922,transformer compose p120 f0.6 wd1.0 softmax_ce,-0.13664570045430263,-0.2654199445996264
transformer_compose97_f0.5_wd1.0_softmax_ce_s0,transformer,compose,120,0.5,False,softmax_ce,adamw,0.001,1.0,100000,0,129,False,400.0,100000.0,100000.0,0.0,100000.0,0.0,31.0,99969.0,False,True,True,0.0085983276367187,0.0108100175857543,1.2572232697426762,0.1642288863658905,0.3758168667554855,2.288372496895532,0.047100410930871,0.0464483750291003,0.9861564710607793,1.0145732642812153,1.6148061398460736,1.5916111696380046,15.406459853053091,20.34246701002121,1.3203855528166617,48.06916562643436,54.08999004495608,1.1252533581571202,15.283698081970217,0.2327318787574768,65.6708404691603,,,0.95291668176651,0.9528221487998962,39.03424084620636,1.0,0.04708331823348999,True,0.6880264938377756,-0.020111521191203845,-0.5394639750291083,transformer compose p120 f0.5 wd1.0 softmax_ce,-0.05936395396003968,-0.11530825572194121
transformer_compose97_f0.5_wd1.0_softmax_ce_s1,transformer,compose,120,0.5,False,softmax_ce,adamw,0.001,1.0,100000,1,129,False,400.0,86600.0,45937.0,40663.0,73260.0,13340.0,67.0,86533.0,False,True,True,0.0081835687160491,0.0084082260727882,1.0274522478559405,0.1355977952480316,0.6140685118734837,4.52860248022652,0.0422794813909925,0.07504022130183224,1.7748614418392394,0.699497868565991,5.529623509352261,7.905132749994352,15.82684624940157,12.128812208771706,0.7663442240888838,39.05220997088608,57.40871113157904,1.470050252581812,15.303062438964844,0.1164969131350517,131.36023974493145,,,1.0,1.0,31.238746524398103,1.0,0.0,True,0.4250488810112988,0.8277064020968182,-1.2342993328429428,transformer compose p120 f0.5 wd1.0 softmax_ce,0.1497383258304953,0.2908509965131468
transformer_compose97_f0.6_wd1.0_softmax_ce_s0,transformer,compose,120,0.6,False,softmax_ce,adamw,0.001,1.0,100000,0,129,False,300.0,13900.0,16710.0,-2810.0,16710.0,-2810.0,250.0,13650.0,False,True,False,0.0112206563353538,0.018621467053890152,1.659570215622596,0.29868315905332565,6.1733804270625114,20.668659212755752,0.05312588547604785,0.23083527939521994,4.345062248407954,1.434044889715104,81.86290607638945,57.085316271133486,17.26349624991417,9.26115546002984,0.5364588566511193,39.08054795624966,68.19759843078593,1.745052257382178,15.283698081970217,0.0639855936169624,238.8615502024279,,,1.0,1.0,33.92499939290913,1.0,0.0,True,0.2609710641613945,2.1193768455842483,-1.9380382417515878,transformer compose p120 f0.6 wd1.0 softmax_ce,0.7945086871574041,1.543249813408967
transformer_compose97_f0.6_wd1.0_softmax_ce_s1,transformer,compose,120,0.6,False,softmax_ce,adamw,0.001,1.0,100000,1,129,False,500.0,39500.0,49653.0,-10153.0,45937.0,-6437.0,10.0,39490.0,False,True,False,0.0087054073810577,0.01501007378101345,1.7242241659677207,0.2105031833052635,2.1338333785533905,10.136822375075386,0.0422398984993224,0.12532763663996724,2.967043981935177,0.9400465395659324,19.238787444174847,20.46578188890348,15.536725908517838,12.172107938677073,0.7834409907433489,44.82893061137874,53.363313269216526,1.19037667286383,15.303062438964844,0.1085723713040351,140.9480354455158,,,1.0,1.0,33.18567673310107,1.0,0.0,True,0.6006680187727823,1.5690263127465496,-0.7353602420537352,transformer compose p120 f0.6 wd1.0 softmax_ce,1.3496995518015218,2.621649851215795
transformer_div97_f0.5_wd1.0_softmax_ce_s0,transformer,div,97,0.5,False,softmax_ce,adamw,0.001,1.0,60000,0,127,False,300.0,8100.0,60000.0,-51900.0,13566.0,-5466.0,,,False,True,False,0.0080640390515327,0.0037457644939422,0.4645022760933006,0.25637413561344147,0.3609656244516372,1.4079642768484955,0.0488278755478257,0.0314820371845254,0.644755415452993,1.3230096537190212,3.3438585597770647,2.5274634620974794,12.980864647775888,7.804174818098545,0.6012060852537812,47.090263639851706,128.87204440575115,2.7367025462284498,15.283698081970217,0.3681863844394684,41.51076391713483,fourier_concentration_group_k5,0.3840594755081475,1.0,1.0,23.948567688471385,1.0,0.0,True,0.5717107795305331,-0.6331761092856437,-0.8066426025365794,transformer div p97 f0.5 wd1.0 softmax_ce,-0.9180279737445001,-1.7831730754943063
transformer_div97_f0.5_wd1.0_softmax_ce_s1,transformer,div,97,0.5,False,softmax_ce,adamw,0.001,1.0,60000,1,127,False,300.0,9100.0,11692.0,-2592.0,14613.0,-5513.0,23.0,9077.0,False,True,False,0.008149966597557,0.0129738301038742,1.5918875186265402,0.20946812629699704,1.589528262615204,7.588401589850817,0.0373811013233348,0.0400549985385852,1.0715307232957645,1.0676682880381225,4.689674765079781,4.392445497933839,12.19935655221343,8.294534213840961,0.6799157134509701,41.42140413491545,44.07354857768289,1.0640283567917936,15.303062438964844,0.363603413105011,42.08723539826955,fourier_concentration_group_k5,0.4927746890747194,1.0,1.0,27.936162271361,1.0,0.0,True,0.4372638565785187,0.09967321605365016,-1.1934239920432088,transformer div p97 f0.5 wd1.0 softmax_ce,-0.5407208949438009,-1.0502936389706585
transformer_div97_f0.5_wd1.0_softmax_ce_s2,transformer,div,97,0.5,False,softmax_ce,adamw,0.001,1.0,60000,2,127,False,300.0,8200.0,18264.0,-10064.0,12594.0,-4394.0,48.0,8152.0,False,True,False,0.01127387583255765,0.0126941800117492,1.1259818894838167,0.3693646416068077,0.6432686373591423,1.7415544556750184,0.0541084753313813,0.0698679553780979,1.2912571450257917,1.6645329282084385,3.5084157027981338,2.1077478512691807,13.663471914827824,7.339025437831879,0.537127421462143,41.29185056245928,31.28586366704502,0.7576764722550057,15.033525466918944,0.3156779408454895,47.622983812724485,fourier_concentration_group_k5,0.6784367296519687,1.0,1.0,32.95828472442779,1.0,0.0,True,0.4283283042184403,0.3687763321027316,-1.2232110802631941,transformer div p97 f0.5 wd1.0 softmax_ce,-0.2989990556337218,-0.5807743128235705
transformer_div97_f0.5_wd1.0_softmax_ce_s3,transformer,div,97,0.5,False,softmax_ce,adamw,0.001,1.0,60000,3,127,False,200.0,6000.0,14613.0,-8613.0,10077.0,-4077.0,146.0,5854.0,False,True,False,0.0138998702168464,0.0072194412350654,0.5193891110087894,0.4016594961285591,0.4977849125862121,1.2393206618645116,0.0487637913301463,0.0572987471495975,1.175026501972885,1.252891324026312,4.212056890638836,3.3618693097042938,26.095798395574093,7.179910160601139,0.27513663509214065,41.899325201557026,71.70800968357436,1.7114359083021606,15.013136863708496,0.1119780391454696,134.0721535961625,fourier_concentration_group_k5,0.443905301288198,1.0,1.0,22.52677198049909,1.0,0.0,True,0.4557245032020678,0.23269329622319154,-1.1337661520248432,transformer div p97 f0.5 wd1.0 softmax_ce,-0.3528613549677111,-0.6853961813324657
transformer_div97_f0.5_wd1.0_softmax_ce_s4,transformer,div,97,0.5,False,softmax_ce,adamw,0.001,1.0,60000,4,127,False,400.0,8000.0,48006.0,-40006.0,48006.0,-40006.0,64.0,7936.0,False,True,False,0.008371166884899101,0.0133787617087364,1.5981955553735991,0.17405603826045984,1.0102868899703026,5.804377142368915,0.040654260473225554,0.0652109832218394,1.6040381121871994,0.8946175545289174,4.729062718778387,5.28612779263938,14.058628626167774,8.065493315458298,0.5737041307461339,39.73030104257542,31.54625208002692,0.7940098930089057,15.075989723205566,0.1914007067680359,78.76663559804196,fourier_concentration_group_k5,0.6697044476561529,1.0,1.0,28.65077898399579,1.0,0.0,True,0.3731089700167319,0.6817084208515911,-1.4223310500821857,transformer div p97 f0.5 wd1.0 softmax_ce,-0.16910462929785197,-0.32846801026708017
transformer_mul97_f0.5_wd1.0_softmax_ce_s0,transformer,mul,97,0.5,False,softmax_ce,adamw,0.001,1.0,60000,0,127,False,300.0,1900.0,60000.0,-58100.0,60000.0,-58100.0,87.0,1813.0,False,True,False,0.2162138223648071,0.0122793205082416,0.056792486132192316,5.43528425693512,0.659954272210598,0.12142037858802567,0.0522077886649484,0.0514624440341567,0.9857234973966229,1.3153657749559038,2.7326594523345604,2.0774901585273264,357.39523935317993,7.349134650081396,0.02056304572881829,45.36543208010325,22.8051836603506,0.5026995801579214,15.283698081970217,0.2897818684577942,52.74207859625365,fourier_concentration_group_k5,0.4126620420530678,1.0,1.0,33.764183793191044,1.0,0.0,True,0.3442347970963298,-0.02074507797776759,-1.5385351547988924,transformer mul p97 f0.5 wd1.0 softmax_ce,-0.9783767847866873,-1.9003943128271805
transformer_mul97_f0.5_wd1.0_softmax_ce_s1,transformer,mul,97,0.5,False,softmax_ce,adamw,0.001,1.0,60000,1,127,False,300.0,2700.0,21192.0,-18492.0,60000.0,-57300.0,33.0,2667.0,False,True,False,0.1202424764633178,0.00939157232642165,0.0781052802857626,4.018070459365845,0.5855099335312843,0.14571918025143166,0.0477842534531311,0.04074296278599015,0.8526441210586797,1.5077514349583816,1.9900959173606754,1.3199098148532737,231.98963499069214,7.776287391781807,0.033519977701132235,49.673233773168946,36.88321724395154,0.7425169340167673,15.303062438964844,0.2264816462993621,67.56866478591976,fourier_concentration_group_k5,0.4697248774961534,1.0,1.0,28.53107771362666,1.0,0.0,True,0.3974023080475005,-0.22998438372623253,-1.3313278433390003,transformer mul p97 f0.5 wd1.0 softmax_ce,-0.997144276186366,-1.93684819693049
transformer_mul97_f0.5_wd1.0_softmax_ce_s2,transformer,mul,97,0.5,False,softmax_ce,adamw,0.001,1.0,60000,2,127,False,300.0,2600.0,8062.0,-5462.0,10077.0,-7477.0,44.0,2556.0,False,True,False,0.11183273792266846,0.00690699368715285,0.06176182230224022,2.725765585899353,0.32453778013587,0.11906298245701503,0.04611350015050905,0.024799193620638253,0.5377859745995553,1.0472803952769674,1.177844915375683,1.1246700699139756,229.02377915382385,8.266705635935068,0.036095403134461135,47.850557365754796,39.986967059622486,0.8356635588165574,15.033525466918944,0.2325646430253982,64.64235178378833,fourier_concentration_group_k5,0.3495876751545864,1.0,1.0,30.33689341022589,1.0,0.0,True,0.4416011662816819,-0.8948959645176341,-1.1791841125661697,transformer mul p97 f0.5 wd1.0 softmax_ce,-1.5222003072970138,-2.9567144805073604
transformer_mul97_f0.5_wd1.0_softmax_ce_s3,transformer,mul,97,0.5,False,softmax_ce,adamw,0.001,1.0,60000,3,127,False,200.0,2100.0,14613.0,-12513.0,28530.0,-26430.0,44.0,2056.0,False,True,False,0.21150922775268555,0.0112887173891067,0.053372221671134,6.125275135040283,0.8279420770704746,0.1351681449106089,0.056505310330275796,0.0518617202242112,0.9178202884132017,1.637972059499314,2.984864765320348,1.822292845601252,325.5970321893692,8.350780375301838,0.025647593650193267,47.443948133350986,37.19220902080896,0.783918929265174,15.013136863708496,0.2034436613321304,73.79505837342808,fourier_concentration_group_k5,0.4671438241402619,1.0,1.0,31.02094186452656,1.0,0.0,True,0.4023366222629311,-0.12371639701753788,-1.3135250311658524,transformer mul p97 f0.5 wd1.0 softmax_ce,-0.8745113556766433,-1.698646608006979
transformer_mul97_f0.5_wd1.0_softmax_ce_s4,transformer,mul,97,0.5,False,softmax_ce,adamw,0.001,1.0,60000,4,127,False,400.0,2800.0,9355.0,-6555.0,13566.0,-10766.0,135.0,2665.0,False,True,False,0.12759673595428464,0.0121384039521217,0.09513099109737923,4.30405467748642,0.9662096574902534,0.224488239553342,0.05483271930336745,0.0484752367029573,0.8840567697320144,1.955932295558187,3.563177254153874,1.8217283196589424,202.24205017089844,7.935887686908245,0.03923955319975379,50.44747742170914,35.85606233623824,0.7107602633230625,15.075989723205566,0.3088574707508087,48.81212582152213,fourier_concentration_group_k5,0.391833384235783,1.0,1.0,35.077087583078104,1.0,0.0,True,0.4252023848974626,-0.17778907959062978,-1.2337784061319543,transformer mul p97 f0.5 wd1.0 softmax_ce,-0.8552783027938748,-1.661288419541084
transformer_sub97_f0.4_wd1.0_softmax_ce_s0,transformer,sub,97,0.4,False,softmax_ce,adamw,0.001,1.0,100000,0,129,False,200.0,25100.0,10478.0,14622.0,4813.0,20287.0,134.0,24966.0,False,True,False,0.0083629041910171,0.0067702457308769,0.8095567731302085,0.2155699282884597,0.6900453567504883,3.2010279088051687,0.0510119958290552,0.0801326977038864,1.5708598811231917,1.3914272760589517,8.120172583685413,5.835858419194436,12.598469972610474,7.852456834167242,0.6232865460042978,45.36183746500284,72.65990267978822,1.6017848204638123,15.283698081970217,0.0851548388600349,179.48126362016055,fourier_concentration_k5,0.316376323898306,1.0,1.0,22.48094515064997,1.0,0.0,True,0.6674252703718089,0.6515544996491954,-0.5833217833298255,transformer sub p97 f0.4 wd1.0 softmax_ce,0.5719865188355413,1.111023834897999
transformer_sub97_f0.4_wd1.0_softmax_ce_s1,transformer,sub,97,0.4,False,softmax_ce,adamw,0.001,1.0,100000,1,129,False,200.0,24500.0,28804.0,-4304.0,28804.0,-4304.0,157.0,24343.0,False,True,False,0.0063697844743728,0.01056385785341255,1.6584325413070935,0.0933391153812408,0.8805453516542912,9.433830051396248,0.0537839195216157,0.11997539607266455,2.2306926891865246,0.8395138072735377,8.595908435580583,10.239150757385683,9.708472535014153,7.7389530800282955,0.7971339520318285,48.70042930330805,40.63482135597371,0.8343832269505996,15.303062438964844,0.0852359309792518,179.53769335481215,fourier_concentration_k5,0.618656898900515,1.0,1.0,34.41382195649186,1.0,0.0,True,0.376457523811898,1.157491774754349,-1.4094410019502168,transformer sub p97 f0.4 wd1.0 softmax_ce,0.3185276832031383,0.6187066241246104
transformer_sub97_f0.5_wd1.0_softmax_ce_s0,transformer,sub,97,0.5,False,softmax_ce,adamw,0.001,1.0,100000,0,129,False,200.0,8100.0,92516.0,-84416.0,92516.0,-84416.0,72.0,8028.0,False,True,False,0.008007563650608,0.00744856148958205,0.9301907314862858,0.1974140182137489,0.8237952440977097,4.172931849276023,0.050253149687520954,0.09076795881002131,1.8062143243642526,1.1575834596200805,10.087019825802841,8.71385967203903,12.40980750694871,7.623854864388704,0.6143411056230991,47.50470031830115,117.65422434841742,2.4766859607593656,15.283698081970217,0.0863072127103805,177.08482990010853,fourier_concentration_k5,0.7082107313426468,1.0,1.0,27.631173582040063,1.0,0.0,True,0.5331242779947761,0.8529690923490572,-0.9074562122835131,transformer sub p97 f0.5 wd1.0 softmax_ce,0.47544602326783963,0.9235040453985188
transformer_sub97_f0.5_wd1.0_softmax_ce_s1,transformer,sub,97,0.5,False,softmax_ce,adamw,0.001,1.0,100000,1,129,False,300.0,8200.0,19523.0,-11323.0,19523.0,-11323.0,399.0,7801.0,False,True,False,0.0098423287272453,0.01152188330888745,1.1706460562522005,0.3139045685529709,0.9774785600602627,3.113935437659343,0.05703659760194495,0.1214435617476293,2.1292217077038282,1.8257638700858903,10.857805386374793,5.946993236241444,13.250857181847095,7.96384659782052,0.6010061453783176,40.9890165692714,48.397794287781366,1.1807503165144042,15.303062438964844,0.0893611162900924,171.24967854347986,fourier_concentration_k5,0.6386077281201988,1.0,1.0,36.52088089357888,1.0,0.0,True,0.3746590382536049,1.0903261799224475,-1.4163498395014653,transformer sub p97 f0.5 wd1.0 softmax_ce,0.2450112563752238,0.47590867387111496
