run,t_g,grokked,model,operation,modulus,train_fraction,label_permutation,loss,optimizer,lr,weight_decay,dominance__baseline,dominance__plateau,share__baseline,share__plateau,n_bars__baseline,n_bars__plateau,dominance__ratio,share__ratio
mlp_add97_f0.3_wd0.0_softmax_ce_s0,500.0,True,mlp,add,97,0.3,False,softmax_ce,orthograd_adamw,0.001,0.0,1.826432611995629,3.3867792957190135,0.025201837414482096,0.026422798154982313,149.5,237.0,1.8543138539442148,1.0484472905851936
mlp_add97_f0.3_wd0.0_softmax_ce_s1,600.0,True,mlp,add,97,0.3,False,softmax_ce,orthograd_adamw,0.001,0.0,1.5487884373661274,4.798207097280455,0.019146502376737214,0.032450399123349655,175.0,195.0,3.0980390746203503,1.6948473661057033
mlp_add97_f0.3_wd0.0_softmax_ce_s2,500.0,True,mlp,add,97,0.3,False,softmax_ce,orthograd_adamw,0.001,0.0,1.6286543691539235,2.652766163941011,0.021001525455567202,0.01917110786514951,163.5,289.0,1.6288085515155115,0.9128435887054827
mlp_add97_f0.3_wd0.0_stablemax_ce_s0,600.0,True,mlp,add,97,0.3,False,stablemax_ce,orthograd_adamw,0.001,0.0,1.5873528498894585,6.843672559575943,0.02122697173954214,0.06217693806637788,148.5,218.0,4.311374474838741,2.9291478233116552
mlp_add97_f0.3_wd0.0_stablemax_ce_s1,700.0,True,mlp,add,97,0.3,False,stablemax_ce,orthograd_adamw,0.001,0.0,1.5121490779725166,2.195472188216767,0.018153381129836568,0.033406900968168715,173.0,108.0,1.4518887193056702,1.840257786097034
mlp_add97_f0.3_wd0.0_stablemax_ce_s2,,False,mlp,add,97,0.3,False,stablemax_ce,orthograd_adamw,0.001,0.0,,,,,0.0,0.0,,
mlp_add97_f0.3_wd1.0_softmax_ce_s0,14300.0,True,mlp,add,97,0.3,False,softmax_ce,adamw,0.001,1.0,1.6695964748160632,1.2070346186474505,0.017808943041587526,0.006972094958824278,187.0,397.0,0.7229499084684086,0.3914940343479683
mlp_add97_f0.3_wd1.0_softmax_ce_s1,13200.0,True,mlp,add,97,0.3,False,softmax_ce,adamw,0.001,1.0,1.6147182337260482,3.20115350413151,0.020464321793099045,0.019327262765048175,170.5,292.0,1.9824842732745256,0.9444370040919554
mlp_add97_f0.3_wd1.0_softmax_ce_s2,12100.0,True,mlp,add,97,0.3,False,softmax_ce,adamw,0.001,1.0,1.6057171716268988,10.935840212022512,0.016677834618494855,0.0867802132121403,200.0,229.5,6.810564404030389,5.203326162972353
mlp_add97_f0.3_wd1.0_softmax_ce_s3,9500.0,True,mlp,add,97,0.3,False,softmax_ce,adamw,0.001,1.0,1.6744325075882398,2.2350460863292207,0.01832324128897869,0.015917470173503524,185.5,248.0,1.3348081073440563,0.8687038457042957
mlp_add97_f0.3_wd1.0_softmax_ce_s4,12100.0,True,mlp,add,97,0.3,False,softmax_ce,adamw,0.001,1.0,1.5353332822281902,3.955125648095665,0.016068432836260773,0.026533602407429524,192.0,285.0,2.5760697653578455,1.651287507488133
mlp_add97_f0.4_wd0.0_softmax_ce_s0,900.0,True,mlp,add,97,0.4,False,softmax_ce,orthograd_adamw,0.01,0.0,1.657422241559538,1.5913361464925118,0.016899232068746585,0.015405808195337859,208.0,208.0,0.9601271821929678,0.9116277078548047
mlp_add97_f0.4_wd0.0_softmax_ce_s1,900.0,True,mlp,add,97,0.4,False,softmax_ce,orthograd_adamw,0.01,0.0,1.790457417533493,1.5190792311623609,0.016008584473105502,0.012355621910623485,230.0,236.0,0.8484308067236926,0.7718122693096937
mlp_add97_f0.4_wd0.0_softmax_ce_s2,1100.0,True,mlp,add,97,0.4,False,softmax_ce,orthograd_adamw,0.01,0.0,1.6985838664175839,1.707234007411336,0.01480260862309043,0.016375489438943208,220.0,198.0,1.0050925604350616,1.1062570021205085
mlp_add97_f0.4_wd0.0_stablemax_ce_s0,,False,mlp,add,97,0.4,False,stablemax_ce,adamw,0.01,0.0,1.5183263673115774,1.5555211694601536,0.015360945048791335,0.015389465316938352,205.0,207.0,1.0244972378464554,1.0018566740559534
mlp_add97_f0.4_wd0.0_stablemax_ce_s1,,False,mlp,add,97,0.4,False,stablemax_ce,adamw,0.01,0.0,1.6904932534487858,1.7405739824897783,0.016916143546237,0.016792296906485052,203.0,211.0,1.0296249209742911,0.9926787899728187
mlp_add97_f0.4_wd0.0_stablemax_ce_s2,,False,mlp,add,97,0.4,False,stablemax_ce,adamw,0.01,0.0,1.4822164105252678,1.5788296125383925,0.014213874709485166,0.01458233812359048,219.0,221.0,1.0651815762712322,1.025922798788949
transformer_add113_f0.3_wd0.1_softmax_ce_s0,13000.0,True,transformer,add,113,0.3,False,softmax_ce,adamw,0.003,0.1,1.9841296576571372,1.6729961379769718,0.13714107297381306,0.01576904819694044,27.0,222.0,0.8431889173777322,0.11498413899642979
transformer_add113_f0.3_wd0.1_softmax_ce_s1,12000.0,True,transformer,add,113,0.3,False,softmax_ce,adamw,0.003,0.1,1.7373610475225194,1.3391333280465056,0.06813732623252303,0.01096933515069569,45.5,220.0,0.7707858593676384,0.1609886351170007
transformer_add113_f0.3_wd0.1_softmax_ce_s2,14000.0,True,transformer,add,113,0.3,False,softmax_ce,adamw,0.003,0.1,1.6612718453374247,1.5800092910966168,0.05727948765404768,0.012440355931024332,73.0,262.5,0.9510841320348131,0.21718692747673746
transformer_add113_f0.3_wd0.1_softmax_ce_s3,11500.0,True,transformer,add,113,0.3,False,softmax_ce,adamw,0.003,0.1,1.5453791797428988,1.7089472438790576,0.07140852389859362,0.020862293968935745,47.0,170.0,1.1058433207074598,0.2921541131218737
transformer_add113_f0.3_wd0.1_softmax_ce_s4,10500.0,True,transformer,add,113,0.3,False,softmax_ce,adamw,0.003,0.1,1.6145046424070562,1.6007478111255526,0.043364760679119166,0.01641705148789771,78.5,201.0,0.9914792246982991,0.37858047019737817
transformer_add113_f0.3_wd1.0_softmax_ce_s0,21500.0,True,transformer,add,113,0.3,False,softmax_ce,adamw,0.001,1.0,1.7173348819061254,1.7632607147753663,0.025406398760946157,0.014226672766569646,135.5,239.5,1.0267425027891277,0.5599641610143661
transformer_add113_f0.3_wd1.0_softmax_ce_s1,27500.0,True,transformer,add,113,0.3,False,softmax_ce,adamw,0.001,1.0,1.6721401448307125,1.782359452728527,0.03194364274430987,0.018870524792659018,109.0,190.0,1.0659151137771248,0.5907442975025267
transformer_add113_f0.3_wd1.0_softmax_ce_s2,21800.0,True,transformer,add,113,0.3,False,softmax_ce,adamw,0.001,1.0,1.6333431649672538,1.6582480757458604,0.03152436165718775,0.012550858207663607,114.0,279.5,1.0152478127761386,0.3981320333825676
transformer_add113_f0.3_wd1.0_softmax_ce_s3,16800.0,True,transformer,add,113,0.3,False,softmax_ce,adamw,0.001,1.0,1.5786689931233644,1.6697500359270196,0.02556562966812682,0.01704813459773048,137.5,230.0,1.0576948322925208,0.6668380485454942
transformer_add113_f0.3_wd1.0_softmax_ce_s4,19100.0,True,transformer,add,113,0.3,False,softmax_ce,adamw,0.001,1.0,1.7542198767192403,1.585554478100895,0.029803599794059183,0.015395972248251464,117.5,240.0,0.9038516203944827,0.5165809618514733
transformer_add149_f0.3_wd1.0_softmax_ce_s0,10500.0,True,transformer,add,149,0.3,False,softmax_ce,adamw,0.001,1.0,1.9132795781338527,1.7535698829502122,0.02505738072803466,0.010915076059404808,163.5,317.0,0.9165256886610289,0.43560323315009614
transformer_add149_f0.3_wd1.0_softmax_ce_s1,9600.0,True,transformer,add,149,0.3,False,softmax_ce,adamw,0.001,1.0,1.748439318423317,1.552820861027015,0.018575116627092794,0.007325512600723129,191.0,425.0,0.888118246178138,0.39437236103478784
transformer_add149_f0.3_wd1.0_softmax_ce_s2,6800.0,True,transformer,add,149,0.3,False,softmax_ce,adamw,0.001,1.0,1.7394441828877962,1.593701615784668,0.016577471345000584,0.009506607647013979,210.5,365.0,0.9162131394977165,0.5734654851254484
transformer_add149_f0.3_wd1.0_softmax_ce_s3,9800.0,True,transformer,add,149,0.3,False,softmax_ce,adamw,0.001,1.0,1.843089120507072,1.6386801302755172,0.024210071660201768,0.012314457864233807,160.5,290.0,0.8890943536277195,0.5086502029846193
transformer_add149_f0.3_wd1.0_softmax_ce_s4,9800.0,True,transformer,add,149,0.3,False,softmax_ce,adamw,0.001,1.0,1.769965155972776,1.683277857540229,0.026323737111981084,0.008331797194278612,142.5,415.0,0.9510231610266341,0.3165127033002638
transformer_add97_f0.2_wd1.0_softmax_ce_s0,,False,transformer,add,97,0.2,False,softmax_ce,adamw,0.001,1.0,1.7259941816156732,1.5271367413185588,0.03868736255331209,0.05397423481753938,92.0,53.0,0.8847867261574617,1.395138651366105
transformer_add97_f0.2_wd1.0_softmax_ce_s1,,False,transformer,add,97,0.2,False,softmax_ce,adamw,0.001,1.0,1.6595311392094998,1.7089068753191703,0.04092821544155968,0.034931604726244084,86.0,100.5,1.0297528229167126,0.8534846767536689
transformer_add97_f0.2_wd1.0_softmax_ce_s2,,False,transformer,add,97,0.2,False,softmax_ce,adamw,0.001,1.0,1.6755302993093273,1.7025965820432205,0.03895886931858668,0.03805609166545298,92.5,86.5,1.0161538605091476,0.9768274164798977
transformer_add97_f0.2_wd1.0_softmax_ce_s3,,False,transformer,add,97,0.2,False,softmax_ce,adamw,0.001,1.0,1.5878954523278135,1.6680659442864116,0.03540157608030608,0.03609898129040463,101.0,96.0,1.0504885204130223,1.0196998350727815
transformer_add97_f0.2_wd1.0_softmax_ce_s4,,False,transformer,add,97,0.2,False,softmax_ce,adamw,0.001,1.0,1.6731636220108503,1.8291746123545398,0.04588970486375607,0.07361631497060664,80.0,48.0,1.0932431163882177,1.6042010988994002
transformer_add97_f0.3_wd0.0_stablemax_ce_s0,,False,transformer,add,97,0.3,False,stablemax_ce,orthograd_adamw,0.001,0.0,1.5361069603137614,1.4322248401401834,0.04080635361232734,0.04008938259188807,85.0,82.0,0.932373120585067,0.9824299169866854
transformer_add97_f0.3_wd0.0_stablemax_ce_s1,,False,transformer,add,97,0.3,False,stablemax_ce,orthograd_adamw,0.001,0.0,1.8730981278369796,2.0664304778277165,0.036456426736323794,0.04173739676986811,107.0,104.5,1.1032152812057923,1.1448570391097206
transformer_add97_f0.3_wd0.0_stablemax_ce_s2,,False,transformer,add,97,0.3,False,stablemax_ce,orthograd_adamw,0.001,0.0,2.2547260327256695,2.244917484044417,0.0450052631922155,0.046879923576252605,101.0,100.5,0.9956497824840408,1.0416542477716555
transformer_add97_f0.3_wd0.0_stablemax_ce_s3,,False,transformer,add,97,0.3,False,stablemax_ce,orthograd_adamw,0.001,0.0,2.0267316919558924,2.3035838331452245,0.03472653426266592,0.03833096172198536,121.0,122.0,1.1366002921295204,1.1037946209102276
transformer_add97_f0.3_wd0.0_stablemax_ce_s4,,False,transformer,add,97,0.3,False,stablemax_ce,orthograd_adamw,0.001,0.0,1.4153754875554994,1.4049526609882232,0.019530108590392743,0.01948031589217298,144.0,147.0,0.992635998956519,0.9974504648558761
transformer_add97_f0.3_wd0.1_softmax_ce_s0,,False,transformer,add,97,0.3,False,softmax_ce,adamw,0.001,0.1,1.665409437600873,1.8102760171934449,0.02697525386410455,0.03553949310011282,140.0,107.0,1.0869855642233308,1.317485028283813
transformer_add97_f0.3_wd0.1_softmax_ce_s1,142200.0,True,transformer,add,97,0.3,False,softmax_ce,adamw,0.001,0.1,1.6709597643925986,1.9438788837936525,0.02185771082379412,0.01926451104868727,153.0,192.0,1.1633307547056713,0.8813599559436063
transformer_add97_f0.3_wd0.1_softmax_ce_s2,137000.0,True,transformer,add,97,0.3,False,softmax_ce,adamw,0.001,0.1,1.6281666158467643,1.5658819579827652,0.022770040642952256,0.018525620390046935,157.0,180.0,0.9617455257602082,0.8135962812073835
transformer_add97_f0.3_wd0.1_softmax_ce_s3,,False,transformer,add,97,0.3,False,softmax_ce,adamw,0.001,0.1,1.5548865101027998,1.7404582868160707,0.025774445534067728,0.023841975432609495,133.5,151.0,1.119347473598573,0.9250237954137961
transformer_add97_f0.3_wd0.1_softmax_ce_s4,140100.0,True,transformer,add,97,0.3,False,softmax_ce,adamw,0.001,0.1,1.6852819557598595,1.640137054718279,0.029632146475976347,0.0149691426591546,139.0,220.0,0.9732122563305879,0.5051656541752898
transformer_add97_f0.3_wd0.3_softmax_ce_s0,55400.0,True,transformer,add,97,0.3,False,softmax_ce,adamw,0.001,0.3,1.5865458293920596,1.6545691615194276,0.030308694055088212,0.028300875215190882,114.0,130.5,1.0428751132600018,0.9337543598464527
transformer_add97_f0.3_wd0.3_softmax_ce_s1,41200.0,True,transformer,add,97,0.3,False,softmax_ce,adamw,0.001,0.3,1.68498953027061,1.573553163387274,0.02311021718033076,0.013787535695116775,149.0,235.0,0.9338652467084236,0.5965991400051155
transformer_add97_f0.3_wd0.3_softmax_ce_s2,43800.0,True,transformer,add,97,0.3,False,softmax_ce,adamw,0.001,0.3,1.6942231736319096,1.7194418945693706,0.033431995863888335,0.016607305439165655,114.0,236.5,1.0148851233591614,0.4967488482224922
transformer_add97_f0.3_wd0.3_softmax_ce_s3,56500.0,True,transformer,add,97,0.3,False,softmax_ce,adamw,0.001,0.3,1.7252379022853037,1.5025732774941454,0.02739320696944254,0.01818275823547725,130.5,165.0,0.8709368577538148,0.6637688772899186
transformer_add97_f0.3_wd0.3_softmax_ce_s4,42600.0,True,transformer,add,97,0.3,False,softmax_ce,adamw,0.001,0.3,1.7429399344498135,1.7557417150016055,0.04321671767972526,0.02475157380094404,85.0,143.0,1.007344935013973,0.5727314597183307
transformer_add97_f0.3_wd1.0_softmax_ce_s0,27600.0,True,transformer,add,97,0.3,False,softmax_ce,adamw,0.001,1.0,1.6092249106987122,1.9373250497539152,0.032653739373419824,0.026697853176002248,98.5,151.0,1.2038870619475712,0.8176047732448777
transformer_add97_f0.3_wd1.0_softmax_ce_s1,28600.0,True,transformer,add,97,0.3,False,softmax_ce,adamw,0.001,1.0,1.9060257822128452,1.7134565230928145,0.04603499264453774,0.04281950754798383,83.0,85.0,0.8989681771793963,0.9301512846676768
transformer_add97_f0.3_wd1.0_softmax_ce_s2,30000.0,True,transformer,add,97,0.3,False,softmax_ce,adamw,0.001,1.0,1.6744356703405239,1.6333796069271225,0.038721589035214304,0.01360108520185203,90.5,261.0,0.97548065647392,0.35125328119883953
transformer_add97_f0.3_wd1.0_softmax_ce_s3,34700.0,True,transformer,add,97,0.3,False,softmax_ce,adamw,0.001,1.0,1.8004457022097733,1.6456563815885272,0.04575798140419889,0.027785820790729318,85.5,128.5,0.9140272209090973,0.6072344089064122
transformer_add97_f0.3_wd1.0_softmax_ce_s4,25700.0,True,transformer,add,97,0.3,False,softmax_ce,adamw,0.001,1.0,1.988426838743154,1.720616490450142,0.06326570747952595,0.018251525646006368,65.0,188.5,0.8653154629202804,0.28849002679552627
transformer_add97_f0.3_wd3.0_softmax_ce_s0,49300.0,True,transformer,add,97,0.3,False,softmax_ce,adamw,0.001,3.0,1.6972246830094737,1.681879947293461,0.033318687429247755,0.10275508694043656,108.0,22.0,0.9909589249616593,3.084007650620602
transformer_add97_f0.3_wd3.0_softmax_ce_s1,63700.0,True,transformer,add,97,0.3,False,softmax_ce,adamw,0.001,3.0,1.670175912554791,1.826664281146559,0.03926875965915797,0.14932284094574502,94.0,25.0,1.0936957403201888,3.802586133145691
transformer_add97_f0.3_wd3.0_softmax_ce_s2,47500.0,True,transformer,add,97,0.3,False,softmax_ce,adamw,0.001,3.0,1.8912407727274732,1.6549798675331484,0.032486956996837735,0.10614639869204952,114.0,32.5,0.875076241692062,3.2673543016781093
transformer_add97_f0.3_wd3.0_softmax_ce_s3,78000.0,True,transformer,add,97,0.3,False,softmax_ce,adamw,0.001,3.0,1.7240832435407636,1.8427275226302395,0.03624055989548417,0.14550057366754332,102.0,20.0,1.0688158646248513,4.014854463815105
transformer_add97_f0.3_wd3.0_softmax_ce_s4,39100.0,True,transformer,add,97,0.3,False,softmax_ce,adamw,0.001,3.0,1.4865307811466328,1.7063264571337664,0.03832367436284084,0.10878741972282549,73.0,29.5,1.1478581397538197,2.838647951468538
transformer_add97_f0.4_wd0.0_softmax_ce_s0,3800.0,True,transformer,add,97,0.4,False,softmax_ce,orthograd_adamw,0.01,0.0,1.4604271252658092,2.3093042288408756,0.03782709771783397,0.059035181470988914,80.0,79.0,1.581252627323369,1.5606584970212023
transformer_add97_f0.4_wd0.0_softmax_ce_s1,8800.0,True,transformer,add,97,0.4,False,softmax_ce,orthograd_adamw,0.01,0.0,2.104168077979752,1.861978509384295,0.08210610970412056,0.056269491999902846,56.0,63.5,0.8849000842043059,0.6853264903510453
transformer_add97_f0.4_wd0.0_softmax_ce_s2,,False,transformer,add,97,0.4,False,softmax_ce,orthograd_adamw,0.01,0.0,1.6231201243939446,1.643298036120151,0.03308961676972738,0.03316014098584728,106.5,108.0,1.0124315578514194,1.0021313095467586
transformer_add97_f0.4_wd0.0_softmax_ce_s3,4900.0,True,transformer,add,97,0.4,False,softmax_ce,orthograd_adamw,0.01,0.0,1.5629297707385634,1.7640085104090921,0.036388289770687456,0.044870732941529025,98.0,77.0,1.128655006408579,1.233109146494557
transformer_add97_f0.4_wd0.0_softmax_ce_s4,,False,transformer,add,97,0.4,False,softmax_ce,orthograd_adamw,0.01,0.0,1.8054148342265255,1.7548756763502422,0.03941213873793302,0.03905382985609914,86.0,86.0,0.9720069000663024,0.9909086668902589
transformer_add97_f0.4_wd0.0_stablemax_ce_s0,,False,transformer,add,97,0.4,False,stablemax_ce,adamw,0.01,0.0,,,,,0.0,0.0,,
transformer_add97_f0.4_wd0.0_stablemax_ce_s1,,False,transformer,add,97,0.4,False,stablemax_ce,adamw,0.01,0.0,,,,,0.0,0.0,,
transformer_add97_f0.4_wd0.0_stablemax_ce_s2,,False,transformer,add,97,0.4,False,stablemax_ce,adamw,0.01,0.0,,,,,0.0,0.0,,
transformer_add97_f0.4_wd0.0_stablemax_ce_s3,38100.0,True,transformer,add,97,0.4,False,stablemax_ce,adamw,0.01,0.0,1.6221724538178826,1.4601049788645848,0.040619373247020404,0.025068703591136703,78.0,116.0,0.900092327069257,0.6171612604331751
transformer_add97_f0.4_wd0.0_stablemax_ce_s4,,False,transformer,add,97,0.4,False,stablemax_ce,adamw,0.01,0.0,,,,,0.0,0.0,,
transformer_add97_f0.4_wd1.0_softmax_ce_s0,11600.0,True,transformer,add,97,0.4,False,softmax_ce,adamw,0.001,1.0,1.697146737021166,1.6243803486454689,0.034116205571993304,0.00983961170247371,98.5,327.5,0.9571242799527065,0.2884145976231087
transformer_add97_f0.4_wd1.0_softmax_ce_s1,9400.0,True,transformer,add,97,0.4,False,softmax_ce,adamw,0.001,1.0,1.8286126101357465,1.5778772062547206,0.04773180102976035,0.0178879482033249,85.5,188.0,0.8628821640563812,0.3747595485067057
transformer_add97_f0.4_wd1.0_softmax_ce_s2,4900.0,True,transformer,add,97,0.4,False,softmax_ce,adamw,0.001,1.0,1.6617188581515416,1.567531176113385,0.02749760183177589,0.01677280083813103,123.5,188.5,0.9433191231018893,0.6099732238739667
transformer_add97_f0.4_wd1.0_softmax_ce_s3,8800.0,True,transformer,add,97,0.4,False,softmax_ce,adamw,0.001,1.0,1.6851656684405563,1.5560920719335045,0.028599524812167376,0.019404017500312867,117.5,169.5,0.9234059897348278,0.6784734231688222
transformer_add97_f0.4_wd1.0_softmax_ce_s4,6100.0,True,transformer,add,97,0.4,False,softmax_ce,adamw,0.001,1.0,1.604809628137437,1.611826008044586,0.027914641713438198,0.016952946574384314,124.0,189.0,1.004372094847968,0.6073137799301616
transformer_add97_f0.5_wd1.0_softmax_ce_s0,2900.0,True,transformer,add,97,0.5,False,softmax_ce,adamw,0.001,1.0,1.9296309790889694,1.6593135836149984,0.041843747851919785,0.023906810931591492,84.0,145.0,0.8599123882217132,0.5713353167167279
transformer_add97_f0.5_wd1.0_softmax_ce_s1,3500.0,True,transformer,add,97,0.5,False,softmax_ce,adamw,0.001,1.0,1.6538714911371235,1.6519702186675849,0.041187979936107504,0.02298028966986381,80.0,153.5,0.9988504110024707,0.5579367986852423
transformer_add97_f0.5_wd1.0_softmax_ce_s2,2400.0,True,transformer,add,97,0.5,False,softmax_ce,adamw,0.001,1.0,1.8694049985208068,1.6169791409887464,0.045651092248859194,0.013578079910726635,84.0,232.0,0.8649699461958239,0.2974316547938882
transformer_add97_f0.5_wd1.0_softmax_ce_s3,3000.0,True,transformer,add,97,0.5,False,softmax_ce,adamw,0.001,1.0,1.640274789063194,1.637828086445464,0.03328643598548583,0.020366329201948224,102.5,162.5,0.9985083580909468,0.611850701313554
transformer_add97_f0.5_wd1.0_softmax_ce_s4,3600.0,True,transformer,add,97,0.5,False,softmax_ce,adamw,0.001,1.0,1.579453458577817,1.59641312275537,0.02650536554499814,0.01813774754462625,117.5,179.5,1.0107376789644842,0.6843047500640506
transformer_add97_permuted_s0,,False,transformer,add,97,0.3,True,softmax_ce,adamw,0.001,1.0,1.752594448884504,1.7718475570867183,0.04851575285108674,0.04715726947325849,74.0,70.5,1.0109854896633208,0.9719991281595083
transformer_add97_permuted_s1,,False,transformer,add,97,0.3,True,softmax_ce,adamw,0.001,1.0,1.6075414499516716,1.8169852944743468,0.060946000654637275,0.07362908620168719,56.0,48.5,1.130288301137723,1.208103655872699
transformer_add97_permuted_s2,,False,transformer,add,97,0.3,True,softmax_ce,adamw,0.001,1.0,1.6579795834100222,1.783478829170036,0.07771695568921544,0.060641096163992825,39.5,55.0,1.0756940839415499,0.7802814151199159
transformer_add97_permuted_s3,,False,transformer,add,97,0.3,True,softmax_ce,adamw,0.001,1.0,1.6732338519727303,1.5173807835439401,0.07117519658135196,0.0532904761042844,49.5,56.5,0.9068551785244838,0.7487225699949328
transformer_add97_permuted_s4,,False,transformer,add,97,0.3,True,softmax_ce,adamw,0.001,1.0,1.4856911540359574,1.625779660810692,0.04667850259918009,0.05129454310991077,69.0,68.5,1.0942918091651666,1.0988900725965396
transformer_compose120_f0.6_wd1.0_softmax_ce_s0,15900.0,True,transformer,compose,120,0.6,False,softmax_ce,adamw,0.001,1.0,1.6825461923548266,1.1949356315717035,0.039963358050794,0.003412380315796679,89.5,481.0,0.7101948445761942,0.08538772721400176
transformer_compose120_f0.6_wd1.0_softmax_ce_s1,36300.0,True,transformer,compose,120,0.6,False,softmax_ce,adamw,0.001,1.0,1.7772236313243632,1.3610025436817161,0.030913500207473157,0.005204194094651903,119.0,457.0,0.7658026371546248,0.16834697008505753
transformer_compose120_f0.6_wd1.0_softmax_ce_s10,35100.0,True,transformer,compose,120,0.6,False,softmax_ce,adamw,0.001,1.0,1.597647719536412,1.7415067600737255,0.038747999778039076,0.015558756060955165,80.0,240.0,1.0900442812130429,0.4015370122349719
transformer_compose120_f0.6_wd1.0_softmax_ce_s11,23400.0,True,transformer,compose,120,0.6,False,softmax_ce,adamw,0.001,1.0,1.7588895660128792,1.624568079480328,0.036625038777194766,0.00917041355802588,103.0,345.0,0.9236327913201303,0.2503864532079622
transformer_compose120_f0.6_wd1.0_softmax_ce_s12,18800.0,True,transformer,compose,120,0.6,False,softmax_ce,adamw,0.001,1.0,1.6934837897855515,1.3039287389027652,0.03376334935420288,0.0044591962870685065,112.0,456.0,0.769968243432601,0.1320720951078695
transformer_compose120_f0.6_wd1.0_softmax_ce_s13,46200.0,True,transformer,compose,120,0.6,False,softmax_ce,adamw,0.001,1.0,1.778449233384163,1.503847557575897,0.035218713406248665,0.0068135959616618166,106.0,418.0,0.8455948752128651,0.19346521501415542
transformer_compose120_f0.6_wd1.0_softmax_ce_s14,47100.0,True,transformer,compose,120,0.6,False,softmax_ce,adamw,0.001,1.0,1.6987423497502676,1.4570593014273852,0.030129105966709327,0.005212517422766812,120.0,431.0,0.857728249161262,0.17300604367505293
transformer_compose120_f0.6_wd1.0_softmax_ce_s2,89700.0,True,transformer,compose,120,0.6,False,softmax_ce,adamw,0.001,1.0,1.705024293614621,1.8324325519149356,0.03262596627794505,0.024399245257975842,107.0,168.5,1.0747251864841243,0.7478474369192731
transformer_compose120_f0.6_wd1.0_softmax_ce_s3,83200.0,True,transformer,compose,120,0.6,False,softmax_ce,adamw,0.001,1.0,1.8069404611883075,1.7015438669366703,0.05004567278594302,0.00971079386328956,79.5,324.0,0.9416712412414935,0.19403863156810547
transformer_compose120_f0.6_wd1.0_softmax_ce_s4,17100.0,True,transformer,compose,120,0.6,False,softmax_ce,adamw,0.001,1.0,1.6743618748131135,1.9144036253490808,0.03530604469654647,0.02021126221373809,100.0,221.0,1.1433631248697418,0.5724589765705218
transformer_compose120_f0.6_wd1.0_softmax_ce_s5,30600.0,True,transformer,compose,120,0.6,False,softmax_ce,adamw,0.001,1.0,1.6308861894791702,1.7107690200956283,0.037539836284232055,0.013437852715938468,97.0,261.0,1.0489812416904265,0.3579624752274906
transformer_compose120_f0.6_wd1.0_softmax_ce_s6,42300.0,True,transformer,compose,120,0.6,False,softmax_ce,adamw,0.001,1.0,1.8081149683985691,1.7072765193350137,0.044565880897054794,0.011013200849719244,85.0,331.0,0.9442300678740206,0.247121803227883
transformer_compose120_f0.6_wd1.0_softmax_ce_s7,38700.0,True,transformer,compose,120,0.6,False,softmax_ce,adamw,0.001,1.0,2.224319098170231,1.2701384416549968,0.04490027103702829,0.004738478677622891,82.0,462.0,0.5710234843102493,0.10553340922408173
transformer_compose120_f0.6_wd1.0_softmax_ce_s8,17300.0,True,transformer,compose,120,0.6,False,softmax_ce,adamw,0.001,1.0,1.6743927962964575,1.1516319440539708,0.042582819251268125,0.00386963644049422,92.0,370.5,0.6877907899515772,0.09087318567755426
transformer_compose120_f0.6_wd1.0_softmax_ce_s9,16800.0,True,transformer,compose,120,0.6,False,softmax_ce,adamw,0.001,1.0,1.4624895514070773,1.7032424711473957,0.03338664924835396,0.018541207775051867,97.0,189.0,1.1646185571094765,0.5553479667015698
transformer_compose97_f0.4_wd1.0_softmax_ce_s0,,False,transformer,compose,120,0.4,False,softmax_ce,adamw,0.001,1.0,1.7640041966857594,1.9197729557385532,0.03252747549047077,0.044561397538902876,113.0,96.0,1.0883040750954305,1.3699617590045547
transformer_compose97_f0.4_wd1.0_softmax_ce_s1,,False,transformer,compose,120,0.4,False,softmax_ce,adamw,0.001,1.0,1.6045978797987779,1.7313614607783356,0.03839269753992726,0.048208804918050095,82.0,74.0,1.0790002171730741,1.2556764178373863
transformer_compose97_f0.5_wd1.0_softmax_ce_s0,100000.0,True,transformer,compose,120,0.5,False,softmax_ce,adamw,0.001,1.0,1.7187176756727907,1.8471739141505445,0.04009948863701929,0.028764056491343223,87.0,132.0,1.0747395807327518,0.7173172892980149
transformer_compose97_f0.5_wd1.0_softmax_ce_s1,86600.0,True,transformer,compose,120,0.5,False,softmax_ce,adamw,0.001,1.0,1.8229778309079365,1.7574130977466687,0.046002984837214086,0.014014519023384332,70.0,264.5,0.964034267422433,0.3046436893818093
transformer_compose97_f0.6_wd1.0_softmax_ce_s0,13900.0,True,transformer,compose,120,0.6,False,softmax_ce,adamw,0.001,1.0,1.7121208327515083,1.164672556644003,0.034629333513485724,0.002852634170647122,108.0,481.0,0.6802513785036338,0.08237623659537711
transformer_compose97_f0.6_wd1.0_softmax_ce_s1,39500.0,True,transformer,compose,120,0.6,False,softmax_ce,adamw,0.001,1.0,1.859264786909984,1.3990341902526775,0.03977176579877033,0.00656323527397747,86.0,419.5,0.7524663512709292,0.16502247617530708
transformer_div97_f0.5_wd1.0_softmax_ce_s0,8100.0,True,transformer,div,97,0.5,False,softmax_ce,adamw,0.001,1.0,1.5697463905924043,1.5264368337040197,0.041675325776601865,0.009917481399536401,76.0,309.0,0.9724098382082981,0.23797009896691576
transformer_div97_f0.5_wd1.0_softmax_ce_s1,9100.0,True,transformer,div,97,0.5,False,softmax_ce,adamw,0.001,1.0,1.7536588736291414,1.386204789282377,0.04184752191834649,0.008625035787964376,95.5,296.0,0.7904643315342568,0.20610624936868843
transformer_div97_f0.5_wd1.0_softmax_ce_s2,8200.0,True,transformer,div,97,0.5,False,softmax_ce,adamw,0.001,1.0,1.60299407304674,1.7430525524478235,0.03165572866132694,0.0210211997241583,97.5,185.0,1.0873730488191267,0.6640567320075436
transformer_div97_f0.5_wd1.0_softmax_ce_s3,6000.0,True,transformer,div,97,0.5,False,softmax_ce,adamw,0.001,1.0,1.702067031280582,1.9295607070772018,0.037337308168651946,0.014523564355074445,95.5,333.0,1.1336572952861093,0.38898263071005995
transformer_div97_f0.5_wd1.0_softmax_ce_s4,8000.0,True,transformer,div,97,0.5,False,softmax_ce,adamw,0.001,1.0,1.545852515585271,1.7442483192927205,0.050439943531190135,0.013697886978966107,72.5,256.0,1.1283407063139756,0.27156824571970145
transformer_mul97_f0.5_wd1.0_softmax_ce_s0,1900.0,True,transformer,mul,97,0.5,False,softmax_ce,adamw,0.001,1.0,1.628079099254498,1.5535459223492512,0.039609787084179934,0.018420169404082122,86.0,173.5,0.9542201745975513,0.4650408588396351
transformer_mul97_f0.5_wd1.0_softmax_ce_s1,2700.0,True,transformer,mul,97,0.5,False,softmax_ce,adamw,0.001,1.0,1.5507674732924999,1.5220484872935796,0.0312596079457015,0.018826170590302095,95.5,170.5,0.9814807916122036,0.6022522938548523
transformer_mul97_f0.5_wd1.0_softmax_ce_s2,2600.0,True,transformer,mul,97,0.5,False,softmax_ce,adamw,0.001,1.0,1.8804021660758723,1.6235213228975458,0.04155749913190118,0.022119704381227637,82.5,155.0,0.8633904768816557,0.5322674569761989
transformer_mul97_f0.5_wd1.0_softmax_ce_s3,2100.0,True,transformer,mul,97,0.5,False,softmax_ce,adamw,0.001,1.0,1.6012620816694363,1.4861454803389456,0.03432793067864158,0.014696642189316527,100.0,216.0,0.9281088319967753,0.4281249087484495
transformer_mul97_f0.5_wd1.0_softmax_ce_s4,2800.0,True,transformer,mul,97,0.5,False,softmax_ce,adamw,0.001,1.0,1.7995566539174317,1.5433767271993295,0.028406909677611482,0.01306971873228039,131.5,229.0,0.8576427554195488,0.46008942474235803
transformer_poly97_f0.5_wd0.3_softmax_ce_s0,,False,transformer,poly,97,0.5,False,softmax_ce,adamw,0.001,0.3,1.6586861183888908,1.7354688202926354,0.054922578962968795,0.10246499151053436,58.0,31.0,1.0462912790144556,1.8656260038266
transformer_poly97_f0.5_wd0.3_softmax_ce_s1,,False,transformer,poly,97,0.5,False,softmax_ce,adamw,0.001,0.3,1.7059728790421764,1.6822190542225728,0.0624407187519974,0.08906714929404302,58.5,35.0,0.986076082972116,1.4264273550053246
transformer_poly97_f0.5_wd1.0_softmax_ce_s0,,False,transformer,poly,97,0.5,False,softmax_ce,adamw,0.001,1.0,1.5588780132797604,1.54933069120662,0.083860212154646,0.08323840554562967,40.0,42.0,0.9938755168834196,0.992585201097874
transformer_poly97_f0.5_wd1.0_softmax_ce_s1,,False,transformer,poly,97,0.5,False,softmax_ce,adamw,0.001,1.0,1.9061090537080168,1.7015970552246058,0.06343364319855731,0.09196169933448473,55.0,39.0,0.8927070840539962,1.4497306901738263
transformer_poly97_f0.5_wd1.0_softmax_ce_s2,,False,transformer,poly,97,0.5,False,softmax_ce,adamw,0.001,1.0,1.7470225256353067,1.641963055738538,0.06709504938819222,0.06708797045284609,46.5,52.5,0.9398637004645584,0.9998944939245045
transformer_poly97_f0.5_wd1.0_softmax_ce_s3,,False,transformer,poly,97,0.5,False,softmax_ce,adamw,0.001,1.0,1.6158595796891362,1.8046879753874379,0.10147616010338859,0.08404456808558483,33.5,38.5,1.116859409116867,0.8282198301547512
transformer_poly97_f0.5_wd1.0_softmax_ce_s4,,False,transformer,poly,97,0.5,False,softmax_ce,adamw,0.001,1.0,1.5876101602794093,1.5553435249096186,0.09942730431286095,0.11106734646605979,35.0,34.5,0.9796759707281592,1.1170708814207808
transformer_poly97_f0.7_wd0.3_softmax_ce_s0,,False,transformer,poly,97,0.7,False,softmax_ce,adamw,0.001,0.3,1.6622778502675803,1.819168558947131,0.09552896466240665,0.10108903097797146,35.5,31.0,1.0943829629049653,1.0582029370381405
transformer_poly97_f0.7_wd0.3_softmax_ce_s1,,False,transformer,poly,97,0.7,False,softmax_ce,adamw,0.001,0.3,1.724830285553773,1.7368518305916825,0.07579331541805667,0.059801610142672025,47.5,61.0,1.0069696973311493,0.7890090282081149
transformer_poly97_f0.7_wd1.0_softmax_ce_s0,,False,transformer,poly,97,0.7,False,softmax_ce,adamw,0.001,1.0,1.722215663794319,1.7451133066327238,0.10403834323277993,0.05077617036029348,34.0,73.0,1.0132954561497587,0.4880524697195981
transformer_poly97_f0.7_wd1.0_softmax_ce_s1,,False,transformer,poly,97,0.7,False,softmax_ce,adamw,0.001,1.0,1.8067919751358925,1.495420424669763,0.0788420597565562,0.08213622395663842,47.5,38.0,0.8276660762550097,1.0417818130355008
transformer_sub97_f0.3_wd1.0_softmax_ce_s0,,False,transformer,sub,97,0.3,False,softmax_ce,adamw,0.001,1.0,1.5848660967323227,1.699683053138608,0.05440529512705895,0.04384683956399998,63.5,86.0,1.0724458404675417,0.8059296335329016
transformer_sub97_f0.3_wd1.0_softmax_ce_s1,,False,transformer,sub,97,0.3,False,softmax_ce,adamw,0.001,1.0,1.6704488662128463,1.632732376176754,0.049271240374066126,0.05111570544365006,65.5,64.0,0.9774213441674506,1.037434922595429
transformer_sub97_f0.3_wd1.0_softmax_ce_s2,,False,transformer,sub,97,0.3,False,softmax_ce,adamw,0.001,1.0,1.7670244328295306,1.7283078915364736,0.06747093691015732,0.06051974789494283,52.0,58.0,0.9780894137207484,0.8969750631376213
transformer_sub97_f0.3_wd1.0_softmax_ce_s3,,False,transformer,sub,97,0.3,False,softmax_ce,adamw,0.001,1.0,1.875643062436834,1.4854712408810178,0.061060281038439024,0.07188675830115121,60.5,48.0,0.7919797058567714,1.1773080155968598
transformer_sub97_f0.3_wd1.0_softmax_ce_s4,,False,transformer,sub,97,0.3,False,softmax_ce,adamw,0.001,1.0,1.837910238662223,1.7024036994120795,0.053532924149846006,0.05288595859536943,65.5,62.5,0.9262714052081369,0.9879146232948973
transformer_sub97_f0.4_wd1.0_softmax_ce_s0,25100.0,True,transformer,sub,97,0.4,False,softmax_ce,adamw,0.001,1.0,1.7317600897068544,1.3870843041221332,0.041983518924522484,0.009835305931528454,82.0,276.0,0.8009679356665007,0.23426587821783734
transformer_sub97_f0.4_wd1.0_softmax_ce_s1,24500.0,True,transformer,sub,97,0.4,False,softmax_ce,adamw,0.001,1.0,1.8673740632419529,1.5567810677977696,0.062364878376482934,0.011905455843472926,60.0,255.0,0.8336739266341946,0.19090000900189896
transformer_sub97_f0.5_wd1.0_softmax_ce_s0,8100.0,True,transformer,sub,97,0.5,False,softmax_ce,adamw,0.001,1.0,1.6165898131740448,1.3096634276965098,0.036470954509433814,0.009211572475679327,84.5,335.5,0.8101396019099554,0.25257283774398065
transformer_sub97_f0.5_wd1.0_softmax_ce_s1,8200.0,True,transformer,sub,97,0.5,False,softmax_ce,adamw,0.001,1.0,1.8335262824031584,1.525301664704983,0.03564883030080319,0.010680602273392466,101.0,290.5,0.8318951734391323,0.29960596696357317
