run,condition,n_draws,step,ph_dim,slope,r2,n_sizes
transformer_add113_f0.3_wd0.1_dense_s0,transformer_add113_f0.3_wd0.1_dense,1,60000,1.2491936772223735,0.19948362032736544,0.7450994043402712,8.0
transformer_add113_f0.3_wd0.1_dense_s0,transformer_add113_f0.3_wd0.1_dense,1,59000,1.2294909439699757,0.1866552536198103,0.8621607047361781,8.0
transformer_add113_f0.3_wd0.1_dense_s0,transformer_add113_f0.3_wd0.1_dense,1,58000,1.1780557759555805,0.151143757018763,0.8953274519831271,8.0
transformer_add113_f0.3_wd0.1_dense_s0,transformer_add113_f0.3_wd0.1_dense,1,57000,1.2720685359615689,0.21387883456759635,0.9260042609262289,8.0
transformer_add113_f0.3_wd0.1_dense_s0,transformer_add113_f0.3_wd0.1_dense,1,56000,1.155564881703451,0.1346223688228812,0.9074436766347848,8.0
transformer_add113_f0.3_wd0.1_dense_s0,transformer_add113_f0.3_wd0.1_dense,4,60000,1.2066066692005373,0.17122951039001705,0.9798821494112501,8.0
transformer_add113_f0.3_wd0.1_dense_s0,transformer_add113_f0.3_wd0.1_dense,4,59000,1.2030168039113154,0.16875641574685898,0.9726615319711576,8.0
transformer_add113_f0.3_wd0.1_dense_s0,transformer_add113_f0.3_wd0.1_dense,4,58000,1.173687325393553,0.14798432396406194,0.9693302614780095,8.0
transformer_add113_f0.3_wd0.1_dense_s0,transformer_add113_f0.3_wd0.1_dense,4,57000,1.2223454448269415,0.1819006613620759,0.9619161588578119,8.0
transformer_add113_f0.3_wd0.1_dense_s0,transformer_add113_f0.3_wd0.1_dense,4,56000,1.1520548116511968,0.1319857441793611,0.9438303439228243,8.0
transformer_add113_f0.3_wd0.1_dense_s0,transformer_add113_f0.3_wd0.1_dense,8,60000,1.2183021558855085,0.1791855615053378,0.9776697699891573,8.0
transformer_add113_f0.3_wd0.1_dense_s0,transformer_add113_f0.3_wd0.1_dense,8,59000,1.1763305861260658,0.14989883643743712,0.9929711451845837,8.0
transformer_add113_f0.3_wd0.1_dense_s0,transformer_add113_f0.3_wd0.1_dense,8,58000,1.179889087213949,0.15246270955748714,0.998159012412716,8.0
transformer_add113_f0.3_wd0.1_dense_s0,transformer_add113_f0.3_wd0.1_dense,8,57000,1.1759390741415081,0.1496158074940678,0.9704127698443908,8.0
transformer_add113_f0.3_wd0.1_dense_s0,transformer_add113_f0.3_wd0.1_dense,8,56000,1.1501039126403843,0.13051334839456277,0.9800434497239302,8.0
transformer_add113_f0.3_wd0.1_dense_s1,transformer_add113_f0.3_wd0.1_dense,1,60000,1.2531591431857834,0.20201675466549424,0.9614182378643884,8.0
transformer_add113_f0.3_wd0.1_dense_s1,transformer_add113_f0.3_wd0.1_dense,1,59000,1.1887157375619748,0.15875598479837227,0.9312302363002676,8.0
transformer_add113_f0.3_wd0.1_dense_s1,transformer_add113_f0.3_wd0.1_dense,1,58000,1.1998054879956896,0.1665315669871377,0.8578908137993145,8.0
transformer_add113_f0.3_wd0.1_dense_s1,transformer_add113_f0.3_wd0.1_dense,1,57000,1.2345810570353621,0.19000863142892288,0.8652937421681473,8.0
transformer_add113_f0.3_wd0.1_dense_s1,transformer_add113_f0.3_wd0.1_dense,1,56000,1.2196314916354656,0.1800802071295738,0.9673687564822738,8.0
transformer_add113_f0.3_wd0.1_dense_s1,transformer_add113_f0.3_wd0.1_dense,4,60000,1.2125788942907927,0.17531139234872206,0.98137938205411,8.0
transformer_add113_f0.3_wd0.1_dense_s1,transformer_add113_f0.3_wd0.1_dense,4,59000,1.216389524250592,0.17789492587410097,0.958374667230985,8.0
transformer_add113_f0.3_wd0.1_dense_s1,transformer_add113_f0.3_wd0.1_dense,4,58000,1.2134146315685144,0.17587939523412957,0.9523968551610131,8.0
transformer_add113_f0.3_wd0.1_dense_s1,transformer_add113_f0.3_wd0.1_dense,4,57000,1.206399009151898,0.17108685234829307,0.9825367233939092,8.0
transformer_add113_f0.3_wd0.1_dense_s1,transformer_add113_f0.3_wd0.1_dense,4,56000,1.179162845576063,0.15194071476067886,0.9551936261931345,8.0
transformer_add113_f0.3_wd0.1_dense_s1,transformer_add113_f0.3_wd0.1_dense,8,60000,1.2112729344787017,0.17442223669401788,0.9835313563164823,8.0
transformer_add113_f0.3_wd0.1_dense_s1,transformer_add113_f0.3_wd0.1_dense,8,59000,1.1974280853699373,0.16487677864090106,0.9949416712753893,8.0
transformer_add113_f0.3_wd0.1_dense_s1,transformer_add113_f0.3_wd0.1_dense,8,58000,1.2055543805760847,0.1705061039866644,0.995477383063596,8.0
transformer_add113_f0.3_wd0.1_dense_s1,transformer_add113_f0.3_wd0.1_dense,8,57000,1.22078814988393,0.18085705525968782,0.9944704966788576,8.0
transformer_add113_f0.3_wd0.1_dense_s1,transformer_add113_f0.3_wd0.1_dense,8,56000,1.1932812681593317,0.16197461010803701,0.980709151985229,8.0
transformer_add113_f0.3_wd0.1_dense_s2,transformer_add113_f0.3_wd0.1_dense,1,60000,1.2075174243899494,0.17185460035476455,0.8464064751180823,8.0
transformer_add113_f0.3_wd0.1_dense_s2,transformer_add113_f0.3_wd0.1_dense,1,59000,1.1432907463177664,0.1253318517439834,0.9035666134633292,8.0
transformer_add113_f0.3_wd0.1_dense_s2,transformer_add113_f0.3_wd0.1_dense,1,58000,1.1977474601163802,0.16509946103093048,0.9310845969148275,8.0
transformer_add113_f0.3_wd0.1_dense_s2,transformer_add113_f0.3_wd0.1_dense,1,57000,1.1991885568445002,0.16610278317584815,0.968590992391693,8.0
transformer_add113_f0.3_wd0.1_dense_s2,transformer_add113_f0.3_wd0.1_dense,1,56000,1.2272150162262507,0.18514686768171118,0.9550864745539436,8.0
transformer_add113_f0.3_wd0.1_dense_s2,transformer_add113_f0.3_wd0.1_dense,4,60000,1.1939564287174833,0.16244849816322554,0.9846446454986703,8.0
transformer_add113_f0.3_wd0.1_dense_s2,transformer_add113_f0.3_wd0.1_dense,4,59000,1.1817285198562526,0.1537819531328214,0.9863917910600055,8.0
transformer_add113_f0.3_wd0.1_dense_s2,transformer_add113_f0.3_wd0.1_dense,4,58000,1.2071325874762073,0.17159058551245515,0.9784961519439311,8.0
transformer_add113_f0.3_wd0.1_dense_s2,transformer_add113_f0.3_wd0.1_dense,4,57000,1.1746820500676864,0.14870581367751473,0.9852026210939749,8.0
transformer_add113_f0.3_wd0.1_dense_s2,transformer_add113_f0.3_wd0.1_dense,4,56000,1.16152913423224,0.13906593426863048,0.9406692561938588,8.0
transformer_add113_f0.3_wd0.1_dense_s2,transformer_add113_f0.3_wd0.1_dense,8,60000,1.1700186357016658,0.14531275871491126,0.9965237527009219,8.0
transformer_add113_f0.3_wd0.1_dense_s2,transformer_add113_f0.3_wd0.1_dense,8,59000,1.1857711401573905,0.1566669434480693,0.9888754321262422,8.0
transformer_add113_f0.3_wd0.1_dense_s2,transformer_add113_f0.3_wd0.1_dense,8,58000,1.1879316513377718,0.158200727395499,0.9832802947291277,8.0
transformer_add113_f0.3_wd0.1_dense_s2,transformer_add113_f0.3_wd0.1_dense,8,57000,1.1594588760127242,0.1375287035285712,0.9868559362390816,8.0
transformer_add113_f0.3_wd0.1_dense_s2,transformer_add113_f0.3_wd0.1_dense,8,56000,1.1513331015874109,0.13144163177342763,0.9899290069323415,8.0
transformer_add113_f0.3_wd0.1_dense_s3,transformer_add113_f0.3_wd0.1_dense,1,60000,1.1697600661175098,0.14512383439533186,0.6092964906070208,8.0
transformer_add113_f0.3_wd0.1_dense_s3,transformer_add113_f0.3_wd0.1_dense,1,59000,1.1056308289258154,0.09553896848954724,0.8776951455194856,8.0
transformer_add113_f0.3_wd0.1_dense_s3,transformer_add113_f0.3_wd0.1_dense,1,58000,1.1114157451846667,0.10024668596552445,0.7654618954222376,8.0
transformer_add113_f0.3_wd0.1_dense_s3,transformer_add113_f0.3_wd0.1_dense,1,57000,1.2495643563922547,0.19972109088706524,0.9107843772203512,8.0
transformer_add113_f0.3_wd0.1_dense_s3,transformer_add113_f0.3_wd0.1_dense,1,56000,1.2011320086936614,0.16745204293773722,0.7852249054886183,8.0
transformer_add113_f0.3_wd0.1_dense_s3,transformer_add113_f0.3_wd0.1_dense,4,60000,1.197310254339275,0.16479459156403786,0.9098982996952626,8.0
transformer_add113_f0.3_wd0.1_dense_s3,transformer_add113_f0.3_wd0.1_dense,4,59000,1.1311802247775227,0.1159675725442627,0.9698315327426845,8.0
transformer_add113_f0.3_wd0.1_dense_s3,transformer_add113_f0.3_wd0.1_dense,4,58000,1.1296738660054688,0.11478876329501725,0.9694331028515548,8.0
transformer_add113_f0.3_wd0.1_dense_s3,transformer_add113_f0.3_wd0.1_dense,4,57000,1.1861310703548,0.15692285195692904,0.9451583452277705,8.0
transformer_add113_f0.3_wd0.1_dense_s3,transformer_add113_f0.3_wd0.1_dense,4,56000,1.1964128827961162,0.16416814430908078,0.8833786641983512,8.0
transformer_add113_f0.3_wd0.1_dense_s3,transformer_add113_f0.3_wd0.1_dense,8,60000,1.2066295995473086,0.17124526004072,0.9951492127834731,8.0
transformer_add113_f0.3_wd0.1_dense_s3,transformer_add113_f0.3_wd0.1_dense,8,59000,1.1310207342482401,0.11584291099254364,0.9725725016976904,8.0
transformer_add113_f0.3_wd0.1_dense_s3,transformer_add113_f0.3_wd0.1_dense,8,58000,1.1416723634448147,0.12409196191571178,0.9705582983040042,8.0
transformer_add113_f0.3_wd0.1_dense_s3,transformer_add113_f0.3_wd0.1_dense,8,57000,1.178419826343633,0.15140599500708407,0.9840374332952049,8.0
transformer_add113_f0.3_wd0.1_dense_s3,transformer_add113_f0.3_wd0.1_dense,8,56000,1.1795245177454283,0.15220075127270427,0.982588654458562,8.0
transformer_add113_f0.3_wd0.1_dense_s4,transformer_add113_f0.3_wd0.1_dense,1,60000,1.1456528605126608,0.12713524797335515,0.8763437673630753,8.0
transformer_add113_f0.3_wd0.1_dense_s4,transformer_add113_f0.3_wd0.1_dense,1,59000,1.1563014883689287,0.13517364626885206,0.9315270238532732,8.0
transformer_add113_f0.3_wd0.1_dense_s4,transformer_add113_f0.3_wd0.1_dense,1,58000,1.1619472525942969,0.1393757352002983,0.9344885408442768,8.0
transformer_add113_f0.3_wd0.1_dense_s4,transformer_add113_f0.3_wd0.1_dense,1,57000,1.141127935597992,0.12367406948462432,0.7992930324574065,8.0
transformer_add113_f0.3_wd0.1_dense_s4,transformer_add113_f0.3_wd0.1_dense,1,56000,1.1590628616676732,0.13723402494219497,0.8719543830025178,8.0
transformer_add113_f0.3_wd0.1_dense_s4,transformer_add113_f0.3_wd0.1_dense,4,60000,1.1675414646217874,0.14349936999972898,0.9794942617455649,8.0
transformer_add113_f0.3_wd0.1_dense_s4,transformer_add113_f0.3_wd0.1_dense,4,59000,1.1620372310230562,0.13944237473389634,0.9932992560640292,8.0
transformer_add113_f0.3_wd0.1_dense_s4,transformer_add113_f0.3_wd0.1_dense,4,58000,1.1788609299912578,0.1517235200869574,0.9797138749030179,8.0
transformer_add113_f0.3_wd0.1_dense_s4,transformer_add113_f0.3_wd0.1_dense,4,57000,1.169250116992621,0.14475099427652163,0.9566431437505984,8.0
transformer_add113_f0.3_wd0.1_dense_s4,transformer_add113_f0.3_wd0.1_dense,4,56000,1.1604889864052919,0.13829427791677656,0.9936435606512583,8.0
transformer_add113_f0.3_wd0.1_dense_s4,transformer_add113_f0.3_wd0.1_dense,8,60000,1.1615812740184532,0.13910457893270617,0.981002783125129,8.0
transformer_add113_f0.3_wd0.1_dense_s4,transformer_add113_f0.3_wd0.1_dense,8,59000,1.1557135964014895,0.13473372372387957,0.9939876270917717,8.0
transformer_add113_f0.3_wd0.1_dense_s4,transformer_add113_f0.3_wd0.1_dense,8,58000,1.155352282995816,0.13446312893673376,0.9844632286085604,8.0
transformer_add113_f0.3_wd0.1_dense_s4,transformer_add113_f0.3_wd0.1_dense,8,57000,1.1686687046980995,0.1443255081787027,0.9866343521206226,8.0
transformer_add113_f0.3_wd0.1_dense_s4,transformer_add113_f0.3_wd0.1_dense,8,56000,1.1594513226539216,0.13752308487513396,0.9850109868141478,8.0
transformer_add113_f0.3_wd1.0_dense_s0,transformer_add113_f0.3_wd1.0_dense,1,50000,1.1541005060586593,0.1335243380014833,0.8971146414092724,8.0
transformer_add113_f0.3_wd1.0_dense_s0,transformer_add113_f0.3_wd1.0_dense,1,49000,1.1503552924914615,0.13070335180170217,0.9300103238873464,8.0
transformer_add113_f0.3_wd1.0_dense_s0,transformer_add113_f0.3_wd1.0_dense,1,48000,1.1521695411378516,0.132072178359769,0.8914859873841072,8.0
transformer_add113_f0.3_wd1.0_dense_s0,transformer_add113_f0.3_wd1.0_dense,1,47000,1.1219684357258617,0.10870932892773731,0.9350206301923151,8.0
transformer_add113_f0.3_wd1.0_dense_s0,transformer_add113_f0.3_wd1.0_dense,1,46000,1.131943495911451,0.11656367688672373,0.9067288614490234,8.0
transformer_add113_f0.3_wd1.0_dense_s0,transformer_add113_f0.3_wd1.0_dense,4,50000,1.1670178572530037,0.14311508278557136,0.9207389144344369,8.0
transformer_add113_f0.3_wd1.0_dense_s0,transformer_add113_f0.3_wd1.0_dense,4,49000,1.1648473146507938,0.1415183883565143,0.9411718665133978,8.0
transformer_add113_f0.3_wd1.0_dense_s0,transformer_add113_f0.3_wd1.0_dense,4,48000,1.153205648705663,0.1328519756017656,0.9336356394443022,8.0
transformer_add113_f0.3_wd1.0_dense_s0,transformer_add113_f0.3_wd1.0_dense,4,47000,1.1403425318115896,0.12307050548104731,0.9375811555940298,8.0
transformer_add113_f0.3_wd1.0_dense_s0,transformer_add113_f0.3_wd1.0_dense,4,46000,1.1454895384929253,0.12701079634855506,0.9532324065516757,8.0
transformer_add113_f0.3_wd1.0_dense_s0,transformer_add113_f0.3_wd1.0_dense,8,50000,1.1473050073861637,0.12839219426206447,0.9523511401918119,8.0
transformer_add113_f0.3_wd1.0_dense_s0,transformer_add113_f0.3_wd1.0_dense,8,49000,1.1382765733324065,0.12147888885000017,0.9351734590977413,8.0
transformer_add113_f0.3_wd1.0_dense_s0,transformer_add113_f0.3_wd1.0_dense,8,48000,1.1321167942252433,0.11669890853942912,0.9323999665879414,8.0
transformer_add113_f0.3_wd1.0_dense_s0,transformer_add113_f0.3_wd1.0_dense,8,47000,1.1277556968885967,0.11328313148057356,0.9678372104888595,8.0
transformer_add113_f0.3_wd1.0_dense_s0,transformer_add113_f0.3_wd1.0_dense,8,46000,1.13080519891809,0.11567438763390847,0.9551687925093086,8.0
transformer_add113_f0.3_wd1.0_dense_s1,transformer_add113_f0.3_wd1.0_dense,1,50000,1.11850618700984,0.10595040813019432,0.9442294383052261,8.0
transformer_add113_f0.3_wd1.0_dense_s1,transformer_add113_f0.3_wd1.0_dense,1,49000,1.0827708575755204,0.07644355866841142,0.907914347082394,8.0
transformer_add113_f0.3_wd1.0_dense_s1,transformer_add113_f0.3_wd1.0_dense,1,48000,1.0915186020131915,0.08384520597669608,0.8617155770330878,8.0
transformer_add113_f0.3_wd1.0_dense_s1,transformer_add113_f0.3_wd1.0_dense,1,47000,1.099952589671711,0.09086990713076337,0.8931623985493323,8.0
transformer_add113_f0.3_wd1.0_dense_s1,transformer_add113_f0.3_wd1.0_dense,1,46000,1.1031166457001942,0.09347755389434964,0.9683539873392925,8.0
transformer_add113_f0.3_wd1.0_dense_s1,transformer_add113_f0.3_wd1.0_dense,4,50000,1.1238455231064755,0.11019799479571547,0.9419721765634431,8.0
transformer_add113_f0.3_wd1.0_dense_s1,transformer_add113_f0.3_wd1.0_dense,4,49000,1.1148948407396968,0.10305441961097223,0.9250837664001897,8.0
transformer_add113_f0.3_wd1.0_dense_s1,transformer_add113_f0.3_wd1.0_dense,4,48000,1.1058910618999624,0.09575180191621918,0.9149620098347016,8.0
transformer_add113_f0.3_wd1.0_dense_s1,transformer_add113_f0.3_wd1.0_dense,4,47000,1.1109386427226184,0.09986027891759801,0.9100255062980593,8.0
transformer_add113_f0.3_wd1.0_dense_s1,transformer_add113_f0.3_wd1.0_dense,4,46000,1.1118948375591613,0.1006343709669464,0.9455637377310058,8.0
transformer_add113_f0.3_wd1.0_dense_s1,transformer_add113_f0.3_wd1.0_dense,8,50000,1.1063237957190124,0.0961054947298783,0.9660540224016282,8.0
transformer_add113_f0.3_wd1.0_dense_s1,transformer_add113_f0.3_wd1.0_dense,8,49000,1.106465612085535,0.09622134743515608,0.9647336356965022,8.0
transformer_add113_f0.3_wd1.0_dense_s1,transformer_add113_f0.3_wd1.0_dense,8,48000,1.111877915471233,0.10062068318338474,0.9532572620491442,8.0
transformer_add113_f0.3_wd1.0_dense_s1,transformer_add113_f0.3_wd1.0_dense,8,47000,1.111861760539046,0.10060761554099469,0.9449468202622654,8.0
transformer_add113_f0.3_wd1.0_dense_s1,transformer_add113_f0.3_wd1.0_dense,8,46000,1.1082063702507479,0.09764099282903824,0.9582819544914778,8.0
transformer_add113_f0.3_wd1.0_dense_s2,transformer_add113_f0.3_wd1.0_dense,1,50000,1.156988834685284,0.13568742409514,0.9573859562530697,8.0
transformer_add113_f0.3_wd1.0_dense_s2,transformer_add113_f0.3_wd1.0_dense,1,49000,1.078955082923278,0.07317735851372069,0.8816756782971116,8.0
transformer_add113_f0.3_wd1.0_dense_s2,transformer_add113_f0.3_wd1.0_dense,1,48000,1.1088784672685272,0.09818791732580463,0.943471854910397,8.0
transformer_add113_f0.3_wd1.0_dense_s2,transformer_add113_f0.3_wd1.0_dense,1,47000,1.1263188098172556,0.11215191357565174,0.8805964443222691,8.0
transformer_add113_f0.3_wd1.0_dense_s2,transformer_add113_f0.3_wd1.0_dense,1,46000,1.1389836975663072,0.12202430804170154,0.9297629777531187,8.0
transformer_add113_f0.3_wd1.0_dense_s2,transformer_add113_f0.3_wd1.0_dense,4,50000,1.1419821509311527,0.1243295710142079,0.8723599591592421,8.0
transformer_add113_f0.3_wd1.0_dense_s2,transformer_add113_f0.3_wd1.0_dense,4,49000,1.118541185241021,0.10597838220456593,0.9636292468548499,8.0
transformer_add113_f0.3_wd1.0_dense_s2,transformer_add113_f0.3_wd1.0_dense,4,48000,1.1080670058606201,0.09752750085423402,0.955587022654543,8.0
transformer_add113_f0.3_wd1.0_dense_s2,transformer_add113_f0.3_wd1.0_dense,4,47000,1.1326904056930478,0.11714622550533559,0.9325000340500915,8.0
transformer_add113_f0.3_wd1.0_dense_s2,transformer_add113_f0.3_wd1.0_dense,4,46000,1.128586940426087,0.11393622929708937,0.9506161397204989,8.0
transformer_add113_f0.3_wd1.0_dense_s2,transformer_add113_f0.3_wd1.0_dense,8,50000,1.1339535475097862,0.11812966042917222,0.9553609265207145,8.0
transformer_add113_f0.3_wd1.0_dense_s2,transformer_add113_f0.3_wd1.0_dense,8,49000,1.1190095650577434,0.10635258962384485,0.9591571981068353,8.0
transformer_add113_f0.3_wd1.0_dense_s2,transformer_add113_f0.3_wd1.0_dense,8,48000,1.1188524301661655,0.10622708318067842,0.9725628997254826,8.0
transformer_add113_f0.3_wd1.0_dense_s2,transformer_add113_f0.3_wd1.0_dense,8,47000,1.1298449217441804,0.1149227820962672,0.9782511420464529,8.0
transformer_add113_f0.3_wd1.0_dense_s2,transformer_add113_f0.3_wd1.0_dense,8,46000,1.1373861239723673,0.12079110257872744,0.9717774902590184,8.0
transformer_add113_f0.3_wd1.0_dense_s3,transformer_add113_f0.3_wd1.0_dense,1,50000,1.0897304985689131,0.08234191727840204,0.9505973771887046,8.0
transformer_add113_f0.3_wd1.0_dense_s3,transformer_add113_f0.3_wd1.0_dense,1,49000,1.1295419161880886,0.11468535548044026,0.8982142789509494,8.0
transformer_add113_f0.3_wd1.0_dense_s3,transformer_add113_f0.3_wd1.0_dense,1,48000,1.105607700957061,0.09552004826453582,0.905177706452689,8.0
transformer_add113_f0.3_wd1.0_dense_s3,transformer_add113_f0.3_wd1.0_dense,1,47000,1.09026259153087,0.08278977214482748,0.8955881379692991,8.0
transformer_add113_f0.3_wd1.0_dense_s3,transformer_add113_f0.3_wd1.0_dense,1,46000,1.1441782720550415,0.12601032162242082,0.9157571693012472,8.0
transformer_add113_f0.3_wd1.0_dense_s3,transformer_add113_f0.3_wd1.0_dense,4,50000,1.110448516330682,0.09946297798266536,0.9747837038599921,8.0
transformer_add113_f0.3_wd1.0_dense_s3,transformer_add113_f0.3_wd1.0_dense,4,49000,1.1336057849216796,0.11785912413186078,0.9598091486012942,8.0
transformer_add113_f0.3_wd1.0_dense_s3,transformer_add113_f0.3_wd1.0_dense,4,48000,1.1215179869744618,0.10835134914089325,0.9300341226197582,8.0
transformer_add113_f0.3_wd1.0_dense_s3,transformer_add113_f0.3_wd1.0_dense,4,47000,1.100097442606312,0.09098961485553916,0.9386657076791278,8.0
transformer_add113_f0.3_wd1.0_dense_s3,transformer_add113_f0.3_wd1.0_dense,4,46000,1.120981604104689,0.10792470069240355,0.9338278826392518,8.0
transformer_add113_f0.3_wd1.0_dense_s3,transformer_add113_f0.3_wd1.0_dense,8,50000,1.1099378092605723,0.09904862087166091,0.9653294019835752,8.0
transformer_add113_f0.3_wd1.0_dense_s3,transformer_add113_f0.3_wd1.0_dense,8,49000,1.1292052508499908,0.11442140456992533,0.9748429818204212,8.0
transformer_add113_f0.3_wd1.0_dense_s3,transformer_add113_f0.3_wd1.0_dense,8,48000,1.114309239493619,0.10258304915928446,0.9723389141925143,8.0
transformer_add113_f0.3_wd1.0_dense_s3,transformer_add113_f0.3_wd1.0_dense,8,47000,1.0979870269914787,0.08924242689821799,0.9789900317335649,8.0
transformer_add113_f0.3_wd1.0_dense_s3,transformer_add113_f0.3_wd1.0_dense,8,46000,1.1153727191733225,0.10343871352603377,0.9439466772545168,8.0
transformer_add113_f0.3_wd1.0_dense_s4,transformer_add113_f0.3_wd1.0_dense,1,50000,1.1204651064257953,0.1075134832266847,0.9009956671711905,8.0
transformer_add113_f0.3_wd1.0_dense_s4,transformer_add113_f0.3_wd1.0_dense,1,49000,1.1311019339480124,0.11590638298213538,0.9301837486980388,8.0
transformer_add113_f0.3_wd1.0_dense_s4,transformer_add113_f0.3_wd1.0_dense,1,48000,1.1015165469497863,0.09216070991479526,0.9279816773276657,8.0
transformer_add113_f0.3_wd1.0_dense_s4,transformer_add113_f0.3_wd1.0_dense,1,47000,1.091976679208158,0.08422952702145105,0.9180119070839328,8.0
transformer_add113_f0.3_wd1.0_dense_s4,transformer_add113_f0.3_wd1.0_dense,1,46000,1.0932353334795453,0.08528386398086515,0.8844016362286288,8.0
transformer_add113_f0.3_wd1.0_dense_s4,transformer_add113_f0.3_wd1.0_dense,4,50000,1.1265060186818245,0.11229946097390146,0.9399537834029132,8.0
transformer_add113_f0.3_wd1.0_dense_s4,transformer_add113_f0.3_wd1.0_dense,4,49000,1.1570670536329624,0.1357458525327488,0.9068615325122142,8.0
transformer_add113_f0.3_wd1.0_dense_s4,transformer_add113_f0.3_wd1.0_dense,4,48000,1.1292228876324462,0.1144352359908128,0.9296763791404175,8.0
transformer_add113_f0.3_wd1.0_dense_s4,transformer_add113_f0.3_wd1.0_dense,4,47000,1.0979684189996246,0.08922699169151435,0.9369220644955334,8.0
transformer_add113_f0.3_wd1.0_dense_s4,transformer_add113_f0.3_wd1.0_dense,4,46000,1.1050649165776603,0.09507578695289866,0.9346407262944757,8.0
transformer_add113_f0.3_wd1.0_dense_s4,transformer_add113_f0.3_wd1.0_dense,8,50000,1.1150257422296135,0.10315971898514842,0.9588210030255275,8.0
transformer_add113_f0.3_wd1.0_dense_s4,transformer_add113_f0.3_wd1.0_dense,8,49000,1.1376735063527845,0.12101319542383097,0.9223118109065112,8.0
transformer_add113_f0.3_wd1.0_dense_s4,transformer_add113_f0.3_wd1.0_dense,8,48000,1.1135569328497328,0.10197676427654793,0.9330404591820014,8.0
transformer_add113_f0.3_wd1.0_dense_s4,transformer_add113_f0.3_wd1.0_dense,8,47000,1.0942809750060738,0.08615792210547242,0.9743018409976312,8.0
transformer_add113_f0.3_wd1.0_dense_s4,transformer_add113_f0.3_wd1.0_dense,8,46000,1.0983774175736019,0.0895661327332503,0.9301529712977297,8.0
transformer_add97_f0.3_wd1.0_dense_s0,transformer_add97_f0.3_wd1.0_dense,1,50000,1.1320629178893247,0.11665687110001759,0.9605562666940157,8.0
transformer_add97_f0.3_wd1.0_dense_s0,transformer_add97_f0.3_wd1.0_dense,1,49000,1.1046131857743235,0.09470571881775137,0.9013016685321675,8.0
transformer_add97_f0.3_wd1.0_dense_s0,transformer_add97_f0.3_wd1.0_dense,1,48000,1.0919867252849407,0.08423795194116285,0.9269484740034619,8.0
transformer_add97_f0.3_wd1.0_dense_s0,transformer_add97_f0.3_wd1.0_dense,1,47000,1.0975758392319233,0.08890122736320996,0.9755137767948389,8.0
transformer_add97_f0.3_wd1.0_dense_s0,transformer_add97_f0.3_wd1.0_dense,1,46000,1.1055133396504089,0.09544284620190556,0.8906270356125476,8.0
transformer_add97_f0.3_wd1.0_dense_s0,transformer_add97_f0.3_wd1.0_dense,4,50000,1.139522499339736,0.12243944232832454,0.9568367353075342,8.0
transformer_add97_f0.3_wd1.0_dense_s0,transformer_add97_f0.3_wd1.0_dense,4,49000,1.1302372926441757,0.11523004371894967,0.8942521967508021,8.0
transformer_add97_f0.3_wd1.0_dense_s0,transformer_add97_f0.3_wd1.0_dense,4,48000,1.0939985869844706,0.08592203692289123,0.9310203375507625,8.0
transformer_add97_f0.3_wd1.0_dense_s0,transformer_add97_f0.3_wd1.0_dense,4,47000,1.1125497379647902,0.10116378092963253,0.9563282788105403,8.0
transformer_add97_f0.3_wd1.0_dense_s0,transformer_add97_f0.3_wd1.0_dense,4,46000,1.1126771065648584,0.10126667107650286,0.9273731298618593,8.0
transformer_add97_f0.3_wd1.0_dense_s0,transformer_add97_f0.3_wd1.0_dense,8,50000,1.1286211481264703,0.11396308525671657,0.9417208500550623,8.0
transformer_add97_f0.3_wd1.0_dense_s0,transformer_add97_f0.3_wd1.0_dense,8,49000,1.1196935215922144,0.10689846755745186,0.9392185850030645,8.0
transformer_add97_f0.3_wd1.0_dense_s0,transformer_add97_f0.3_wd1.0_dense,8,48000,1.091223475693748,0.08359742777321795,0.9763248199836446,8.0
transformer_add97_f0.3_wd1.0_dense_s0,transformer_add97_f0.3_wd1.0_dense,8,47000,1.10852979003495,0.09790426113088792,0.9803104209162278,8.0
transformer_add97_f0.3_wd1.0_dense_s0,transformer_add97_f0.3_wd1.0_dense,8,46000,1.1054447868884687,0.09538675123274819,0.9623085414464738,8.0
transformer_add97_f0.3_wd1.0_dense_s1,transformer_add97_f0.3_wd1.0_dense,1,50000,1.1286709867000035,0.11400220987004422,0.8925330410807643,8.0
transformer_add97_f0.3_wd1.0_dense_s1,transformer_add97_f0.3_wd1.0_dense,1,49000,1.1254656084840744,0.1114788470996177,0.9130224012716482,8.0
transformer_add97_f0.3_wd1.0_dense_s1,transformer_add97_f0.3_wd1.0_dense,1,48000,1.0998413880089983,0.09077798771488078,0.9007783927509543,8.0
transformer_add97_f0.3_wd1.0_dense_s1,transformer_add97_f0.3_wd1.0_dense,1,47000,1.0709441226978664,0.066244467096143,0.9531530275738579,8.0
transformer_add97_f0.3_wd1.0_dense_s1,transformer_add97_f0.3_wd1.0_dense,1,46000,1.1119275684623966,0.10066084485806313,0.9060599841160515,8.0
transformer_add97_f0.3_wd1.0_dense_s1,transformer_add97_f0.3_wd1.0_dense,4,50000,1.1361005239836568,0.11979619858498956,0.9443038417591345,8.0
transformer_add97_f0.3_wd1.0_dense_s1,transformer_add97_f0.3_wd1.0_dense,4,49000,1.1537233270309621,0.1332410669259501,0.9732171279246149,8.0
transformer_add97_f0.3_wd1.0_dense_s1,transformer_add97_f0.3_wd1.0_dense,4,48000,1.101493824798086,0.09214198256326214,0.8952228074007174,8.0
transformer_add97_f0.3_wd1.0_dense_s1,transformer_add97_f0.3_wd1.0_dense,4,47000,1.0978355425103075,0.08911675630996324,0.9500049329514578,8.0
transformer_add97_f0.3_wd1.0_dense_s1,transformer_add97_f0.3_wd1.0_dense,4,46000,1.1110451095862752,0.09994653558902354,0.9102942241228166,8.0
transformer_add97_f0.3_wd1.0_dense_s1,transformer_add97_f0.3_wd1.0_dense,8,50000,1.121219731081215,0.10811416149831786,0.9699266999686004,8.0
transformer_add97_f0.3_wd1.0_dense_s1,transformer_add97_f0.3_wd1.0_dense,8,49000,1.1454481890125747,0.12697928235231423,0.9598608627069891,8.0
transformer_add97_f0.3_wd1.0_dense_s1,transformer_add97_f0.3_wd1.0_dense,8,48000,1.0902709808032764,0.08279682977232664,0.9533977946231869,8.0
transformer_add97_f0.3_wd1.0_dense_s1,transformer_add97_f0.3_wd1.0_dense,8,47000,1.0969526429642165,0.08838361763934344,0.9545987596934725,8.0
transformer_add97_f0.3_wd1.0_dense_s1,transformer_add97_f0.3_wd1.0_dense,8,46000,1.116746837085205,0.10454190082142811,0.9496915132323698,8.0
transformer_add97_f0.3_wd1.0_dense_s2,transformer_add97_f0.3_wd1.0_dense,1,50000,1.1135878968714201,0.10200173438535093,0.9499289136084592,8.0
transformer_add97_f0.3_wd1.0_dense_s2,transformer_add97_f0.3_wd1.0_dense,1,49000,1.079990306248929,0.07406576317037054,0.9683820918081836,8.0
transformer_add97_f0.3_wd1.0_dense_s2,transformer_add97_f0.3_wd1.0_dense,1,48000,1.0925596174851837,0.08471813894992225,0.865329036842253,8.0
transformer_add97_f0.3_wd1.0_dense_s2,transformer_add97_f0.3_wd1.0_dense,1,47000,1.0972213570839957,0.08860687632108594,0.9002700757222799,8.0
transformer_add97_f0.3_wd1.0_dense_s2,transformer_add97_f0.3_wd1.0_dense,1,46000,1.0704466703651099,0.06581053714808771,0.8849979185235199,8.0
transformer_add97_f0.3_wd1.0_dense_s2,transformer_add97_f0.3_wd1.0_dense,4,50000,1.1325559532301717,0.11704141667535971,0.918992024030863,8.0
transformer_add97_f0.3_wd1.0_dense_s2,transformer_add97_f0.3_wd1.0_dense,4,49000,1.0865632393144347,0.07966700527164114,0.951902656658381,8.0
transformer_add97_f0.3_wd1.0_dense_s2,transformer_add97_f0.3_wd1.0_dense,4,48000,1.1107584423360843,0.09971424759387237,0.9575315484344757,8.0
transformer_add97_f0.3_wd1.0_dense_s2,transformer_add97_f0.3_wd1.0_dense,4,47000,1.092033186813903,0.08427691385681926,0.947860886818909,8.0
transformer_add97_f0.3_wd1.0_dense_s2,transformer_add97_f0.3_wd1.0_dense,4,46000,1.0977285788756659,0.08902799904851082,0.9640495192998061,8.0
transformer_add97_f0.3_wd1.0_dense_s2,transformer_add97_f0.3_wd1.0_dense,8,50000,1.126706892464715,0.11245772375416879,0.94676079106129,8.0
transformer_add97_f0.3_wd1.0_dense_s2,transformer_add97_f0.3_wd1.0_dense,8,49000,1.0858880224002008,0.07909473226379049,0.9333538532977523,8.0
transformer_add97_f0.3_wd1.0_dense_s2,transformer_add97_f0.3_wd1.0_dense,8,48000,1.1139413007769725,0.10228662919446346,0.965782471116994,8.0
transformer_add97_f0.3_wd1.0_dense_s2,transformer_add97_f0.3_wd1.0_dense,8,47000,1.0958548575498412,0.08747039527128411,0.9767315619664381,8.0
transformer_add97_f0.3_wd1.0_dense_s2,transformer_add97_f0.3_wd1.0_dense,8,46000,1.0863017711058678,0.07944548504050722,0.9669416857481824,8.0
transformer_add97_f0.3_wd1.0_dense_s3,transformer_add97_f0.3_wd1.0_dense,1,50000,1.0986812871386533,0.08981793746178537,0.8799320951460579,8.0
transformer_add97_f0.3_wd1.0_dense_s3,transformer_add97_f0.3_wd1.0_dense,1,49000,1.087083100766392,0.08010712401379298,0.8923392651619753,8.0
transformer_add97_f0.3_wd1.0_dense_s3,transformer_add97_f0.3_wd1.0_dense,1,48000,1.1029174923784932,0.09331386353891882,0.7845861972834174,8.0
transformer_add97_f0.3_wd1.0_dense_s3,transformer_add97_f0.3_wd1.0_dense,1,47000,1.0771768815351044,0.07164736159684217,0.8045680986470913,8.0
transformer_add97_f0.3_wd1.0_dense_s3,transformer_add97_f0.3_wd1.0_dense,1,46000,1.1104690371056023,0.09947961934493542,0.8515196436390629,8.0
transformer_add97_f0.3_wd1.0_dense_s3,transformer_add97_f0.3_wd1.0_dense,4,50000,1.0983424445751901,0.08953714304760972,0.9323627187104159,8.0
transformer_add97_f0.3_wd1.0_dense_s3,transformer_add97_f0.3_wd1.0_dense,4,49000,1.0946032058837236,0.08642694026037151,0.9307757165453929,8.0
transformer_add97_f0.3_wd1.0_dense_s3,transformer_add97_f0.3_wd1.0_dense,4,48000,1.1146090055619446,0.10282440298799043,0.9546791228553595,8.0
transformer_add97_f0.3_wd1.0_dense_s3,transformer_add97_f0.3_wd1.0_dense,4,47000,1.0875102794094205,0.08046846183094786,0.9861867077578923,8.0
transformer_add97_f0.3_wd1.0_dense_s3,transformer_add97_f0.3_wd1.0_dense,4,46000,1.1221769047906327,0.10887490579163851,0.9459146956236233,8.0
transformer_add97_f0.3_wd1.0_dense_s3,transformer_add97_f0.3_wd1.0_dense,8,50000,1.098175673714736,0.08939887858073078,0.9614329626464908,8.0
transformer_add97_f0.3_wd1.0_dense_s3,transformer_add97_f0.3_wd1.0_dense,8,49000,1.0972237036613255,0.08860882547187036,0.9455492466348552,8.0
transformer_add97_f0.3_wd1.0_dense_s3,transformer_add97_f0.3_wd1.0_dense,8,48000,1.1131077217962666,0.10161435374263698,0.9652776724331698,8.0
transformer_add97_f0.3_wd1.0_dense_s3,transformer_add97_f0.3_wd1.0_dense,8,47000,1.0940763848172443,0.08598703538689295,0.9872740920655803,8.0
transformer_add97_f0.3_wd1.0_dense_s3,transformer_add97_f0.3_wd1.0_dense,8,46000,1.1188491079303995,0.10622442927111199,0.972400990659992,8.0
transformer_add97_f0.3_wd1.0_dense_s4,transformer_add97_f0.3_wd1.0_dense,1,50000,1.1004961703104614,0.09131896413788551,0.8330401982838311,8.0
transformer_add97_f0.3_wd1.0_dense_s4,transformer_add97_f0.3_wd1.0_dense,1,49000,1.1196516144228899,0.10686503987632143,0.849295976380527,8.0
transformer_add97_f0.3_wd1.0_dense_s4,transformer_add97_f0.3_wd1.0_dense,1,48000,1.1134255186337276,0.10187077333462843,0.916503619797871,8.0
transformer_add97_f0.3_wd1.0_dense_s4,transformer_add97_f0.3_wd1.0_dense,1,47000,1.0929147538311257,0.08501555451184137,0.9117080797111909,8.0
transformer_add97_f0.3_wd1.0_dense_s4,transformer_add97_f0.3_wd1.0_dense,1,46000,1.0820392268347765,0.07581908751567241,0.8693638862055985,8.0
transformer_add97_f0.3_wd1.0_dense_s4,transformer_add97_f0.3_wd1.0_dense,4,50000,1.1006119048544514,0.09141451624381315,0.946667522820534,8.0
transformer_add97_f0.3_wd1.0_dense_s4,transformer_add97_f0.3_wd1.0_dense,4,49000,1.1303302112932838,0.11530277611899331,0.9038061402928018,8.0
transformer_add97_f0.3_wd1.0_dense_s4,transformer_add97_f0.3_wd1.0_dense,4,48000,1.132467981344556,0.11697282707037722,0.9245019804893952,8.0
transformer_add97_f0.3_wd1.0_dense_s4,transformer_add97_f0.3_wd1.0_dense,4,47000,1.0941669864780543,0.08606271953165265,0.9320578750753263,8.0
transformer_add97_f0.3_wd1.0_dense_s4,transformer_add97_f0.3_wd1.0_dense,4,46000,1.0989067211702441,0.09000465577725897,0.9526671398698794,8.0
transformer_add97_f0.3_wd1.0_dense_s4,transformer_add97_f0.3_wd1.0_dense,8,50000,1.1005860805100394,0.09139319703500638,0.9604110527883429,8.0
transformer_add97_f0.3_wd1.0_dense_s4,transformer_add97_f0.3_wd1.0_dense,8,49000,1.1189611224552025,0.10631390141078396,0.9681356691126615,8.0
transformer_add97_f0.3_wd1.0_dense_s4,transformer_add97_f0.3_wd1.0_dense,8,48000,1.1180124999793304,0.10555561765321247,0.9416188547121235,8.0
transformer_add97_f0.3_wd1.0_dense_s4,transformer_add97_f0.3_wd1.0_dense,8,47000,1.0911347149534434,0.08352288100129962,0.9916045012914027,8.0
transformer_add97_f0.3_wd1.0_dense_s4,transformer_add97_f0.3_wd1.0_dense,8,46000,1.099432541499183,0.09043987488636379,0.9709363287453503,8.0
transformer_add97_permuted_dense_s0,transformer_add97_permuted_dense,1,40000,1.0931026767818406,0.08517285590768146,0.8842171176299434,8.0
transformer_add97_permuted_dense_s0,transformer_add97_permuted_dense,1,39000,1.136697621839276,0.1202585623589916,0.9054419300376553,8.0
transformer_add97_permuted_dense_s0,transformer_add97_permuted_dense,1,38000,1.1625033220126106,0.13978740441900253,0.8109492377984682,8.0
transformer_add97_permuted_dense_s0,transformer_add97_permuted_dense,1,37000,1.143462903508037,0.12546353980343938,0.9077520837915677,8.0
transformer_add97_permuted_dense_s0,transformer_add97_permuted_dense,1,36000,1.1555577286545515,0.13461701202558848,0.9760788937472641,8.0
transformer_add97_permuted_dense_s0,transformer_add97_permuted_dense,4,40000,1.116568907016026,0.10439920571274963,0.9367025802429774,8.0
transformer_add97_permuted_dense_s0,transformer_add97_permuted_dense,4,39000,1.1341333015310575,0.11826943212934504,0.9485135332295719,8.0
transformer_add97_permuted_dense_s0,transformer_add97_permuted_dense,4,38000,1.1652344047064693,0.14180357534850946,0.9194732961551654,8.0
transformer_add97_permuted_dense_s0,transformer_add97_permuted_dense,4,37000,1.1679286450763717,0.14378330883852145,0.9671244269139854,8.0
transformer_add97_permuted_dense_s0,transformer_add97_permuted_dense,4,36000,1.1830913250417339,0.1547567133376414,0.9125636737061013,8.0
transformer_add97_permuted_dense_s0,transformer_add97_permuted_dense,8,40000,1.1244788268457802,0.11069912912006498,0.9470728312363367,8.0
transformer_add97_permuted_dense_s0,transformer_add97_permuted_dense,8,39000,1.145117705429309,0.1267273265807236,0.9756320207110115,8.0
transformer_add97_permuted_dense_s0,transformer_add97_permuted_dense,8,38000,1.149361928848173,0.12995204130160742,0.9720944972499299,8.0
transformer_add97_permuted_dense_s0,transformer_add97_permuted_dense,8,37000,1.1487271976794229,0.129471294820799,0.9619225484802161,8.0
transformer_add97_permuted_dense_s0,transformer_add97_permuted_dense,8,36000,1.1602976465388821,0.1381521776046371,0.9402653921992686,8.0
transformer_add97_permuted_dense_s1,transformer_add97_permuted_dense,1,40000,1.1119547971698476,0.10068286719459776,0.8873241900814981,8.0
transformer_add97_permuted_dense_s1,transformer_add97_permuted_dense,1,39000,1.1226397011901237,0.10924226273141051,0.9161759830714151,8.0
transformer_add97_permuted_dense_s1,transformer_add97_permuted_dense,1,38000,1.1446829270663161,0.1263956364205771,0.9820819495736931,8.0
transformer_add97_permuted_dense_s1,transformer_add97_permuted_dense,1,37000,1.1629813729615939,0.14014100032105675,0.8906428473935298,8.0
transformer_add97_permuted_dense_s1,transformer_add97_permuted_dense,1,36000,1.1461793823337767,0.12753621691932354,0.8754793515268576,8.0
transformer_add97_permuted_dense_s1,transformer_add97_permuted_dense,4,40000,1.1191420855679315,0.10645840872606498,0.9262238456230137,8.0
transformer_add97_permuted_dense_s1,transformer_add97_permuted_dense,4,39000,1.121508859982204,0.10834409278240766,0.9420606851640755,8.0
transformer_add97_permuted_dense_s1,transformer_add97_permuted_dense,4,38000,1.1369319468485097,0.1204398796498549,0.9208127150668312,8.0
transformer_add97_permuted_dense_s1,transformer_add97_permuted_dense,4,37000,1.1616216868095104,0.1391345294640784,0.928632196604042,8.0
transformer_add97_permuted_dense_s1,transformer_add97_permuted_dense,4,36000,1.1470960357330144,0.12823340954100448,0.9685257467969564,8.0
transformer_add97_permuted_dense_s1,transformer_add97_permuted_dense,8,40000,1.136529021003495,0.12012805522814293,0.9575793191301304,8.0
transformer_add97_permuted_dense_s1,transformer_add97_permuted_dense,8,39000,1.1241502433638844,0.11043919093268142,0.9548006326606961,8.0
transformer_add97_permuted_dense_s1,transformer_add97_permuted_dense,8,38000,1.1355975472598938,0.11940634037743375,0.9925182004107459,8.0
transformer_add97_permuted_dense_s1,transformer_add97_permuted_dense,8,37000,1.1552745915464515,0.1344049221567323,0.9714219006869027,8.0
transformer_add97_permuted_dense_s1,transformer_add97_permuted_dense,8,36000,1.1434715708481644,0.12547016865644073,0.9492481287547403,8.0
transformer_add97_permuted_dense_s2,transformer_add97_permuted_dense,1,40000,1.1294192773321465,0.11458922291272884,0.8827440170080745,8.0
transformer_add97_permuted_dense_s2,transformer_add97_permuted_dense,1,39000,1.153970640194856,0.13342682632623726,0.8847785760850537,8.0
transformer_add97_permuted_dense_s2,transformer_add97_permuted_dense,1,38000,1.1216309194721505,0.10844112565066508,0.8585483595353112,8.0
transformer_add97_permuted_dense_s2,transformer_add97_permuted_dense,1,37000,1.136187080730947,0.11986325407197335,0.9455506926361578,8.0
transformer_add97_permuted_dense_s2,transformer_add97_permuted_dense,1,36000,1.1032216498292013,0.0935638362836534,0.9084258981371248,8.0
transformer_add97_permuted_dense_s2,transformer_add97_permuted_dense,4,40000,1.1244395971442598,0.11066810299130259,0.9535477285963371,8.0
transformer_add97_permuted_dense_s2,transformer_add97_permuted_dense,4,39000,1.1477947185489341,0.12876406918458314,0.9209113782004353,8.0
transformer_add97_permuted_dense_s2,transformer_add97_permuted_dense,4,38000,1.1274864941254124,0.11307141574614016,0.962545919248452,8.0
transformer_add97_permuted_dense_s2,transformer_add97_permuted_dense,4,37000,1.1605304286814544,0.1383250492310161,0.9144271525111046,8.0
transformer_add97_permuted_dense_s2,transformer_add97_permuted_dense,4,36000,1.154603642176616,0.13390191796482023,0.9452360576341081,8.0
transformer_add97_permuted_dense_s2,transformer_add97_permuted_dense,8,40000,1.1387349211583075,0.12183249901319262,0.9861080383761883,8.0
transformer_add97_permuted_dense_s2,transformer_add97_permuted_dense,8,39000,1.1327886653527384,0.1172228054660039,0.9755758167015445,8.0
transformer_add97_permuted_dense_s2,transformer_add97_permuted_dense,8,38000,1.131173292013422,0.11596215446347863,0.9591762697381477,8.0
transformer_add97_permuted_dense_s2,transformer_add97_permuted_dense,8,37000,1.139847283353423,0.12268949129921446,0.9220810890467567,8.0
transformer_add97_permuted_dense_s2,transformer_add97_permuted_dense,8,36000,1.1346617941302455,0.11868011668928011,0.9345531432053852,8.0
transformer_add97_permuted_dense_s3,transformer_add97_permuted_dense,1,40000,1.142389180168028,0.12464156930047654,0.8669954428819424,8.0
transformer_add97_permuted_dense_s3,transformer_add97_permuted_dense,1,39000,1.175985623263196,0.14964946831140719,0.90034369343916,8.0
transformer_add97_permuted_dense_s3,transformer_add97_permuted_dense,1,38000,1.1168393866314672,0.10461610508192228,0.89186982526175,8.0
transformer_add97_permuted_dense_s3,transformer_add97_permuted_dense,1,37000,1.1122224169080968,0.10089925827971309,0.876856658218885,8.0
transformer_add97_permuted_dense_s3,transformer_add97_permuted_dense,1,36000,1.1280044666550084,0.1134786877525349,0.8419478712261506,8.0
transformer_add97_permuted_dense_s3,transformer_add97_permuted_dense,4,40000,1.1521304565724544,0.13204273500853095,0.9672021660043524,8.0
transformer_add97_permuted_dense_s3,transformer_add97_permuted_dense,4,39000,1.2127859373069207,0.17545218060445797,0.9541755585370235,8.0
transformer_add97_permuted_dense_s3,transformer_add97_permuted_dense,4,38000,1.1620595307499098,0.13945888868991768,0.9465087625776737,8.0
transformer_add97_permuted_dense_s3,transformer_add97_permuted_dense,4,37000,1.1260083253366595,0.1119070991761849,0.9753797347688338,8.0
transformer_add97_permuted_dense_s3,transformer_add97_permuted_dense,4,36000,1.1320631259184288,0.11665703342407487,0.9664694135566955,8.0
transformer_add97_permuted_dense_s3,transformer_add97_permuted_dense,8,40000,1.158228938567584,0.13661283473306265,0.9580769130110107,8.0
transformer_add97_permuted_dense_s3,transformer_add97_permuted_dense,8,39000,1.1744583146627503,0.14854364134060094,0.9418234941140824,8.0
transformer_add97_permuted_dense_s3,transformer_add97_permuted_dense,8,38000,1.1353963554611726,0.11925029951868885,0.9468614981235572,8.0
transformer_add97_permuted_dense_s3,transformer_add97_permuted_dense,8,37000,1.120393197229216,0.1074562015611608,0.9845234233474692,8.0
transformer_add97_permuted_dense_s3,transformer_add97_permuted_dense,8,36000,1.1495998354197003,0.13013209536958917,0.9850063781415659,8.0
transformer_add97_permuted_dense_s4,transformer_add97_permuted_dense,1,40000,1.1168120604288907,0.10459419679263779,0.8153673751637527,8.0
transformer_add97_permuted_dense_s4,transformer_add97_permuted_dense,1,39000,1.1760053496882894,0.1496637321717467,0.9127426482802612,8.0
transformer_add97_permuted_dense_s4,transformer_add97_permuted_dense,1,38000,1.153055602958365,0.13273913466590342,0.9469584021853549,8.0
transformer_add97_permuted_dense_s4,transformer_add97_permuted_dense,1,37000,1.1219946962225715,0.10873018975338472,0.9243788018868713,8.0
transformer_add97_permuted_dense_s4,transformer_add97_permuted_dense,1,36000,1.1252183927066557,0.11128363481994744,0.9254982926587676,8.0
transformer_add97_permuted_dense_s4,transformer_add97_permuted_dense,4,40000,1.1144188680022356,0.10267133058088702,0.9614556337127166,8.0
transformer_add97_permuted_dense_s4,transformer_add97_permuted_dense,4,39000,1.163899730107189,0.1408194588137714,0.8847115961011692,8.0
transformer_add97_permuted_dense_s4,transformer_add97_permuted_dense,4,38000,1.1817444339456393,0.1537933488197836,0.9556124579459988,8.0
transformer_add97_permuted_dense_s4,transformer_add97_permuted_dense,4,37000,1.1448186984332407,0.12649924274597757,0.9542659276877151,8.0
transformer_add97_permuted_dense_s4,transformer_add97_permuted_dense,4,36000,1.1478569579274585,0.12881130955064762,0.9015698248409412,8.0
transformer_add97_permuted_dense_s4,transformer_add97_permuted_dense,8,40000,1.1323094843274388,0.1168492237844559,0.9717948523979592,8.0
transformer_add97_permuted_dense_s4,transformer_add97_permuted_dense,8,39000,1.1545635074433367,0.13387181081584842,0.951061561582125,8.0
transformer_add97_permuted_dense_s4,transformer_add97_permuted_dense,8,38000,1.1701238621819596,0.14538961872354714,0.9565481198038372,8.0
transformer_add97_permuted_dense_s4,transformer_add97_permuted_dense,8,37000,1.1378406806673294,0.12114233829861618,0.9451973550246031,8.0
transformer_add97_permuted_dense_s4,transformer_add97_permuted_dense,8,36000,1.1489833299396548,0.1296653537588569,0.9410842978356371,8.0
transformer_compose120_f0.6_wd1.0_softmax_ce_s0,transformer_compose120_f0.6_wd1.0_softmax_ce,1,100000,1.1740287268828287,0.14823208572152524,0.8731916726624782,8.0
transformer_compose120_f0.6_wd1.0_softmax_ce_s0,transformer_compose120_f0.6_wd1.0_softmax_ce,1,99000,1.1404141779215546,0.1231255982606815,0.9366439222130453,8.0
transformer_compose120_f0.6_wd1.0_softmax_ce_s0,transformer_compose120_f0.6_wd1.0_softmax_ce,1,98000,1.163113251047071,0.14023849431706778,0.9142061361581504,8.0
transformer_compose120_f0.6_wd1.0_softmax_ce_s0,transformer_compose120_f0.6_wd1.0_softmax_ce,1,97000,1.1549801153466246,0.1341842281848402,0.9538662898448965,8.0
transformer_compose120_f0.6_wd1.0_softmax_ce_s0,transformer_compose120_f0.6_wd1.0_softmax_ce,1,96000,1.1786965334825954,0.1516052083012545,0.9585374440597731,8.0
transformer_compose120_f0.6_wd1.0_softmax_ce_s0,transformer_compose120_f0.6_wd1.0_softmax_ce,4,100000,1.195017920469877,0.1631924652587608,0.9169749056785589,8.0
transformer_compose120_f0.6_wd1.0_softmax_ce_s0,transformer_compose120_f0.6_wd1.0_softmax_ce,4,99000,1.1703289321853316,0.14553936718225013,0.9471295953965699,8.0
transformer_compose120_f0.6_wd1.0_softmax_ce_s0,transformer_compose120_f0.6_wd1.0_softmax_ce,4,98000,1.1845515920474492,0.15579869487023298,0.9563589880473253,8.0
transformer_compose120_f0.6_wd1.0_softmax_ce_s0,transformer_compose120_f0.6_wd1.0_softmax_ce,4,97000,1.1798289377359912,0.1524195008143048,0.9526756024168601,8.0
transformer_compose120_f0.6_wd1.0_softmax_ce_s0,transformer_compose120_f0.6_wd1.0_softmax_ce,4,96000,1.1811915482804876,0.1533972610490281,0.939880073947158,8.0
transformer_compose120_f0.6_wd1.0_softmax_ce_s0,transformer_compose120_f0.6_wd1.0_softmax_ce,8,100000,1.1861679113819605,0.1569490369749281,0.9479804971491445,8.0
transformer_compose120_f0.6_wd1.0_softmax_ce_s0,transformer_compose120_f0.6_wd1.0_softmax_ce,8,99000,1.1718424333377047,0.14664295168784236,0.958501714462773,8.0
transformer_compose120_f0.6_wd1.0_softmax_ce_s0,transformer_compose120_f0.6_wd1.0_softmax_ce,8,98000,1.1701565224916994,0.14541347180578265,0.9507891827879719,8.0
transformer_compose120_f0.6_wd1.0_softmax_ce_s0,transformer_compose120_f0.6_wd1.0_softmax_ce,8,97000,1.167096623115668,0.1431729128558258,0.9640453600559193,8.0
transformer_compose120_f0.6_wd1.0_softmax_ce_s0,transformer_compose120_f0.6_wd1.0_softmax_ce,8,96000,1.1582700159865258,0.13664345429137575,0.9749390257114386,8.0
transformer_compose120_f0.6_wd1.0_softmax_ce_s1,transformer_compose120_f0.6_wd1.0_softmax_ce,1,100000,1.1293964564686985,0.11457133208411537,0.9491046303778765,8.0
transformer_compose120_f0.6_wd1.0_softmax_ce_s1,transformer_compose120_f0.6_wd1.0_softmax_ce,1,99000,1.133460243785363,0.11774585347577089,0.834639978691054,8.0
transformer_compose120_f0.6_wd1.0_softmax_ce_s1,transformer_compose120_f0.6_wd1.0_softmax_ce,1,98000,1.1670541511927262,0.1431417308459915,0.9680424248419484,8.0
transformer_compose120_f0.6_wd1.0_softmax_ce_s1,transformer_compose120_f0.6_wd1.0_softmax_ce,1,97000,1.1305406975580246,0.11546749076790715,0.9484853436448182,8.0
transformer_compose120_f0.6_wd1.0_softmax_ce_s1,transformer_compose120_f0.6_wd1.0_softmax_ce,1,96000,1.1331795433767085,0.11752730990876617,0.9786239183590794,8.0
transformer_compose120_f0.6_wd1.0_softmax_ce_s1,transformer_compose120_f0.6_wd1.0_softmax_ce,4,100000,1.1203610023556607,0.10743055327933652,0.9110995125516941,8.0
transformer_compose120_f0.6_wd1.0_softmax_ce_s1,transformer_compose120_f0.6_wd1.0_softmax_ce,4,99000,1.14209906630566,0.12441921239398873,0.9607016632006407,8.0
transformer_compose120_f0.6_wd1.0_softmax_ce_s1,transformer_compose120_f0.6_wd1.0_softmax_ce,4,98000,1.1793094773422974,0.15204615988195985,0.9434156124792199,8.0
transformer_compose120_f0.6_wd1.0_softmax_ce_s1,transformer_compose120_f0.6_wd1.0_softmax_ce,4,97000,1.1817895550917656,0.15382565729111544,0.9433322832461547,8.0
transformer_compose120_f0.6_wd1.0_softmax_ce_s1,transformer_compose120_f0.6_wd1.0_softmax_ce,4,96000,1.1427556512084542,0.12492228855529301,0.92464738476381,8.0
transformer_compose120_f0.6_wd1.0_softmax_ce_s1,transformer_compose120_f0.6_wd1.0_softmax_ce,8,100000,1.1173674402121498,0.10503925207438089,0.962546687012815,8.0
transformer_compose120_f0.6_wd1.0_softmax_ce_s1,transformer_compose120_f0.6_wd1.0_softmax_ce,8,99000,1.1502646229383857,0.13063482953559868,0.9559300377054912,8.0
transformer_compose120_f0.6_wd1.0_softmax_ce_s1,transformer_compose120_f0.6_wd1.0_softmax_ce,8,98000,1.166214506733217,0.14252481492346947,0.9635838591892908,8.0
transformer_compose120_f0.6_wd1.0_softmax_ce_s1,transformer_compose120_f0.6_wd1.0_softmax_ce,8,97000,1.1636797725725867,0.1406570574056935,0.9436418534717175,8.0
transformer_compose120_f0.6_wd1.0_softmax_ce_s1,transformer_compose120_f0.6_wd1.0_softmax_ce,8,96000,1.1392081884813159,0.12219732081358628,0.9587260623313987,8.0
transformer_compose120_f0.6_wd1.0_softmax_ce_s2,transformer_compose120_f0.6_wd1.0_softmax_ce,1,100000,1.071521366518405,0.0667474945000794,0.9382335907968339,8.0
transformer_compose120_f0.6_wd1.0_softmax_ce_s2,transformer_compose120_f0.6_wd1.0_softmax_ce,1,99000,1.112575928912703,0.1011849402698486,0.8667907268391983,8.0
transformer_compose120_f0.6_wd1.0_softmax_ce_s2,transformer_compose120_f0.6_wd1.0_softmax_ce,1,98000,1.1312052242517885,0.11598710953494,0.770520800374253,8.0
transformer_compose120_f0.6_wd1.0_softmax_ce_s2,transformer_compose120_f0.6_wd1.0_softmax_ce,1,97000,1.0746056575537506,0.06942607925923638,0.955720324279157,8.0
transformer_compose120_f0.6_wd1.0_softmax_ce_s2,transformer_compose120_f0.6_wd1.0_softmax_ce,1,96000,1.0970257547453282,0.0884443727283799,0.9089724677524195,8.0
transformer_compose120_f0.6_wd1.0_softmax_ce_s2,transformer_compose120_f0.6_wd1.0_softmax_ce,4,100000,1.0797676524322204,0.07387483061984734,0.9849934416594998,8.0
transformer_compose120_f0.6_wd1.0_softmax_ce_s2,transformer_compose120_f0.6_wd1.0_softmax_ce,4,99000,1.1264210276308602,0.11223248193151607,0.9536465255297775,8.0
transformer_compose120_f0.6_wd1.0_softmax_ce_s2,transformer_compose120_f0.6_wd1.0_softmax_ce,4,98000,1.1181044240149975,0.10562915366249669,0.9623314435754726,8.0
transformer_compose120_f0.6_wd1.0_softmax_ce_s2,transformer_compose120_f0.6_wd1.0_softmax_ce,4,97000,1.0949059749764236,0.08667956623258659,0.9473094974286672,8.0
transformer_compose120_f0.6_wd1.0_softmax_ce_s2,transformer_compose120_f0.6_wd1.0_softmax_ce,4,96000,1.0908133345562614,0.0832528643346699,0.973783425177163,8.0
transformer_compose120_f0.6_wd1.0_softmax_ce_s2,transformer_compose120_f0.6_wd1.0_softmax_ce,8,100000,1.0814851707475357,0.07534562003398723,0.9682042023878541,8.0
transformer_compose120_f0.6_wd1.0_softmax_ce_s2,transformer_compose120_f0.6_wd1.0_softmax_ce,8,99000,1.1171298620479262,0.10484892224902424,0.9704291114755765,8.0
transformer_compose120_f0.6_wd1.0_softmax_ce_s2,transformer_compose120_f0.6_wd1.0_softmax_ce,8,98000,1.1022534478634785,0.09276763711801364,0.9757137850735159,8.0
transformer_compose120_f0.6_wd1.0_softmax_ce_s2,transformer_compose120_f0.6_wd1.0_softmax_ce,8,97000,1.089565828377436,0.0822032281526451,0.9881337910922835,8.0
transformer_compose120_f0.6_wd1.0_softmax_ce_s2,transformer_compose120_f0.6_wd1.0_softmax_ce,8,96000,1.0933315143887385,0.08536433200767875,0.9755118402127984,8.0
transformer_compose120_f0.6_wd1.0_softmax_ce_s3,transformer_compose120_f0.6_wd1.0_softmax_ce,1,100000,1.4304421688812394,0.3009154639351074,0.800445409361713,8.0
transformer_compose120_f0.6_wd1.0_softmax_ce_s3,transformer_compose120_f0.6_wd1.0_softmax_ce,1,99000,1.0909583345773692,0.08337470982574774,0.7250206076928389,8.0
transformer_compose120_f0.6_wd1.0_softmax_ce_s3,transformer_compose120_f0.6_wd1.0_softmax_ce,1,98000,1.0646663923360407,0.06073864339246459,0.48348562969705366,8.0
transformer_compose120_f0.6_wd1.0_softmax_ce_s3,transformer_compose120_f0.6_wd1.0_softmax_ce,1,97000,1.0712075622321562,0.06647410337897129,0.3875880829690507,8.0
transformer_compose120_f0.6_wd1.0_softmax_ce_s3,transformer_compose120_f0.6_wd1.0_softmax_ce,1,96000,1.101064707415694,0.09178816352483284,0.7914119349901867,8.0
transformer_compose120_f0.6_wd1.0_softmax_ce_s3,transformer_compose120_f0.6_wd1.0_softmax_ce,4,100000,1.2118442970891905,0.17481148163838658,0.9487430448038563,8.0
transformer_compose120_f0.6_wd1.0_softmax_ce_s3,transformer_compose120_f0.6_wd1.0_softmax_ce,4,99000,1.1069669695391529,0.09663067867660481,0.9868845328537234,8.0
transformer_compose120_f0.6_wd1.0_softmax_ce_s3,transformer_compose120_f0.6_wd1.0_softmax_ce,4,98000,1.0846068679394578,0.0780069446731371,0.9597116433198825,8.0
transformer_compose120_f0.6_wd1.0_softmax_ce_s3,transformer_compose120_f0.6_wd1.0_softmax_ce,4,97000,1.129471751487039,0.11463035823302274,0.951907459178586,8.0
transformer_compose120_f0.6_wd1.0_softmax_ce_s3,transformer_compose120_f0.6_wd1.0_softmax_ce,4,96000,1.1359774185365503,0.119700811228912,0.9747131220090977,8.0
transformer_compose120_f0.6_wd1.0_softmax_ce_s3,transformer_compose120_f0.6_wd1.0_softmax_ce,8,100000,1.2083804525575497,0.17244606375128826,0.9872054891376614,8.0
transformer_compose120_f0.6_wd1.0_softmax_ce_s3,transformer_compose120_f0.6_wd1.0_softmax_ce,8,99000,1.1021942202019774,0.09271888595392043,0.9685232785756923,8.0
transformer_compose120_f0.6_wd1.0_softmax_ce_s3,transformer_compose120_f0.6_wd1.0_softmax_ce,8,98000,1.081398380948817,0.07527141003983957,0.9374898125185712,8.0
transformer_compose120_f0.6_wd1.0_softmax_ce_s3,transformer_compose120_f0.6_wd1.0_softmax_ce,8,97000,1.1199808001313794,0.10712755086275143,0.9335011397026459,8.0
transformer_compose120_f0.6_wd1.0_softmax_ce_s3,transformer_compose120_f0.6_wd1.0_softmax_ce,8,96000,1.113535021640469,0.10195909372765687,0.9546489259159187,8.0
transformer_compose120_f0.6_wd1.0_softmax_ce_s4,transformer_compose120_f0.6_wd1.0_softmax_ce,1,100000,1.0696191678394529,0.06508780875727777,0.866636321392145,8.0
transformer_compose120_f0.6_wd1.0_softmax_ce_s4,transformer_compose120_f0.6_wd1.0_softmax_ce,1,99000,1.137872258447006,0.12116672800792005,0.9288177370440549,8.0
transformer_compose120_f0.6_wd1.0_softmax_ce_s4,transformer_compose120_f0.6_wd1.0_softmax_ce,1,98000,1.132540133970212,0.11702908355713766,0.9397334993104792,8.0
transformer_compose120_f0.6_wd1.0_softmax_ce_s4,transformer_compose120_f0.6_wd1.0_softmax_ce,1,97000,1.108407705668886,0.09780490077292063,0.9369949923883922,8.0
transformer_compose120_f0.6_wd1.0_softmax_ce_s4,transformer_compose120_f0.6_wd1.0_softmax_ce,1,96000,1.0767992855706727,0.07132182069564735,0.9040714854862274,8.0
transformer_compose120_f0.6_wd1.0_softmax_ce_s4,transformer_compose120_f0.6_wd1.0_softmax_ce,4,100000,1.0824583065080424,0.07617688922730775,0.9525257040642285,8.0
transformer_compose120_f0.6_wd1.0_softmax_ce_s4,transformer_compose120_f0.6_wd1.0_softmax_ce,4,99000,1.1261888275372098,0.11204944006873523,0.9508186690652903,8.0
transformer_compose120_f0.6_wd1.0_softmax_ce_s4,transformer_compose120_f0.6_wd1.0_softmax_ce,4,98000,1.1362972230682387,0.11994856653808232,0.9383622126561739,8.0
transformer_compose120_f0.6_wd1.0_softmax_ce_s4,transformer_compose120_f0.6_wd1.0_softmax_ce,4,97000,1.0969604290775785,0.08839008819954548,0.9460888705298076,8.0
transformer_compose120_f0.6_wd1.0_softmax_ce_s4,transformer_compose120_f0.6_wd1.0_softmax_ce,4,96000,1.1124359164185467,0.10107181434821935,0.9400112789423235,8.0
transformer_compose120_f0.6_wd1.0_softmax_ce_s4,transformer_compose120_f0.6_wd1.0_softmax_ce,8,100000,1.085633389705146,0.07887873615272993,0.968738109484255,8.0
transformer_compose120_f0.6_wd1.0_softmax_ce_s4,transformer_compose120_f0.6_wd1.0_softmax_ce,8,99000,1.1171861852485394,0.1048940514982014,0.958447594832746,8.0
transformer_compose120_f0.6_wd1.0_softmax_ce_s4,transformer_compose120_f0.6_wd1.0_softmax_ce,8,98000,1.1270405854003998,0.11272050629416022,0.9549455559220649,8.0
transformer_compose120_f0.6_wd1.0_softmax_ce_s4,transformer_compose120_f0.6_wd1.0_softmax_ce,8,97000,1.0907048597864848,0.08316169032586976,0.9600963837436847,8.0
transformer_compose120_f0.6_wd1.0_softmax_ce_s4,transformer_compose120_f0.6_wd1.0_softmax_ce,8,96000,1.108503408628506,0.09788279204549458,0.9652285655188003,8.0
