window,stride,alpha,repeat,ph_dim,slope,r2,n_sizes
200,20,1.0,0,1.3188499917393846,0.24176365298290256,0.9821013558091519,8.0
200,20,1.0,1,1.4444655152741837,0.30770240658172904,0.9949383989945277,8.0
200,20,1.0,2,1.4976832274726186,0.33230206384328187,0.9961260895804668,8.0
200,20,1.0,3,1.2384438021504378,0.1925350199471331,0.9090611139834553,8.0
200,20,1.0,4,1.193001214425993,0.16177788596707723,0.9920767433271842,8.0
200,20,1.0,5,1.3559998713561046,0.26253680319311323,0.9722461481440413,8.0
200,20,1.0,6,1.2024231634909346,0.16834602795179832,0.984313160962944,8.0
200,20,1.0,7,1.1194087323411053,0.10667125321720207,0.7561952896895412,8.0
200,20,1.0,8,1.2874527058369531,0.2232724390835659,0.9840926878985526,8.0
200,20,1.0,9,1.2080379135486292,0.17221141092957493,0.9855029385670067,8.0
200,20,1.05,0,1.3571389962896017,0.2631557985335434,0.9840528370376452,8.0
200,20,1.05,1,1.4888992118996716,0.32836286566092676,0.9960974955428535,8.0
200,20,1.05,2,1.5357249206881416,0.3488417186380547,0.9968147906229273,8.0
200,20,1.05,3,1.266835365435367,0.2106314464497643,0.9310626773346873,8.0
200,20,1.05,4,1.2273024811192061,0.18520493897472093,0.9917809552460712,8.0
200,20,1.05,5,1.4036709629716295,0.28758232778217585,0.9791785823194625,8.0
200,20,1.05,6,1.2373971021629147,0.19185199460056537,0.9910357107383059,8.0
200,20,1.05,7,1.1256061575348792,0.11158979248120099,0.7691971269236917,8.0
200,20,1.05,8,1.3318913673213981,0.2491880159782652,0.9879174058416135,8.0
200,20,1.05,9,1.2444750583684812,0.1964483391808513,0.9859886633140863,8.0
200,20,1.1,0,1.397536762966836,0.28445531702715554,0.9859704459301893,8.0
200,20,1.1,1,1.5334216303437043,0.3478636402332097,0.9968937533563244,8.0
200,20,1.1,2,1.575584079197055,0.36531473426056865,0.9973938532977836,8.0
200,20,1.1,3,1.2978172412596902,0.22947548529300033,0.947866048676315,8.0
200,20,1.1,4,1.2636059651333247,0.20861405565263486,0.9914764097625164,8.0
200,20,1.1,5,1.4515106937980125,0.31106260238193134,0.9841219984954284,8.0
200,20,1.1,6,1.2749138308824721,0.215633264165141,0.9945474078822851,8.0
200,20,1.1,7,1.1324834548582223,0.11698489217646736,0.7844554063828897,8.0
200,20,1.1,8,1.378446234332132,0.27454551719639037,0.9906465919882457,8.0
200,20,1.1,9,1.282984051203148,0.2205670841642756,0.9865399188508949,8.0
200,20,1.15,0,1.4398287519516857,0.3054729608333619,0.987811823678448,8.0
200,20,1.15,1,1.5781085255471636,0.36633001861942366,0.997457037507956,8.0
200,20,1.15,2,1.616685001830967,0.38145031415058844,0.9978707069425693,8.0
200,20,1.15,3,1.331263150227247,0.2488337111792662,0.9604668963508879,8.0
200,20,1.15,4,1.3018270798960292,0.23184882582111813,0.9912716401881028,8.0
200,20,1.15,5,1.5019371611955816,0.33419318341922266,0.9880634781696394,8.0
200,20,1.15,6,1.3150479777549138,0.23957147045902635,0.9964329864251404,8.0
200,20,1.15,7,1.1402558743821947,0.12300386039071026,0.8017554356779584,8.0
200,20,1.15,8,1.426746051761266,0.29910442102465506,0.9926037115333433,8.0
200,20,1.15,9,1.3233175795093362,0.2443234976363096,0.9872436866947524,8.0
200,20,1.2,0,1.4839229990625382,0.326110586174791,0.9895268928019656,8.0
200,20,1.2,1,1.62309812727212,0.383894304849786,0.9978632602162335,8.0
200,20,1.2,2,1.6590489567682096,0.3972450325106875,0.9982893920749975,8.0
200,20,1.2,3,1.3671093788863506,0.2685296323439742,0.9698126253002517,8.0
200,20,1.2,4,1.3418691659810316,0.25477086339568233,0.9912173590064511,8.0
200,20,1.2,5,1.5544076029394875,0.35666809779562714,0.9909708397878534,8.0
200,20,1.2,6,1.3577118908182155,0.2634667142840172,0.9975198173601927,8.0
200,20,1.2,7,1.1491461633960616,0.12978867975792674,0.820701234435975,8.0
200,20,1.2,8,1.4768251125280225,0.3228717527099708,0.9940381182296238,8.0
200,20,1.2,9,1.365588364675691,0.2677149089231683,0.9881322729262357,8.0
200,20,1.25,0,1.5300484454153425,0.34642592331215827,0.9911816672746149,8.0
200,20,1.25,1,1.6682952702812426,0.40058572495298195,0.9981671787271948,8.0
200,20,1.25,2,1.7027125795470557,0.41270181943096146,0.9986377775764032,8.0
200,20,1.25,3,1.405332561596886,0.28842465667792155,0.9767110282912577,8.0
200,20,1.25,4,1.3837483944580855,0.2773252680870297,0.9913460214857476,8.0
200,20,1.25,5,1.607785670143348,0.37802655007440056,0.9931649789782476,8.0
200,20,1.25,6,1.402740990633405,0.2871100176886882,0.9981799392019841,8.0
200,20,1.25,7,1.1593854904034022,0.13747411169338059,0.8407430624948569,8.0
200,20,1.25,8,1.5284472744652413,0.3457412521149148,0.9951520717562693,8.0
200,20,1.25,9,1.4092790883901962,0.2904173429960642,0.9889342110207711,8.0
200,20,1.3,0,1.5779932973414468,0.3662837467784126,0.9927394584556237,8.0
200,20,1.3,1,1.713567501128081,0.4164221722566069,0.9984049318477164,8.0
200,20,1.3,2,1.7470527023099898,0.4276074221013602,0.9988882071118562,8.0
200,20,1.3,3,1.4458499296849037,0.3083652878013892,0.9818409499936271,8.0
200,20,1.3,4,1.427689847593587,0.2995677585817892,0.991542262088543,8.0
200,20,1.3,5,1.6615828951399778,0.39816424270800144,0.9948129866078886,8.0
200,20,1.3,6,1.4499747511174692,0.310332818396101,0.9986018556897811,8.0
200,20,1.3,7,1.1712053918735836,0.14617879413934853,0.8612304585410349,8.0
200,20,1.3,8,1.581278302218436,0.3676002518993262,0.9959828135722525,8.0
200,20,1.3,9,1.4545783366473743,0.31251554157964573,0.9897291815337154,8.0
200,20,1.5,0,1.7830001335461867,0.4391475462140811,0.997115131607139,8.0
200,20,1.5,1,1.8920710863872727,0.4714786314348244,0.9989886298829657,8.0
200,20,1.5,2,1.9319721132320904,0.48239418511737664,0.9993963511357814,8.0
200,20,1.5,3,1.6304813431202707,0.3866841811962788,0.992445874116957,8.0
200,20,1.5,4,1.6222608439090633,0.38357631958226845,0.9933431303230806,8.0
200,20,1.5,5,1.8740867137206894,0.46640676086184657,0.9982857398639631,8.0
200,20,1.5,6,1.658921016781774,0.3971985465950926,0.9994517614766225,8.0
200,20,1.5,7,1.2397121620637785,0.19336114414230152,0.9345139483405547,8.0
200,20,1.5,8,1.7994852049150738,0.4442855116181993,0.9977215547237056,8.0
200,20,1.5,9,1.6525338274884196,0.3948686657023924,0.9928736219235079,8.0
200,20,2.0,0,2.208958758884904,0.547298021758991,0.9992418731284708,8.0
200,20,2.0,1,2.2686749366002443,0.5592140663842461,0.9988393753721297,8.0
200,20,2.0,2,2.3940846622643512,0.5823038275287269,0.9982331184735389,8.0
200,20,2.0,3,2.3629073414098776,0.5767925459983,0.9998008015268408,8.0
200,20,2.0,4,2.2936951334522924,0.5640222689512894,0.9992685138686751,8.0
200,20,2.0,5,2.280165368507456,0.5614353178889928,0.9987355778909327,8.0
200,20,2.0,6,2.3005296796672137,0.5653174967320325,0.9994957184517469,8.0
200,20,2.0,7,2.2620458945413455,0.5579223204917507,0.9990690103201344,8.0
200,20,2.0,8,2.2578695248943976,0.5571046116817707,0.9987352393749755,8.0
200,20,2.0,9,2.348464067886778,0.5741897805999512,0.9992146678389169,8.0
