run,kind,landmarks,n_snapshots,t_g,h1_max_persistence_normalised__baseline,h1_max_persistence_normalised__plateau,h1_max_persistence_normalised__ratio,h1_max_persistence__baseline,h1_max_persistence__plateau,h1_max_persistence__ratio,t_top,lead_lag_steps,scale_collapse,condition,is_null
mlp_add97_f0.3_wd1.0_softmax_ce_s0,embedding,0,127,14300.0,0.0484202616098277,0.1560718843761777,3.2232763555432755,0.1973062753677368,0.325934886932373,1.6519235707272864,18264.0,-3964.0,7.340805927567451,mlp add97 f0.3 wd1 lr0.001,False
mlp_add97_f0.3_wd1.0_softmax_ce_s1,embedding,0,127,13200.0,0.0508976467321563,0.22044954246845,4.331232515101205,0.2045460939407348,0.4380011558532715,2.141332290511389,33103.0,-19903.0,8.742863902865567,mlp add97 f0.3 wd1 lr0.001,False
mlp_add97_f0.3_wd1.0_softmax_ce_s2,embedding,0,127,12100.0,0.0523148916515538,0.228639893517216,4.370455262338767,0.2135689258575439,0.4282578825950622,2.00524435320109,16955.0,-4855.0,8.07364506099295,mlp add97 f0.3 wd1 lr0.001,False
mlp_add97_f0.3_wd1.0_softmax_ce_s3,embedding,0,127,9500.0,0.0477076276283889,0.1129388953737335,2.3673131737644413,0.1933162212371826,0.2478523254394531,1.2821082672382642,10077.0,-577.0,6.842824248874547,mlp add97 f0.3 wd1 lr0.001,False
mlp_add97_f0.3_wd1.0_softmax_ce_s4,embedding,0,127,12100.0,0.0461546612338712,0.1521584986421773,3.2967092504735698,0.1931707859039306,0.3055367469787597,1.5816923120596087,15741.0,-3641.0,7.501975825032115,mlp add97 f0.3 wd1 lr0.001,False
mlp_add97_f0.3_wd1.0_softmax_ce_s0,hidden,97,127,14300.0,0.0918228681253485,0.3000217282015013,3.2673966118324462,1.857792854309082,4.835391998291016,2.602761651857742,21192.0,-6892.0,0.1806677302339998,mlp add97 f0.3 wd1 lr0.001,False
mlp_add97_f0.3_wd1.0_softmax_ce_s1,hidden,97,127,13200.0,0.0875625382545668,0.393261516809419,4.49120736616961,1.8467493057250977,6.629438400268555,3.589787947782987,26486.0,-13286.0,0.1635259538906085,mlp add97 f0.3 wd1 lr0.001,False
mlp_add97_f0.3_wd1.0_softmax_ce_s2,hidden,97,127,12100.0,0.0857975249882138,0.2490989493009215,2.9033349077976407,1.7625389099121094,4.36556339263916,2.4768607195496486,16955.0,-4855.0,0.1531785334282007,mlp add97 f0.3 wd1 lr0.001,False
mlp_add97_f0.3_wd1.0_softmax_ce_s3,hidden,97,127,9500.0,0.0813972904486812,0.2028428021057324,2.492009266986833,1.824265480041504,3.5791549682617188,1.961970451899517,10077.0,-577.0,0.1620420540096736,mlp add97 f0.3 wd1 lr0.001,False
mlp_add97_f0.3_wd1.0_softmax_ce_s4,hidden,97,127,12100.0,0.0849129829326647,0.198949005155412,2.3429751056228554,1.8053150177001955,3.243356704711914,1.7965599759113793,2644.0,9456.0,0.1685689541176242,mlp add97 f0.3 wd1 lr0.001,False
mlp_add97_f0.3_wd1.0_softmax_ce_s0,hidden,300,127,14300.0,0.1232915498832853,0.3196605053017607,2.5927203089292754,2.3877553939819336,4.877277374267578,2.04262018905295,22827.0,-8527.0,0.166176439323404,mlp add97 f0.3 wd1 lr0.001,False
mlp_add97_f0.3_wd1.0_softmax_ce_s1,hidden,300,127,13200.0,0.1235472129062118,0.3887972110997293,3.146952504666182,2.3316659927368164,6.290398597717285,2.6978129017243444,26486.0,-13286.0,0.148898788308325,mlp add97 f0.3 wd1 lr0.001,False
mlp_add97_f0.3_wd1.0_softmax_ce_s2,hidden,300,127,12100.0,0.1290339436237449,0.2472232429856997,1.9159551048566537,2.40798568725586,4.156996726989746,1.726337805490472,16955.0,-4855.0,0.1453804633182454,mlp add97 f0.3 wd1 lr0.001,False
mlp_add97_f0.3_wd1.0_softmax_ce_s3,hidden,300,127,9500.0,0.1301225475239494,0.2076553537218439,1.5958445148303324,2.5343971252441406,3.4422178268432617,1.3581998624275071,10077.0,-577.0,0.1509305655288881,mlp add97 f0.3 wd1 lr0.001,False
mlp_add97_f0.3_wd1.0_softmax_ce_s4,hidden,300,127,12100.0,0.1248686682287142,0.2244386218294595,1.7973974177282743,2.456934928894043,3.46987533569336,1.4122780765932934,12594.0,-494.0,0.1596058081890602,mlp add97 f0.3 wd1 lr0.001,False
mlp_add97_f0.3_wd1.0_softmax_ce_s0,logits,97,127,14300.0,0.111166077370991,0.4725314378736286,4.25068014495703,10.506973266601562,44.66866302490234,4.2513349840615176,22827.0,-8527.0,0.0110546112462676,mlp add97 f0.3 wd1 lr0.001,False
mlp_add97_f0.3_wd1.0_softmax_ce_s1,logits,97,127,13200.0,0.1182105188098743,0.586402873819283,4.960665765814231,10.808815002441406,64.78851318359375,5.994044043584783,22827.0,-9627.0,0.009152199273062,mlp add97 f0.3 wd1 lr0.001,False
mlp_add97_f0.3_wd1.0_softmax_ce_s2,logits,97,127,12100.0,0.1028330715569824,0.2955533523706606,2.874107987787636,9.400691986083984,33.82537078857422,3.598178819032315,16955.0,-4855.0,0.0087016936267954,mlp add97 f0.3 wd1 lr0.001,False
mlp_add97_f0.3_wd1.0_softmax_ce_s3,logits,97,127,9500.0,0.1057607747468333,0.2162504637404247,2.0447133094294925,9.899776458740234,23.152374267578125,2.338676470531569,9355.0,145.0,0.0095910425526862,mlp add97 f0.3 wd1 lr0.001,False
mlp_add97_f0.3_wd1.0_softmax_ce_s4,logits,97,127,12100.0,0.1034523565521153,0.2923436098747985,2.825876757360543,9.631622314453123,28.6665153503418,2.976291471409244,14613.0,-2513.0,0.0102235577450776,mlp add97 f0.3 wd1 lr0.001,False
mlp_add97_f0.3_wd1.0_softmax_ce_s0,logits,300,127,14300.0,0.120595504492809,0.4895027338296782,4.059046279447895,10.292579650878906,43.5780029296875,4.233924284080355,22827.0,-8527.0,0.0101832425514947,mlp add97 f0.3 wd1 lr0.001,False
mlp_add97_f0.3_wd1.0_softmax_ce_s1,logits,300,127,13200.0,0.1382325516879216,0.6030766385409876,4.362768618367933,11.523643493652344,62.48083114624024,5.421968423498785,22827.0,-9627.0,0.0082971327253419,mlp add97 f0.3 wd1 lr0.001,False
mlp_add97_f0.3_wd1.0_softmax_ce_s2,logits,300,127,12100.0,0.1326728953911855,0.3165452353916921,2.385907343458208,10.692047119140623,34.83485794067383,3.2580157525038747,16955.0,-4855.0,0.0080253357894238,mlp add97 f0.3 wd1 lr0.001,False
mlp_add97_f0.3_wd1.0_softmax_ce_s3,logits,300,127,9500.0,0.1351776513763925,0.2136302604519041,1.5803667120762874,11.262950897216797,21.52154541015625,1.9108265326340423,9355.0,145.0,0.0090675588832326,mlp add97 f0.3 wd1 lr0.001,False
mlp_add97_f0.3_wd1.0_softmax_ce_s4,logits,300,127,12100.0,0.1206273238429668,0.3118842261704773,2.5855189042947635,10.215919494628906,28.743427276611328,2.813591795797078,12594.0,-494.0,0.0094481660954811,mlp add97 f0.3 wd1 lr0.001,False
transformer_add113_f0.3_wd0.1_softmax_ce_s0,embedding,0,120,13000.0,0.0428510207754598,0.124237411437598,2.8992870925666936,0.0506216287612915,0.0710043907165527,1.4026492717446335,15126.0,-2126.0,24.79703477570308,transformer add113 f0.3 wd0.1 lr0.003,False
transformer_add113_f0.3_wd0.1_softmax_ce_s1,embedding,0,120,12000.0,0.0346980557518919,0.2001591713940288,5.768599048467292,0.0513620972633361,0.1048327088356018,2.041051951171678,14622.0,-2622.0,27.479138439776825,transformer add113 f0.3 wd0.1 lr0.003,False
transformer_add113_f0.3_wd0.1_softmax_ce_s2,embedding,0,120,14000.0,0.049225396670961,0.1527202299097306,3.102468242776457,0.0535041093826293,0.0898030400276184,1.6784325739430737,16639.0,-2639.0,25.88883639240269,transformer add113 f0.3 wd0.1 lr0.003,False
transformer_add113_f0.3_wd0.1_softmax_ce_s3,embedding,0,120,11500.0,0.0377622308733479,0.082995660265309,2.1978484413082224,0.0485206842422485,0.0464015752077102,0.9563256564157624,13613.0,-2113.0,27.68171830677264,transformer add113 f0.3 wd0.1 lr0.003,False
transformer_add113_f0.3_wd0.1_softmax_ce_s4,embedding,0,120,10500.0,0.0527924186665157,0.1255244066426398,2.3776975901703725,0.0955601930618286,0.066902220249176,0.7001055366839775,12101.0,-1601.0,25.25347624122946,transformer add113 f0.3 wd0.1 lr0.003,False
transformer_add113_f0.3_wd0.1_softmax_ce_s0,hidden,113,120,13000.0,0.0653615841209269,0.1495645438297186,2.2882637537212376,1.2274513244628906,2.559898376464844,2.0855396262536168,12101.0,899.0,0.2088266239783478,transformer add113 f0.3 wd0.1 lr0.003,False
transformer_add113_f0.3_wd0.1_softmax_ce_s1,hidden,113,120,12000.0,0.0786648124421965,0.1593212369327925,2.025317699064788,1.4457778930664062,2.450560569763184,1.6949772032865262,12605.0,-605.0,0.2140493393363568,transformer add113 f0.3 wd0.1 lr0.003,False
transformer_add113_f0.3_wd0.1_softmax_ce_s2,hidden,113,120,14000.0,0.0762979597120668,0.1673991988186987,2.1940193348607164,1.3574542999267578,2.611454486846924,1.9237881429878163,14622.0,-622.0,0.218025158839467,transformer add113 f0.3 wd0.1 lr0.003,False
transformer_add113_f0.3_wd0.1_softmax_ce_s3,hidden,113,120,11500.0,0.0699060790327786,0.1458324423348818,2.086119610091443,1.3152809143066406,2.703688621520996,2.0555978514645017,11597.0,-97.0,0.219394627850863,transformer add113 f0.3 wd0.1 lr0.003,False
transformer_add113_f0.3_wd0.1_softmax_ce_s4,hidden,113,120,10500.0,0.0717040965474594,0.1547561089086002,2.158260355545662,1.3636102676391602,2.46573543548584,1.8082405904399692,11092.0,-592.0,0.2778592938821838,transformer add113 f0.3 wd0.1 lr0.003,False
transformer_add113_f0.3_wd0.1_softmax_ce_s0,hidden,300,120,13000.0,0.0793504806515055,0.1887388271015284,2.378546740383827,1.4260826110839844,2.9443483352661133,2.064640794566645,13109.0,-109.0,0.2035706020604241,transformer add113 f0.3 wd0.1 lr0.003,False
transformer_add113_f0.3_wd0.1_softmax_ce_s1,hidden,300,120,12000.0,0.0897789051947459,0.1948016219220234,2.169792798202041,1.550865650177002,2.7605514526367188,1.7800068318758973,12605.0,-605.0,0.1938179707871036,transformer add113 f0.3 wd0.1 lr0.003,False
transformer_add113_f0.3_wd0.1_softmax_ce_s2,hidden,300,120,14000.0,0.0905831275879266,0.2055105606356735,2.2687509926855856,1.5992660522460938,2.8730154037475586,1.7964586941069274,14118.0,-118.0,0.2044408190083339,transformer add113 f0.3 wd0.1 lr0.003,False
transformer_add113_f0.3_wd0.1_softmax_ce_s3,hidden,300,120,11500.0,0.0817010194496242,0.1859528464698397,2.276016232386131,1.5002193450927734,3.081414699554444,2.0539761133155423,11597.0,-97.0,0.2014915188700166,transformer add113 f0.3 wd0.1 lr0.003,False
transformer_add113_f0.3_wd0.1_softmax_ce_s4,hidden,300,120,10500.0,0.0908792541753696,0.1897967295777947,2.08844946297143,1.6635208129882812,2.75349235534668,1.6552196605225622,11092.0,-592.0,0.2730102410637223,transformer add113 f0.3 wd0.1 lr0.003,False
transformer_add113_f0.3_wd0.1_softmax_ce_s0,logits,113,120,13000.0,0.0904160625758068,0.1606182668910241,1.7764350969868683,5.1334075927734375,12.110992431640623,2.359250110723702,12101.0,899.0,0.0248335506085763,transformer add113 f0.3 wd0.1 lr0.003,False
transformer_add113_f0.3_wd0.1_softmax_ce_s1,logits,113,120,12000.0,0.1008693902326327,0.168975509078625,1.6751911426144317,5.379453659057617,9.668075561523438,1.7972225757991025,12605.0,-605.0,0.0335077344070787,transformer add113 f0.3 wd0.1 lr0.003,False
transformer_add113_f0.3_wd0.1_softmax_ce_s2,logits,113,120,14000.0,0.0991588639905971,0.1781720225742266,1.796834043914843,5.32666015625,12.858531951904297,2.413995181730681,14118.0,-118.0,0.0261715782735567,transformer add113 f0.3 wd0.1 lr0.003,False
transformer_add113_f0.3_wd0.1_softmax_ce_s3,logits,113,120,11500.0,0.0917841390381121,0.1546401446249189,1.6848242653418226,4.864356994628906,11.407478332519531,2.3451153657339225,10588.0,912.0,0.0315385690108473,transformer add113 f0.3 wd0.1 lr0.003,False
transformer_add113_f0.3_wd0.1_softmax_ce_s4,logits,113,120,10500.0,0.1039034769273575,0.1759429704631572,1.6933309227579072,5.429403305053711,11.468997955322266,2.112386446710797,9076.0,1424.0,0.0429666689298167,transformer add113 f0.3 wd0.1 lr0.003,False
transformer_add113_f0.3_wd0.1_softmax_ce_s0,logits,300,120,13000.0,0.1032370810007834,0.1892968440372941,1.8336129053848156,5.151065826416016,13.560531616210938,2.6325681078795338,13109.0,-109.0,0.0248024545675399,transformer add113 f0.3 wd0.1 lr0.003,False
transformer_add113_f0.3_wd0.1_softmax_ce_s1,logits,300,120,12000.0,0.1140229825854511,0.2088039594849553,1.8312444978228264,5.84698486328125,10.822002410888672,1.8508688946417944,11597.0,403.0,0.0306440313600426,transformer add113 f0.3 wd0.1 lr0.003,False
transformer_add113_f0.3_wd0.1_softmax_ce_s2,logits,300,120,14000.0,0.1164277516550603,0.2131061105698101,1.830372119537085,6.005104064941406,14.44220733642578,2.404988686331233,14118.0,-118.0,0.0243460503979364,transformer add113 f0.3 wd0.1 lr0.003,False
transformer_add113_f0.3_wd0.1_softmax_ce_s3,logits,300,120,11500.0,0.1044728473088564,0.1936012454382905,1.8531250025754635,5.709007263183594,13.15407371520996,2.3040912559418727,11597.0,-97.0,0.0301780037306767,transformer add113 f0.3 wd0.1 lr0.003,False
transformer_add113_f0.3_wd0.1_softmax_ce_s4,logits,300,120,10500.0,0.1132139515193894,0.2152633131544982,1.9013850348437973,5.4642333984375,12.784538269042969,2.339676462703572,10084.0,416.0,0.0373201976174,transformer add113 f0.3 wd0.1 lr0.003,False
transformer_add97_f0.3_wd1.0_softmax_ce_s0,embedding,0,126,27600.0,0.0584315169018026,0.0706502414472965,1.2091118833356342,0.007643811404705,0.0092487633228302,1.2099674930672997,4346.0,23254.0,154.95773723111853,transformer add97 f0.3 wd1 lr0.001,False
transformer_add97_f0.3_wd1.0_softmax_ce_s1,embedding,0,126,28600.0,0.0584840246447039,0.0530458238856271,0.9070139103436478,0.006496638059616,0.0056448206305503,0.8688833483951173,20999.0,7601.0,155.76754430569824,transformer add97 f0.3 wd1 lr0.001,False
transformer_add97_f0.3_wd1.0_softmax_ce_s2,embedding,0,126,30000.0,0.0583026021838426,0.0683087431041698,1.1716242593902646,0.0061917230486869,0.0067607015371322,1.0918934009113892,27963.0,2037.0,151.59202374065586,transformer add97 f0.3 wd1 lr0.001,False
transformer_add97_f0.3_wd1.0_softmax_ce_s3,embedding,0,126,34700.0,0.0611933523289211,0.0538884604790444,0.8806260554151023,0.0070372559130191,0.006394125521183,0.9086106289460992,4669.0,30031.0,148.12189807640584,transformer add97 f0.3 wd1 lr0.001,False
transformer_add97_f0.3_wd1.0_softmax_ce_s4,embedding,0,126,25700.0,0.0653940586524716,0.0709804387819134,1.0854264170867556,0.0072547979652881,0.0061548128724098,0.8483782597197866,34663.0,-8963.0,176.2315026017566,transformer add97 f0.3 wd1 lr0.001,False
transformer_add97_f0.3_wd1.0_softmax_ce_s0,hidden,97,126,27600.0,0.0724729640457292,0.060047374575611,0.8285486231489327,0.4446046352386474,0.4244179725646972,0.9545963737802357,1115.0,26485.0,0.3622870277917228,transformer add97 f0.3 wd1 lr0.001,False
transformer_add97_f0.3_wd1.0_softmax_ce_s1,hidden,97,126,28600.0,0.0730101952405462,0.0511877481979228,0.7011041133265683,0.4607789516448974,0.3520450592041015,0.7640215724858187,,,0.350606401976611,transformer add97 f0.3 wd1 lr0.001,False
transformer_add97_f0.3_wd1.0_softmax_ce_s2,hidden,97,126,30000.0,0.0818124212950189,0.0605809237414098,0.7404856473194037,0.5196323394775391,0.4359614849090576,0.8389806634194328,629.0,29371.0,0.3054271329395063,transformer add97 f0.3 wd1 lr0.001,False
transformer_add97_f0.3_wd1.0_softmax_ce_s3,hidden,97,126,34700.0,0.07549429975146,0.0725663531753233,0.9612163224802934,0.5083894729614258,0.4818246364593506,0.9477470759822544,1713.0,32987.0,0.400228407665805,transformer add97 f0.3 wd1 lr0.001,False
transformer_add97_f0.3_wd1.0_softmax_ce_s4,hidden,97,126,25700.0,0.0725007316729615,0.0438345089297333,0.6046078145454217,0.488450288772583,0.3407917022705078,0.6976998685513658,40000.0,-14300.0,0.3265032954611089,transformer add97 f0.3 wd1 lr0.001,False
transformer_add97_f0.3_wd1.0_softmax_ce_s0,hidden,300,126,27600.0,0.0977464863220995,0.0934446083868066,0.9559894365806964,0.5723977088928223,0.5851936340332031,1.0223549552026192,1115.0,26485.0,0.3400802954719217,transformer add97 f0.3 wd1 lr0.001,False
transformer_add97_f0.3_wd1.0_softmax_ce_s1,hidden,300,126,28600.0,0.1029966504685919,0.0852802406340601,0.8279904273204078,0.5961441993713379,0.5499615669250488,0.9225311048987966,,,0.2833941573551186,transformer add97 f0.3 wd1 lr0.001,False
transformer_add97_f0.3_wd1.0_softmax_ce_s2,hidden,300,126,30000.0,0.0997255152865283,0.0832303938723862,0.8345947737973689,0.5987591743469238,0.5731081962585449,0.9571597744345932,1595.0,28405.0,0.2934636350154873,transformer add97 f0.3 wd1 lr0.001,False
transformer_add97_f0.3_wd1.0_softmax_ce_s3,hidden,300,126,34700.0,0.097013158738439,0.1129179900127489,1.16394509240949,0.5951395034790039,0.7006525993347168,1.1772913665433324,1595.0,33105.0,0.3564718282264548,transformer add97 f0.3 wd1 lr0.001,False
transformer_add97_f0.3_wd1.0_softmax_ce_s4,hidden,300,126,25700.0,0.0980352232038228,0.0776207166721445,0.7917635532972176,0.6081583499908447,0.5723576545715332,0.9411326089334292,34663.0,-8963.0,0.272961376607897,transformer add97 f0.3 wd1 lr0.001,False
transformer_add97_f0.3_wd1.0_softmax_ce_s0,logits,97,126,27600.0,0.0884141589748676,0.0663999693165846,0.7510105857078768,2.682694435119629,1.8828182220458984,0.7018384939401189,,,0.0519609533843048,transformer add97 f0.3 wd1 lr0.001,False
transformer_add97_f0.3_wd1.0_softmax_ce_s1,logits,97,126,28600.0,0.0843803011252959,0.05926808988585,0.7023924908473977,2.833425521850586,2.0949935913085938,0.739385445339074,,,0.0329811570768015,transformer add97 f0.3 wd1 lr0.001,False
transformer_add97_f0.3_wd1.0_softmax_ce_s2,logits,97,126,30000.0,0.0833291022101955,0.0747258757659938,0.8967560406147145,2.782291412353516,2.330862045288086,0.8377490707619409,355.0,29645.0,0.0357815559943039,transformer add97 f0.3 wd1 lr0.001,False
transformer_add97_f0.3_wd1.0_softmax_ce_s3,logits,97,126,34700.0,0.0851231547018782,0.0757742263367934,0.8901717353189394,2.756524085998535,2.322789192199707,0.8426515131857771,22558.0,12142.0,0.0452536443391109,transformer add97 f0.3 wd1 lr0.001,False
transformer_add97_f0.3_wd1.0_softmax_ce_s4,logits,97,126,25700.0,0.0880615582339414,0.057370477429655,0.6514815156602901,3.0793895721435547,2.326484680175781,0.7555019024618965,,,0.0293322127406256,transformer add97 f0.3 wd1 lr0.001,False
transformer_add97_f0.3_wd1.0_softmax_ce_s0,logits,300,126,27600.0,0.1129953203034015,0.0925185857300837,0.818782454721699,3.062061309814453,2.5452232360839844,0.831212369238359,,,0.0398733641105621,transformer add97 f0.3 wd1 lr0.001,False
transformer_add97_f0.3_wd1.0_softmax_ce_s1,logits,300,126,28600.0,0.1107267146034808,0.0889146222821067,0.8030096675451401,3.130745887756348,2.716255187988281,0.8676064060679445,,,0.027212566060469,transformer add97 f0.3 wd1 lr0.001,False
transformer_add97_f0.3_wd1.0_softmax_ce_s2,logits,300,126,30000.0,0.1146827457755575,0.0999082244880901,0.8711704957223272,3.4000606536865234,3.0055103302001958,0.8839578573227698,1841.0,28159.0,0.0300498699081006,transformer add97 f0.3 wd1 lr0.001,False
transformer_add97_f0.3_wd1.0_softmax_ce_s3,logits,300,126,34700.0,0.1087459982940734,0.1231144136777078,1.1321282218107829,3.327841758728028,3.5593156814575195,1.0695567696758417,,,0.0374527300575003,transformer add97 f0.3 wd1 lr0.001,False
transformer_add97_f0.3_wd1.0_softmax_ce_s4,logits,300,126,25700.0,0.1104841454778642,0.084152242167888,0.7616680366573331,3.633893013000488,3.208761215209961,0.8830092695988597,37236.0,-11536.0,0.0262385507663368,transformer add97 f0.3 wd1 lr0.001,False
transformer_add97_permuted_s0,embedding,0,127,,0.0533499683381039,0.0490972936654731,0.9202872128118306,0.006096675992012,0.0052719190716743,0.8647202309228359,4791.0,,143.93560846859333,transformer add97 f0.3 wd1 lr0.001 PERM,True
transformer_add97_permuted_s1,embedding,0,127,,0.0583911201583889,0.0615526492733798,1.0541440052257107,0.0072124674916267,0.0074806734919548,1.037186441483367,18264.0,,136.8182880167192,transformer add97 f0.3 wd1 lr0.001 PERM,True
transformer_add97_permuted_s2,embedding,0,127,,0.047808910792224,0.0467094813490597,0.9770036709695727,0.0051684416830539,0.005918450653553,1.1451131726915156,16955.0,,125.08456475558069,transformer add97 f0.3 wd1 lr0.001 PERM,True
transformer_add97_permuted_s3,embedding,0,127,,0.0522850348545767,0.0407055020602981,0.7785306478902537,0.0060583613812923,0.0049973204731941,0.8248633844500236,,,104.227193169664,transformer add97 f0.3 wd1 lr0.001 PERM,True
transformer_add97_permuted_s4,embedding,0,127,,0.0446282778631994,0.0571241020331252,1.2799979019631846,0.0050726942718029,0.0078235939145088,1.542295572196629,38410.0,,91.89809875971078,transformer add97 f0.3 wd1 lr0.001 PERM,True
transformer_add97_permuted_s0,hidden,97,127,,,,,,,,,,,transformer add97 f0.3 wd1 lr0.001 PERM,True
transformer_add97_permuted_s1,hidden,97,127,,,,,,,,,,,transformer add97 f0.3 wd1 lr0.001 PERM,True
transformer_add97_permuted_s2,hidden,97,127,,,,,,,,,,,transformer add97 f0.3 wd1 lr0.001 PERM,True
transformer_add97_permuted_s3,hidden,97,127,,,,,,,,,,,transformer add97 f0.3 wd1 lr0.001 PERM,True
transformer_add97_permuted_s4,hidden,97,127,,,,,,,,,,,transformer add97 f0.3 wd1 lr0.001 PERM,True
transformer_add97_permuted_s0,hidden,300,127,,,,,,,,,,,transformer add97 f0.3 wd1 lr0.001 PERM,True
transformer_add97_permuted_s1,hidden,300,127,,,,,,,,,,,transformer add97 f0.3 wd1 lr0.001 PERM,True
transformer_add97_permuted_s2,hidden,300,127,,,,,,,,,,,transformer add97 f0.3 wd1 lr0.001 PERM,True
transformer_add97_permuted_s3,hidden,300,127,,,,,,,,,,,transformer add97 f0.3 wd1 lr0.001 PERM,True
transformer_add97_permuted_s4,hidden,300,127,,,,,,,,,,,transformer add97 f0.3 wd1 lr0.001 PERM,True
transformer_add97_permuted_s0,logits,97,127,,,,,,,,,,,transformer add97 f0.3 wd1 lr0.001 PERM,True
transformer_add97_permuted_s1,logits,97,127,,,,,,,,,,,transformer add97 f0.3 wd1 lr0.001 PERM,True
transformer_add97_permuted_s2,logits,97,127,,,,,,,,,,,transformer add97 f0.3 wd1 lr0.001 PERM,True
transformer_add97_permuted_s3,logits,97,127,,,,,,,,,,,transformer add97 f0.3 wd1 lr0.001 PERM,True
transformer_add97_permuted_s4,logits,97,127,,,,,,,,,,,transformer add97 f0.3 wd1 lr0.001 PERM,True
transformer_add97_permuted_s0,logits,300,127,,,,,,,,,,,transformer add97 f0.3 wd1 lr0.001 PERM,True
transformer_add97_permuted_s1,logits,300,127,,,,,,,,,,,transformer add97 f0.3 wd1 lr0.001 PERM,True
transformer_add97_permuted_s2,logits,300,127,,,,,,,,,,,transformer add97 f0.3 wd1 lr0.001 PERM,True
transformer_add97_permuted_s3,logits,300,127,,,,,,,,,,,transformer add97 f0.3 wd1 lr0.001 PERM,True
transformer_add97_permuted_s4,logits,300,127,,,,,,,,,,,transformer add97 f0.3 wd1 lr0.001 PERM,True
