run,t_g,h1_max_persistence__0.5-0.9 / 1.2,h1_total_persistence__0.5-0.9 / 1.2,h1_max_persistence_normalised__0.5-0.9 / 1.2,h1_total_persistence_normalised__0.5-0.9 / 1.2,h0_total_persistence__0.5-0.9 / 1.2,lid__0.5-0.9 / 1.2,h1_max_persistence__0.7-0.9 / 1.2,h1_total_persistence__0.7-0.9 / 1.2,h1_max_persistence_normalised__0.7-0.9 / 1.2,h1_total_persistence_normalised__0.7-0.9 / 1.2,h0_total_persistence__0.7-0.9 / 1.2,lid__0.7-0.9 / 1.2,h1_max_persistence__0.3-0.9 / 1.2,h1_total_persistence__0.3-0.9 / 1.2,h1_max_persistence_normalised__0.3-0.9 / 1.2,h1_total_persistence_normalised__0.3-0.9 / 1.2,h0_total_persistence__0.3-0.9 / 1.2,lid__0.3-0.9 / 1.2,h1_max_persistence__0.5-0.9 / 1.5,h1_total_persistence__0.5-0.9 / 1.5,h1_max_persistence_normalised__0.5-0.9 / 1.5,h1_total_persistence_normalised__0.5-0.9 / 1.5,h0_total_persistence__0.5-0.9 / 1.5,lid__0.5-0.9 / 1.5,h1_max_persistence__0.5-0.9 / 1.05,h1_total_persistence__0.5-0.9 / 1.05,h1_max_persistence_normalised__0.5-0.9 / 1.05,h1_total_persistence_normalised__0.5-0.9 / 1.05,h0_total_persistence__0.5-0.9 / 1.05,lid__0.5-0.9 / 1.05
mlp_add97_f0.3_wd0.0_stablemax_ce_s0,600.0,4.7867169046479505,1.575262178534248,7.36054027571698,2.4297275184182365,0.6632424880060168,1.2023086923567596,4.803428666984911,1.5421446554623672,7.370659244396198,2.3825894849567604,0.6664210775230744,1.2840448176112622,4.972242517928993,1.6573764900859334,7.583237052061451,2.5439582293104532,0.6636357351562696,1.2643357712455208,4.791438583777227,1.5969214076963447,7.366180826851391,2.4611779022979623,0.6630416289564448,1.202790190047126,4.7835327867740665,1.5655055013683374,7.352462731294976,2.4152631123253965,0.6633257852804623,1.2019570822080825
mlp_add97_f0.3_wd0.0_stablemax_ce_s1,700.0,5.663795218019083,3.11234853738148,10.784373005261454,6.065672649829234,0.5345620560654224,0.7388039604354149,5.462331137444333,3.1024241782066597,10.522584297920409,5.970327927144004,0.5392744419924439,0.7646820433925228,5.9026580457765245,3.2248569072427125,11.417001036543056,6.2909452435719935,0.5321518282732912,0.6602807153842001,5.665786192624584,3.113341170049437,10.7888102357017,6.070362562937847,0.5344025684065193,0.7383415940472715,5.660697224043154,3.1118644752888382,10.78112446130733,6.063163408385382,0.5346796745130586,0.7392762799330991
mlp_add97_f0.3_wd1.0_softmax_ce_s0,14300.0,1.6519235707272861,4.195591831953272,3.223276355543278,8.267078136760771,0.5280758539958447,2.619637835274258,1.547812736703022,4.5566954968142825,2.955988351286343,8.666182065353546,0.5388732033490131,2.6902148025433132,1.6868598250543239,4.039132508982818,3.3994022214330193,8.018660872730866,0.5204188417751424,2.6303376471041604,1.653685975379503,4.195372334381787,3.2354271641806505,8.274115573577387,0.5273001877731632,2.6230003188146016,1.637303526923948,4.195152836810302,3.186299818170236,8.263272168193996,0.5288411812514956,2.58212611798354
mlp_add97_f0.3_wd1.0_softmax_ce_s1,13200.0,2.141332290511389,2.2704420079248107,4.331232515101209,4.951800487792166,0.5034081426577199,2.6241193930733777,2.07580470751211,2.286262710050046,4.21618185109267,4.730631489136347,0.5204867691095872,2.895469886278803,2.154106099495686,2.124362352871692,4.544593158383703,4.561838840308645,0.49145823214715056,2.5416247621557893,2.605818550147245,2.356410247861206,5.478550090818463,5.433112908758757,0.4848729424680327,2.6006479691660895,1.6721947108646003,2.120566324088615,3.2512583551152754,4.31621316624793,0.5249623674773394,2.5943346863773487
mlp_add97_f0.3_wd1.0_softmax_ce_s2,12100.0,2.0052443532010904,0.3875335215491977,4.370455262338772,0.8341317035765378,0.47680148252987625,3.0515626169218955,2.080927056953594,0.3997813400914525,4.333297381874389,0.8579120628151532,0.48989446357950894,2.91829633900889,1.8562852979626008,0.37157876610774854,4.070527737134109,0.8295540959666563,0.47001813910310597,2.9721257889631882,2.006391686286593,0.3844727631105729,4.373078688140758,0.828584557522254,0.47570973380169934,3.0666496239220735,2.0040970201155877,0.39022117262570394,4.36797707678034,0.8393410164642332,0.477377252093231,3.0413331757242643
mlp_add97_f0.3_wd1.0_softmax_ce_s3,9500.0,1.2821082672382644,1.4690647147702873,2.3673131737644417,2.71179394570642,0.5505769102433865,1.7369036467029169,1.3095946254073714,1.5396214658818341,2.3474696135291735,2.7445609506672874,0.5694992470293261,1.6706727487053328,1.2739304341006237,1.401672404820907,2.3915822937632383,2.6424462299263958,0.5431634718035684,1.9879249723432153,1.2966563767610109,1.4775361266790883,2.3948022045437543,2.7274713866049547,0.5501135161983138,1.7324651801555586,1.2821082672382644,1.4860075385878893,2.3443722624488363,2.74314882750349,0.5510045522205803,1.7280267136082004
mlp_add97_f0.3_wd1.0_softmax_ce_s4,12100.0,1.5816923120596091,0.9462052147762617,3.2967092504735738,1.9377388935246211,0.5022420278333325,3.0140574854363114,1.6217138981197694,0.9913132749859015,3.3227962335425825,2.045402862993133,0.513172798355197,3.2530912015450193,1.5909625870271236,0.9028103820421995,3.315159600006003,1.8792993654137804,0.4960247271495034,2.860285902811438,1.5876993447434455,0.9447989191263929,3.3066175934919158,1.934032678652891,0.5017322385904504,2.997312581470156,1.581587401893567,0.9472001895644171,3.2962252210818113,1.9392864257607465,0.502444263048485,2.997312581470156
mlp_add97_f0.4_wd0.0_softmax_ce_s0,900.0,0.9868589365682848,1.0825220637750168,0.9795946568455159,1.0745556111509404,0.9945955712364928,1.0087169395968791,0.9701582302704239,1.0698664863781782,0.9642155309129236,1.0633142197810135,0.9951105509885395,1.0130310470290393,1.0482475055088525,1.0982546507401085,1.0417530740840746,1.0914524353510988,0.9937669435090847,1.002100403045485,0.9861270236058616,1.0825426470574966,0.978946088496563,1.0746711870666035,0.9945574217804531,1.0087453810801665,0.9873917425090154,1.0825173643954553,0.9800699268858342,1.0744586302500778,0.9946217328124126,1.0086843773673453
mlp_add97_f0.4_wd0.0_softmax_ce_s1,900.0,0.964712235456048,1.251186150283965,0.9656094940146985,1.2524674402265559,0.9876016874421655,0.9887143579192436,0.9416022569706621,1.2351355870366902,0.9413245119358289,1.2355104700970796,0.9888420638018491,0.9902594533540998,1.024478863261487,1.2680186934829998,1.0282391459171523,1.272792369384612,0.9859285195678861,0.9903294625571978,0.9650422717751133,1.252581789441503,0.9658952870083861,1.253688965135835,0.9875477533385981,0.9896834398528895,0.9653416654526823,1.2502174324196773,0.9661525489479896,1.2516202998115264,0.9876394918013959,0.9893425072266472
mlp_add97_f0.4_wd0.0_softmax_ce_s2,1100.0,1.038998282111683,0.9404273513905029,1.050237438938884,0.9500709664511621,0.9923360924023794,1.0016786381546667,1.034073540082608,0.9460903269583083,1.0420223637500143,0.9528335190093875,0.9932437435402341,1.0013456843817155,1.0577613719548573,0.9363093109376618,1.0708367236734602,0.9479600048125983,0.9911141037031082,1.0024716559158142,1.04011221706844,0.9401204266990143,1.0512484032600868,0.9498822625882691,0.9922744626634429,1.0014140499244162,1.0382739604241613,0.9406615284829318,1.049580524064628,0.9502209234367414,0.9923790159213958,1.0017004570350159
transformer_add113_f0.3_wd0.1_softmax_ce_s0,13000.0,1.4026492717446335,15.318864946567928,2.899287092566698,29.75395345343068,0.4515839976201352,0.4573352070046939,2.296831015787078,32.64881399317767,3.4468939764846316,53.09303104970577,0.5692641186137651,0.5062793661778128,0.8875749079646271,6.693782371210586,2.6564825467237583,18.188531702125026,0.3229102469504516,0.474582278354495,1.3753794345865356,14.464572775355307,2.831954112760955,29.311030919090147,0.4515839976201352,0.44959311030720417,1.4025162194303475,15.22071991251343,2.8541597788067654,29.683670949036713,0.45661723902343554,0.46004626001755317
transformer_add113_f0.3_wd0.1_softmax_ce_s1,12000.0,2.041051951171681,12.599851753984009,5.768599048467296,37.6186270236315,0.3579908900749746,0.5439257389740173,2.375640914813034,12.518596207545535,4.922701030862702,24.41158313240054,0.44143450945720103,0.5325592225609178,1.7659415847981323,10.102830768811309,4.867405192111348,30.571471549224302,0.2834705824403125,0.5316297011697964,2.07406468278882,12.662030384361154,5.793176862345069,38.123873947569365,0.35457989836015197,0.5366209880585803,2.031406048185419,12.538314888374574,5.753270470440015,37.21289466848637,0.3583001975091965,0.5518233781633795
transformer_add113_f0.3_wd0.1_softmax_ce_s2,14000.0,1.6784325739430757,6.863249401734347,3.1024682427764594,14.808992637587519,0.48574269313191204,0.48335024124921316,2.0276359085128313,6.802287007269088,2.880733244700822,11.733280846395294,0.6758296024140744,0.48728172172752865,1.5164534207252511,5.904787506273481,3.083884970071042,13.850165724671285,0.39800428659273984,0.46811185955652224,1.6897053417256194,6.978805269152887,3.266192346105693,15.184149633296395,0.4849225618784134,0.4743638532046703,1.6749624018269946,6.7747409617950005,3.050381398250995,14.587967022138566,0.48736747461060476,0.48609418365505197
transformer_add113_f0.3_wd0.1_softmax_ce_s3,11500.0,0.9563256564157616,3.0756792143318314,2.197848441308226,6.7841521244280765,0.3506291077701854,0.7494934778345208,1.0312126619032853,3.6683952873429257,2.197848441308226,6.7841521244280765,0.44802681477542744,0.7171574634338586,0.5732894603125036,1.8776505936790027,2.1613267987013507,6.296834406411662,0.25530106364253713,0.760536778655038,0.943876360187803,3.0347530702377226,2.1984700795116727,6.670200909658712,0.3460959650533459,0.7500049649621588,0.9563256564157616,3.0094127111858446,2.1970381777282677,6.638334616334776,0.3517913313255361,0.7504136050954228
transformer_add113_f0.3_wd0.1_softmax_ce_s4,10500.0,0.7001055366839773,1.9480982962905895,2.3776975901703756,6.478398286980889,0.2898449501933095,0.6572189689624295,0.8884516944319448,2.513524641197119,2.337676249772177,6.540631612890613,0.37968129752399593,0.6740603104267043,0.5281774179735033,1.4806303738034092,2.381312755459728,6.179018339350074,0.22208995753444757,0.6510103065741917,0.7060254460671364,1.9255377785735193,2.4322116451517037,6.470739157783468,0.2876894337744128,0.6533638553912942,0.7012999973802946,1.9371699089709882,2.369905933119659,6.4627249629206105,0.29003130237726205,0.6667984245300647
transformer_add113_f0.3_wd1.0_softmax_ce_s0,21500.0,1.4016210001346991,2.6177436773429803,1.5713693415826302,2.6580073506262507,0.8604866729747503,0.8648346877569743,0.9790990578479547,1.2887835846493514,1.3758601020425067,1.773688704248747,0.6725943184876808,0.8016370834831731,1.3715742210163808,2.3705598425788024,1.5492162817066943,2.495036644427324,0.8795865109333016,0.8580539940287948,1.5214003201058983,2.798881873619439,1.610015095918129,3.202529673463683,0.8981901792244005,0.7699874774257512,1.281770085902502,2.4562251122535343,1.5247591953638278,2.4821684338144343,0.8868959117856322,0.9049710285781951
transformer_add113_f0.3_wd1.0_softmax_ce_s1,27500.0,0.6797293826516251,1.349477521508455,0.9646976278673893,1.8434290773423296,0.7065859680008946,1.195136829575411,0.7357437959546181,1.515887958723773,0.9965886699004227,1.8961380767849116,0.7502681849703696,1.1291292148817724,0.6825020620603413,1.4545977272293855,0.9441451450146879,1.8093206723290047,0.7207837663141268,1.2539573111252067,0.675048208046764,1.3013565399063434,0.9821808161044465,1.965465717943668,0.703850581993411,1.2175554292075086,0.675048208046764,1.2510578354856368,0.961014095982043,1.6930316008759565,0.7202446856615848,1.2175554292075086
transformer_add113_f0.3_wd1.0_softmax_ce_s2,21800.0,1.0009143891880243,3.0232614155526885,1.569099222461524,4.142316297128949,0.8207086861805726,0.9704610477436498,1.0009143891880243,3.3801946007696193,1.3562925537770372,4.455525014422688,0.8207086861805726,1.0825280385507177,0.979769892987471,2.8044350157483886,1.51723199147064,4.0410495853443695,0.8160383162278284,1.0207609495433292,1.1264655210319505,3.152782205006956,1.6455554974086557,4.316532265422622,0.7666420053516163,0.9465990348083629,0.9533791427326529,3.012754709768895,1.5009438522064835,4.130009738881474,0.8225394217369939,0.9723773685549342
transformer_add113_f0.3_wd1.0_softmax_ce_s3,16800.0,0.8427281600780848,1.1991239058694438,1.0967487726720946,1.5963353250021957,0.7632109783036839,1.279034190442059,0.7427694167511874,0.7774512277520013,1.0832636476602118,1.1624294172633045,0.636910365948536,1.2060913412720824,0.7891257500128008,1.0023395220809435,1.0832636476602118,1.5056024806162933,0.700248148063822,1.2845405421092557,0.9220209395668182,1.9043372497266435,1.4155749135203242,2.5345341782808126,0.7934078881260695,1.230718048906893,0.7927900068999081,1.1134180557380402,1.0108340278428998,1.4521796880499518,0.8049181261601048,1.287116588932493
transformer_add113_f0.3_wd1.0_softmax_ce_s4,19100.0,0.8646777043721712,2.071164713954625,1.2007771288142552,2.8007891318516043,0.7032247823553255,1.1736665590228426,0.7407241516196423,1.3537546256140724,1.1678721125877756,2.0615361521177804,0.6069749291319524,1.1535830388089046,0.9740574341305526,2.2781513883080846,1.219792130188266,2.8746267062651225,0.7570811194001371,1.170820576646656,0.8788425741192443,2.095451045613019,1.2147494321647587,3.16855159625964,0.683254494852797,1.077270281607667,0.8646777043721712,1.8409300867200198,1.18978744945619,2.151631497320057,0.7102661936548301,1.2235548668174123
transformer_add149_f0.3_wd1.0_softmax_ce_s0,10500.0,0.8828872426574955,2.155327921674493,1.204195558272703,2.338610322414246,0.8273363316975849,1.0453785655329542,0.743914880850262,1.3196868126967722,1.1709689369640308,1.796089207484169,0.6833354771601988,1.0016594645012193,0.7545947336475247,2.0878658223822333,1.3109604979359293,3.4268361286806734,0.6713149913173355,1.073798953688475,0.8574767216945998,2.151266332773878,1.2129855431242724,2.2652765677216733,0.8101429603457303,1.052988327345013,0.8828872426574955,2.155327921674493,1.204195558272703,2.338610322414246,0.8348021725319246,1.0703014874352903
transformer_add149_f0.3_wd1.0_softmax_ce_s1,9600.0,1.0256977830345728,2.477685795979958,1.386530542843953,3.523031385526946,0.6515576816329509,0.872681479155018,1.095727264364018,2.477685795979958,1.377763126896826,3.4913232599395694,0.710086935814905,0.8699911221055361,0.8351890450400931,1.9939833781763117,1.4270275601976232,3.6937249139435155,0.5282113833342392,0.8697521281547517,0.9955114117172527,2.4911885801307494,1.4028331053215246,3.5967015219309872,0.6474069887220941,0.8864862245946857,0.9955114117172527,2.4128912177918855,1.3860868725244717,3.518464360787621,0.6864284529370921,0.8864862245946857
transformer_add149_f0.3_wd1.0_softmax_ce_s2,6800.0,0.7722425139392878,1.4135293243965976,1.4363701000756621,2.5207648393621627,0.5480653305229779,0.845858675504348,1.0533897474051845,1.95245717144087,1.4363701000756621,3.0088639973495805,0.7263563810071076,0.891590650350583,0.2824365096288449,0.49654031956875067,1.4207294895410225,2.729481622452579,0.217053257701216,0.8265369558562095,0.7909518947803026,1.4555353677538674,1.506498609174717,2.722942123218929,0.5353398381568486,0.8455093204768643,0.7679845510342209,1.3301281283043214,1.4280992604263285,2.281830885160518,0.5480653305229779,0.8549248935291143
transformer_add149_f0.3_wd1.0_softmax_ce_s3,9800.0,0.8543907469303205,1.7504975931748121,1.1766256140379059,2.270890056793438,0.7978851271530305,1.1706355870253813,0.9257858846491794,2.20264150984838,1.2901944823117826,2.8739317504258657,0.7806087481166297,1.1431298209517728,0.6189852512166529,1.0951274079691966,1.1690589331790764,1.8784705208940637,0.6301845572081081,1.0968031049528115,0.8281702904897675,1.685545405721917,1.0910872599928838,2.002173851891814,0.8128147274603256,1.1598043001400318,0.8543907469303205,1.9010030291916764,1.1766256140379059,2.301447692001885,0.7978851271530305,1.1706355870253813
transformer_add149_f0.3_wd1.0_softmax_ce_s4,9800.0,1.086603602896041,3.597159101658824,1.52896512006388,5.558949510149526,0.6557174976969783,1.1103409797995314,1.0023680531517176,2.8263537744241503,1.4105196531942836,4.468469970655831,0.6557174976969783,1.0264678816950572,0.7607746272344862,2.1768385199200067,1.6035431392213197,4.270821583777264,0.5145149989485674,1.0817127848717065,1.0736529378854789,3.510576582198077,1.5031962013496174,4.86153945377058,0.6534584797476509,1.1282312531206595,1.0775745464382591,3.536835389866121,1.5138194812360026,5.164594388905138,0.6641660889246209,1.128396225552117
transformer_add97_f0.3_wd0.1_softmax_ce_s1,142200.0,,,,,,,,,,,,,,,,,,,,,,,,,1.087929525760877,1.2217851555577832,0.9532905253824766,1.0922525007494643,1.1704933338865855,1.2616405972408726
transformer_add97_f0.3_wd0.1_softmax_ce_s2,137000.0,,,,,,,,,,,,,,,,,,,,,,,,,0.5114730825459528,0.8073770052001896,0.7390437410951961,1.1359344218453018,0.7052333579434308,1.4554921250410544
transformer_add97_f0.3_wd0.1_softmax_ce_s4,140100.0,,,,,,,,,,,,,,,,,,,,,,,,,0.9368835674579562,1.6633180922230009,0.8613201047402105,1.5912637079479128,1.1262147475122493,1.2250547390243012
transformer_add97_f0.3_wd0.3_softmax_ce_s0,55400.0,,,,,,,,,,,,,,,,,,,,,,,,,0.9776380714254073,1.3745303639875786,0.9702868884613984,1.325752722983048,1.1060221148542633,1.3033101955906718
transformer_add97_f0.3_wd0.3_softmax_ce_s1,41200.0,0.5409569580889065,0.7380275647367879,0.7235231768844428,1.2698564669594932,0.7555386675668428,1.7527359378860663,0.5150721999284509,0.5436516779064088,0.6922335269110321,1.0558634692152138,0.7477318310434743,1.6081643572520703,0.5393999413961772,0.8991532089233515,0.7502705528062146,1.5118004956396378,0.7634433488868614,1.793697155047312,,,,,,,0.6267332760482696,0.7380275647367879,0.840765451623166,1.1047802489992518,0.7555386675668428,1.201282769030119
transformer_add97_f0.3_wd0.3_softmax_ce_s2,43800.0,0.633234692506589,1.3969065136182162,0.8229848081517435,1.9047490136889365,0.7765509164291258,1.3101247869888122,0.7542025760015164,1.3969065136182162,1.0188578636114376,1.9406147160932985,0.7812973954235926,1.3439952571263656,0.6403553707665173,1.1666560803757222,0.9514909693457002,1.7390169463319864,0.7507807136041342,1.2230931236623368,,,,,,,0.709920909113344,1.3752441753855156,0.8320918780770293,1.4973786820873702,0.8456737928570304,1.2961665606922035
transformer_add97_f0.3_wd0.3_softmax_ce_s3,56500.0,,,,,,,,,,,,,,,,,,,,,,,,,0.7453439586902033,1.1367032248747764,0.8778145743405158,1.3182763075333634,0.898954681766966,1.4848395914552008
transformer_add97_f0.3_wd0.3_softmax_ce_s4,42600.0,0.6616076027039792,0.9857376832057105,0.8447014054271509,1.2644404694606781,0.7735370332474117,1.5883492386429392,0.5578462649732062,0.9904914404843395,0.7422462157538601,1.3229847936039865,0.7735370332474117,1.5813260150413313,0.6068361144154194,0.9800198011970912,0.8706511105351972,1.2682475280372023,0.7073085428524061,1.5635974532213546,,,,,,,0.6863897354657388,1.4157030785089835,0.8968710999571122,1.6415684134810304,0.7776355357201447,1.5658000550976405
transformer_add97_f0.3_wd1.0_softmax_ce_s0,27600.0,1.209967493067307,1.6415957185919416,1.2091118833356345,1.6579035560594824,0.9370895228077062,0.9910212087616167,1.3631075850330914,1.8869132948994956,1.266550823060724,1.9135797196405357,0.9705464360954139,0.9916383603361008,1.231943344508033,1.8434728256678532,1.1886779513527603,1.974062396836144,0.9620133874562358,0.9959500850195082,,,,,,,0.9598249401765228,1.43285176130886,1.19221940592946,1.1756089065785607,0.9879293824994703,1.0733097255765232
transformer_add97_f0.3_wd1.0_softmax_ce_s1,28600.0,0.8688833483951094,1.1558699045940193,0.907013910343647,0.9570062523383844,0.9778597483871659,1.320079971335529,0.9455344406491051,1.7975915863580616,0.9646721201611687,1.3783842217820044,1.0294311858713163,1.155543953015749,0.8397732185016346,1.24796825273184,0.8558594088909756,0.9545884256154707,1.0294311858713163,1.2841195707770363,,,,,,,0.8688833483951094,1.157321712838856,0.907013910343647,1.1487474088719678,1.0519215184503485,1.261644668266303
transformer_add97_f0.3_wd1.0_softmax_ce_s2,30000.0,1.0918934009113925,3.0616508338396513,1.1716242593902648,3.400348699418392,0.9673163795988137,1.6399991191389003,0.7581124344989862,1.8229652319325904,1.0915905253591272,2.4707952318297655,0.7850488646920815,1.6357609294878683,1.0039853773605827,2.9234202623685976,1.118431952489992,3.159198805155463,0.9725820089203568,1.592482972609231,,,,,,,1.1240152387553393,2.8877556550492316,1.1110878217185451,2.5984394389172896,1.1650347842013629,1.5916024309087076
transformer_add97_f0.3_wd1.0_softmax_ce_s3,34700.0,,,,,,,,,,,,,,,,,,,,,,,,,0.9086106289461077,1.5512494545790216,0.8806260554151021,1.4366813332289958,1.1113170431064194,1.2374337990819435
transformer_add97_f0.3_wd1.0_softmax_ce_s4,25700.0,0.8483782597197783,2.957536977827424,1.0854264170867567,3.8028069027083804,0.8444456798694268,1.214367331405343,0.9279304730329672,3.476885428062138,1.2571651772992198,4.367555390493824,0.8351492395028863,1.244900067355523,0.8761815566850142,2.6584638444186166,1.1093325121158895,3.33610972558682,0.8480617912276588,1.2044068344141667,0.8098929623172806,2.9244953005056415,1.0502975842499431,3.8098293254917435,0.801979415844245,1.1362378829901294,0.8483782597197783,2.4467193879178577,0.9523994020527301,2.673995073844904,0.8712023307225527,1.214367331405343
transformer_add97_f0.3_wd3.0_softmax_ce_s0,49300.0,0.33256522210268663,0.08312144585110454,0.33021899087428247,0.08915047038958282,0.9361159503699633,1.8119122567425672,0.3788421694421451,0.08338828959003913,0.3824798790005082,0.09219254718820867,0.9242091488066426,1.6585567422307306,0.3218857435235388,0.0822731754701368,0.3174685576635647,0.08772918766077323,0.9738795538366063,1.857624744500167,0.2910273472742816,0.04857854996053654,0.30276279144121104,0.05169455553120998,0.9361159503699633,1.8119122567425672,0.31974021915416134,0.08312144585110454,0.33021899087428247,0.08915047038958282,0.9299020307684152,1.8119122567425672
transformer_add97_f0.3_wd3.0_softmax_ce_s1,63700.0,0.330617186559719,0.09955002333741982,0.3471656348415727,0.09983046204769169,1.0162951161061065,2.0136964829429074,0.2949574435965514,0.09955002333741982,0.34344520493848146,0.09983046204769169,1.0161941236040557,2.0136964829429074,0.3339552306175664,0.12103469656559333,0.34529539861765013,0.1116882983249212,1.105236638113099,2.13798857381642,0.3313095299095863,0.1181034580428845,0.3610843651667255,0.1168448367679221,1.0322725341960228,1.8687776752157665,0.32805277539118083,0.08711571961440939,0.32601978006380905,0.09147581725708105,1.0079565337980971,1.963384650160217
transformer_add97_f0.3_wd3.0_softmax_ce_s2,47500.0,0.34192180170610975,0.13585993066801416,0.3297753440223136,0.13207888917467017,0.9978657741910648,1.8615285434862898,0.39088169710899184,0.1395681484453989,0.3803033269056172,0.13917920049124408,0.9738271176025515,1.799391297812611,0.32576651102751997,0.1551021996495213,0.28517442410066113,0.13938923196452704,1.0062678293170362,2.041454902769368,0.36053525595200814,0.14373786835440522,0.36672775628230203,0.1460891095330165,0.9971915790615927,1.9109298207144356,0.34192180170610975,0.13585993066801416,0.3297753440223136,0.13207888917467017,0.9774982639737011,1.799586758387751
transformer_add97_f0.3_wd3.0_softmax_ce_s3,78000.0,0.16942882864756428,0.04023162981729042,0.19300226071205842,0.04274654385009632,0.9634188004033121,1.8195246385972264,0.15858541924566877,0.04045998189560391,0.16590924581443628,0.04164066131842804,0.971788296984865,1.7830311952608744,0.17156091194700968,0.04023162981729042,0.18168094530549342,0.040986699812483596,0.9707083386741593,1.8195246385972264,0.12385277297913068,0.01055504869390093,0.1588944369603111,0.012839168305432634,0.8509060102472858,1.4899026286203623,0.2150048843159979,0.0452865420398101,0.22711008446380576,0.0453556030910069,1.0104969618181576,1.6400134510261843
transformer_add97_f0.3_wd3.0_softmax_ce_s4,39100.0,0.36370894931118797,0.14592902949354633,0.34929389505887964,0.14346410948114655,1.0751005781262006,1.9347743371282635,0.4338068717710082,0.14592902949354633,0.4255480086191744,0.15575562171241394,1.0340758875500298,1.9347743371282635,0.3441643873433044,0.14671236000192284,0.33807232214217314,0.1493574068562942,1.065416743775177,1.9877971790604823,0.35275186252049606,0.12013429073982256,0.34340561882130377,0.11943570649806191,1.0751005781262006,1.84701890740718,0.3879885085709692,0.15937765932318435,0.37312074091446396,0.15266003772671857,1.0765073257998745,1.84701890740718
transformer_add97_f0.4_wd0.0_softmax_ce_s0,3800.0,1.5164937437523698,0.9683052786810121,1.522648846467533,0.9722354092697271,1.0038381239013912,0.9791897108669667,1.3297033309414712,0.8562572608498621,1.3322031682051065,0.8608290532107881,0.9998752628056916,0.9551133338295352,1.5310854061137573,0.979621399929066,1.5351552850436163,0.9822251182419871,1.0104416717966158,0.9779209902779238,1.5191788132682134,0.967880979824791,1.5253438932927224,0.9718088016471501,1.0038530088620377,0.9794113544385957,1.515048394247604,0.968545072501339,1.5211942330144004,0.9724740043272584,1.0038306437420808,0.9791207346956902
transformer_add97_f0.4_wd0.0_softmax_ce_s1,8800.0,0.9624148054695244,1.3227358832548475,0.9910888861383316,1.33963400760315,0.9288446789465632,0.7457024145369554,0.9619802191420394,1.411241688783974,0.9862563233161848,1.4406889505098786,0.9287479959580115,0.8046611841539174,1.197825907298529,1.0256986923808165,1.2361335828887212,1.050321700676515,0.9288446789465632,0.6460493861660057,1.0729443830501024,1.4033631078866868,1.0892975713297242,1.4321315040229177,0.9222850824101019,0.7439741350132907,0.9441324663292876,1.2158435469437996,0.9689589959775933,1.222075902514858,0.932687015031653,0.7671763334989672
transformer_add97_f0.4_wd0.0_softmax_ce_s3,4900.0,0.9884498889954058,0.8016340089593035,0.9886170888740143,0.8017339087263065,0.9987525461196205,1.0613282040599121,0.9840187987035584,0.9989218658780173,0.9836021741274785,0.9985771713437179,1.0000520228082237,1.0055181841922964,1.03133508122666,0.7471840220720039,1.0287019433174465,0.756393854915233,0.9987525461196205,1.0039317965581283,0.9884358059476732,0.8013032266536608,0.9885771254085394,0.8013150287666089,0.9987523008835831,1.0616710367336666,0.9884750372949281,0.8015401689690771,0.988625111801061,0.8015519246156616,0.9987524153270673,1.0610001250282388
transformer_add97_f0.4_wd0.0_stablemax_ce_s3,38100.0,1.1050806718596529,1.9291257204561951,0.9883500229040859,1.718260188751262,1.1449475722575033,0.9203532319374531,1.0384522430635812,1.206088909568375,0.9800701921275904,1.1437432040884024,1.064205248622968,1.0261315359343457,1.1041509619649494,1.9070309985142726,0.9815070672813072,1.6787650691416918,1.1491922710596107,0.9225295613073105,1.0986544201940942,1.9158455842541782,0.9835301964670323,1.7031481964365993,1.1473006063962659,0.9234909114606187,1.1387222190301869,1.9617648786667152,1.01983263265065,1.7477854992351294,1.1418697939841405,0.9166874695333362
transformer_add97_f0.4_wd1.0_softmax_ce_s0,11600.0,0.664789989321529,2.261936233670296,0.8323371464004539,3.046014288484369,0.8700485083371804,2.2225520520654953,0.7585599351753228,4.093248415868943,0.891060606819719,4.509009622828061,0.9820895056464035,2.237868908370191,0.4953231519482979,2.1028099067657253,0.8281720210986587,3.604151262497027,0.6588675521266751,2.261490524402459,0.6489914461654095,2.327585077202728,0.8279333947654685,3.1079689815443756,0.8699053780798092,2.315525121559332,0.640379135534306,2.2206695351625485,0.8022907148545282,2.9446786484635217,0.8700485083371804,2.1219029760520667
transformer_add97_f0.4_wd1.0_softmax_ce_s1,9400.0,0.7398790417147293,2.063924012191657,1.0152570934078067,2.6303277742097166,0.8132152764912469,1.5574655325476023,0.8337677592273117,2.4847166170564092,0.9931295423707617,2.8207567982003106,0.8982959603931933,1.4146065040423896,0.6067954223650015,1.105553726077477,1.0610805685952571,2.6764843222787427,0.6003549687878849,1.4323735458646827,0.7565019223981304,2.5600530188471575,1.0204564393412139,3.4485242208797295,0.8126083871569596,1.634334407162075,0.7347507515475121,1.9958991170822158,1.0027217945274545,2.4927790256139795,0.8140425585938864,1.489995891575442
transformer_add97_f0.4_wd1.0_softmax_ce_s2,4900.0,0.21034431851503343,0.416623380051536,1.3518502231636247,2.610022689097712,0.15139128014963296,0.8119094063632909,0.40310335299886163,0.6092569808810362,1.2471554032184182,1.976237884530875,0.2809855932155532,0.8851673790790424,0.13469361031703342,0.2645028146115375,1.5501937589819443,3.011308461064022,0.08221925827948888,0.8748918175675957,0.21498392105355033,0.41848648067280164,1.3586437751414382,2.6559301914488813,0.15105738555972764,0.8071238155843597,0.21034431851503343,0.40288141611361156,1.3479306250737184,2.541592088517519,0.15268928245797855,0.8260028351713988
transformer_add97_f0.4_wd1.0_softmax_ce_s3,8800.0,0.9233354872167703,1.4001713363970014,1.2603312988499946,1.7552189017013347,0.7241195704694432,1.0799642471915194,1.0320140342102986,2.314078687520726,1.1252857967739052,2.378773594523857,0.8756088937528563,1.132165400676231,0.5453578354493578,0.853234505901221,1.314923471915651,2.078018609573585,0.43045215634589246,1.0423494925303785,1.02731114391817,1.5906401552098721,1.3586493822208794,1.9465167363714557,0.7116426764311765,1.0731959409517666,0.9233354872167703,1.3132306590280602,1.2603312988499946,1.5589897854131287,0.7473583937568904,1.0799642471915194
transformer_add97_f0.4_wd1.0_softmax_ce_s4,6100.0,0.46087998116259965,0.6908066175896895,1.375050586739729,2.4449183663459753,0.3088063077820214,1.2319185403687307,0.7162291091664139,1.0475726970103503,1.3471850674755677,1.9964361085409679,0.6133544009816132,1.2432088398552958,0.21062072781294447,0.3929780452321879,1.4942823356339459,2.449274816654365,0.14368550541284278,1.1797269152003182,0.4604891241657337,0.7534942015041367,1.3874836111833688,2.5159621441314086,0.3064230303599979,1.2106309803389654,0.46009826716886765,0.6757163443470066,1.3524754129941818,2.283979675713286,0.3110446368819969,1.1984924236609948
transformer_add97_f0.5_wd1.0_softmax_ce_s0,2900.0,0.04127596235653978,0.07602072710647514,1.0048793765690027,1.7223799361408512,0.04069980694969914,1.319084986898603,0.05684814737870249,0.11116887051630471,0.941203804854969,1.710690514367604,0.05974629252681471,1.267494454452719,0.029468460794840567,0.05340576768561432,1.0146994733581491,1.7298180037349127,0.02807035089549845,1.392823884812795,0.03974212633414649,0.07267880106543097,1.0078939043987314,1.771702773282834,0.039466303983702135,1.320441645892528,0.041375145383903744,0.0816028328514698,1.0013030024130494,1.7152309279728497,0.04103713995708588,1.2803237134203473
transformer_add97_f0.5_wd1.0_softmax_ce_s1,3500.0,0.08695510794436113,0.16915775873769712,1.3358796163401696,2.3221398121243446,0.062378559474141775,0.8472186612459224,0.14720445197335327,0.27094908264228,1.4316965348036197,2.559374372301826,0.09041340907836609,0.8599224868013418,0.04363704485047209,0.09290109631908954,1.16597082737709,2.15518382854689,0.03682076660827432,0.8746076941949672,0.08692519204705333,0.1680225257671628,1.426365162010039,2.330507356937943,0.060026459287167176,0.840209432642679,0.09277754365336346,0.1706823594196073,1.2680031873529998,2.260296307935472,0.06376948655252584,0.8394487386941661
transformer_add97_f0.5_wd1.0_softmax_ce_s2,2400.0,0.06792040926417871,0.2486223734998625,1.5289429601824684,4.863997423499982,0.03401860745474048,1.067005928007534,0.08364601377966849,0.3332114789567258,1.4660656069686535,5.009889858433244,0.04401876011608897,1.000997473847861,0.047778700759935816,0.16088150048783612,1.534458652605981,4.586429858589802,0.023515252686443344,1.1363327399105416,0.06628282419217064,0.22970919207702847,1.5379761403088261,5.171933807580057,0.033792188652140696,1.048988875937668,0.06803843779653079,0.2532572859194697,1.5199919269054698,4.836177805279568,0.036158696111338394,1.0549090192685233
transformer_add97_f0.5_wd1.0_softmax_ce_s3,3000.0,0.07991027723671221,0.14972637384330867,1.575463574237433,2.548961501934315,0.04885299742139116,0.9493500384298796,0.12724327585162384,0.19487794675105757,1.5834576096259079,2.4739426341714874,0.06693575808235723,0.9298533629722732,0.047259503320893445,0.08580007671843966,1.4872043525640821,2.319271796887391,0.030989672304406125,0.9834946521525665,0.07702609350113082,0.13009787001559053,1.602958358212019,2.6939602979030544,0.047927728711571596,0.942354509702538,0.08231415997098496,0.15068785554396785,1.5629342567931956,2.47562317948908,0.049114961172562754,0.9595150946277085
transformer_add97_f0.5_wd1.0_softmax_ce_s4,3600.0,0.09370291677013835,0.1497346598473766,1.3378369108325037,1.8697659982102182,0.06515215984886863,0.8401684884756162,0.1587400739780958,0.23831559288666881,1.3350956054928003,1.8451173147205495,0.10433224211171895,0.8420243530059179,0.058083146613368296,0.08796194257558128,1.3297077225267926,1.7868616257254477,0.03850208258656348,0.8200232003107312,0.09288383220895496,0.14555844258781278,1.3466286982823779,2.0740575435821698,0.06377825572379843,0.8407409481139535,0.09489926221892818,0.16262191791451278,1.3274886103562493,1.8519689785894815,0.06689278642880048,0.833432727993845
transformer_compose120_f0.6_wd1.0_softmax_ce_s0,15900.0,1.9871890700961758,23.01143131327291,4.412339623131289,47.877404454827335,0.5810253365941032,1.0840386160157545,2.2654751555676174,26.705785242644303,4.841149516792365,60.53268000055566,0.6075166232082397,1.1260769902776402,1.8428903249610054,23.014091531386896,4.262857247400905,51.27251843818099,0.5807360626620311,1.0919999493381627,1.9497546618764416,23.11405864773301,4.388974283405941,48.07493361473621,0.5869153167366001,1.1716204355517568,1.9871890700961758,23.01143131327291,4.412339623131289,47.24898232103628,0.586210730171728,1.024460827986253
transformer_compose120_f0.6_wd1.0_softmax_ce_s1,36300.0,1.4216988018725683,7.8849435055828945,2.8930532977342396,16.872013838584586,0.618919339512847,1.1273361472150008,1.4216988018725683,7.8849435055828945,2.8930532977342396,16.872013838584586,0.618919339512847,1.1549105099334245,1.4203385316133839,8.455357812245714,2.9110202444047526,17.48451163306906,0.6244502741959996,1.1511338573213101,1.4569304927398157,7.9156711346642545,2.9169604322443905,17.695994716617772,0.627468891688017,1.1665402350855165,1.410053955407436,7.852018652774619,2.8550166450934547,16.33788190261041,0.6180654360365031,1.1273361472150008
transformer_compose120_f0.6_wd1.0_softmax_ce_s2,89700.0,,,,,,,,,,,,,,,,,,,,,,,,,0.48079829337255925,0.4922757205574074,1.0929211313258942,1.085826095859409,0.5830212997694632,0.9839282816399697
transformer_compose120_f0.6_wd1.0_softmax_ce_s3,83200.0,0.7887435474890367,2.0551500200877855,1.7488657716559437,4.613039700036194,0.6542773432120564,1.2365640122959998,0.7369804746476275,2.1524525013429474,1.6484748261424145,4.658929901317027,0.6927733537084197,1.064150138829651,0.7208579307856853,2.0172046295118333,1.6213874685514682,4.445409185579514,0.6748898149496291,1.2677781731301387,,,,,,,0.6527494075002338,2.272779792814205,1.4819577428681978,5.2704838159152025,0.6402608124738667,1.4328584037809116
transformer_compose120_f0.6_wd1.0_softmax_ce_s4,17100.0,0.5355746995636349,1.009402802875303,1.3616604669616867,2.5443719476911517,0.5326560211878975,2.138500654793903,0.6603430580756247,2.502694960591256,1.6027801819901775,6.022538469599425,0.7203052787317678,2.1529387057756053,0.581311232931017,0.965803367052871,1.4596542573896594,2.433391470979907,0.5548119302129237,2.145695392709114,0.5251426668802064,0.9931478279355722,1.389625646108179,2.5043433024695276,0.5241080500416121,2.163007318563226,0.5826919996965416,1.009402802875303,1.3616604669616867,2.5443719476911517,0.5333786151565458,1.9980892850362613
transformer_compose97_f0.5_wd1.0_softmax_ce_s0,100000.0,,,,,,,,,,,,,,,,,,,,,,,,,,,,,,
transformer_compose97_f0.5_wd1.0_softmax_ce_s1,86600.0,,,,,,,,,,,,,,,,,,,,,,,,,1.0274522478559405,4.52860248022652,1.7748614418392394,7.905132749994352,0.7663442240888838,1.470050252581812
transformer_compose97_f0.6_wd1.0_softmax_ce_s0,13900.0,1.659570215622596,20.668659212755752,4.345062248407954,57.085316271133486,0.5364588566511193,1.745052257382178,1.4821583392536661,27.93602544129925,4.1383880606682535,74.35895415404524,0.5468763322428184,1.8102497326589846,1.9137297090352279,28.1997638893675,4.750937271221261,71.81968669609884,0.5386337114915618,1.7248093619719416,1.5941948631185283,21.620704951473083,4.37674452179938,59.54930077079901,0.517881965707854,1.9056452590591755,1.5941948631185283,20.5150345952681,4.318226518389552,56.82442237995994,0.5550357475943845,1.9056452590591755
transformer_compose97_f0.6_wd1.0_softmax_ce_s1,39500.0,1.7242241659677207,10.136822375075386,2.967043981935177,20.46578188890348,0.7834409907433489,1.19037667286383,1.7242241659677207,19.260922720796657,3.5257282893213437,34.96669101763453,0.7834409907433489,1.2019750047187001,1.7401900319599193,9.808596547106553,2.98927275148647,18.80918599884259,0.7332702141305757,1.1753694076119816,1.5079868540422177,8.67848445377576,2.7576039323761217,17.243336494614784,0.7745847721586837,1.1969945637025694,1.5959398161620009,10.136822375075386,2.8641466093137793,20.46578188890348,0.7678003735063955,1.19037667286383
transformer_div97_f0.5_wd1.0_softmax_ce_s0,8100.0,0.4645022760933006,1.4079642768484955,0.644755415452993,2.5274634620974794,0.6012060852537812,2.7367025462284498,0.5489929719884116,1.4403958735119897,0.7493030593498553,2.2065201490649318,0.6742372282169072,2.7111070080521427,0.2218842516501784,0.8571785914630946,0.6235565244471123,2.469168099337128,0.32188714743113606,2.6737159422977683,0.4595800568584426,1.4492628935220315,0.6586750640678685,2.541046407093025,0.6004370692409353,2.852907843518066,0.47536580565941167,1.4079642768484955,0.6557544153424284,2.4819129288717727,0.602398154419425,2.4965528449521286
transformer_div97_f0.5_wd1.0_softmax_ce_s1,9100.0,1.5918875186265402,7.588401589850817,1.0715307232957645,4.392445497933839,0.6799157134509701,1.0640283567917936,2.057770120158476,11.044816402848435,1.0715307232957645,5.533704940546192,0.7932243516562864,1.0853016672094815,1.1385494351446146,4.851321791160118,0.9969356395634804,4.221378304316616,0.5044816275813003,0.9080591004043235,1.5966097433881652,7.6950928700574694,1.0929791137765033,4.432424658478092,0.6757655932374053,1.0683618931385663,1.5885306297823454,7.580258377789894,1.1144275042572422,4.289027188143042,0.6827200070594677,1.073596047416278
transformer_div97_f0.5_wd1.0_softmax_ce_s2,8200.0,1.1259818894838167,1.7415544556750184,1.2912571450257917,2.1077478512691807,0.537127421462143,0.7576764722550057,1.1128613175492463,1.5758729654965118,1.0506398228051554,1.4742777223788086,0.5457969133800947,0.7780199262736612,0.9459370627817594,1.391307083812509,1.3431017675557817,2.1579436933370326,0.36228511355200593,0.7183526596732941,1.1812333708267626,1.7619254538597389,1.31918568133542,2.122414669450565,0.5282370948844941,0.7174093530397188,1.0934062230281854,1.6959069099010489,1.2861155285474661,2.1370814876319493,0.5452065726233821,0.7760142510482282
transformer_div97_f0.5_wd1.0_softmax_ce_s3,6000.0,0.5193891110087894,1.2393206618645116,1.175026501972885,3.3618693097042938,0.27513663509214065,1.7114359083021606,0.7261648890567538,1.3238235315680253,1.0530318179279465,2.638778137125901,0.4923187803252352,1.7516785937095476,0.17210739045610654,0.5831347236164799,1.0530318179279465,3.5246580169784836,0.1119685690016802,1.7111675420813126,0.523661978474589,1.241529201773517,1.2865455842743252,3.414332933858856,0.27511603049164646,1.7372003899816826,0.5193891110087894,1.234862216673862,1.175026501972885,3.260912159158552,0.2763666544815214,1.6595970390485637
transformer_div97_f0.5_wd1.0_softmax_ce_s4,8000.0,1.5981955553735991,5.804377142368915,1.6040381121871994,5.28612779263938,0.5737041307461339,0.7940098930089057,1.9161752622424477,6.391416387463139,1.7688400918331133,5.054108257518867,0.6882069057098158,0.8141296809586759,0.821531314565762,3.7001723656537906,1.1546511300317759,4.089335779941272,0.3592943869325033,0.69628679088769,1.6360409199694894,5.90707034071494,1.8253123549853694,5.648070379664661,0.5804039433011833,0.7985291569046277,1.542416553113817,5.707598763533327,1.48704895152727,4.197198674519838,0.5871037558562328,0.8160112583461268
transformer_mul97_f0.5_wd1.0_softmax_ce_s0,1900.0,0.056792486132192316,0.12142037858802567,0.9857234973966229,2.0774901585273264,0.02056304572881829,0.5026995801579214,0.07431780229952364,0.15247930913494143,1.019646038828815,2.1004840971975143,0.025288936574090346,0.4819693571851539,0.04230235607415822,0.08921014140750363,0.9907840655920297,2.0952834054794094,0.015272423813861864,0.5266573941011947,0.05487932209426617,0.12008426806111065,0.9816964086164797,2.0891058843350994,0.02040030771496202,0.4901308881567051,0.058588074981267634,0.1216770688512679,1.0025746421261545,2.064989965673303,0.02084645708185733,0.5311441774467976
transformer_mul97_f0.5_wd1.0_softmax_ce_s1,2700.0,0.0781052802857626,0.14571918025143166,0.8526441210586797,1.3199098148532737,0.033519977701132235,0.7425169340167673,0.10087468197456725,0.22796031361213082,0.8126664661040676,1.4185143389103971,0.0475508691627867,0.6938559179707361,0.05251857313895248,0.10195285630377933,0.8133828995667853,1.3021365201241961,0.023701039636286052,0.7793459496098742,0.07696915830497052,0.13812264177868772,0.8322794869090908,1.3560654159909151,0.033122631757981864,0.6982014260882784,0.07883796138864413,0.14996106277668278,0.8620778748682522,1.2835186049273664,0.03398248756719509,0.7447307980497131
transformer_mul97_f0.5_wd1.0_softmax_ce_s2,2600.0,0.06176182230224022,0.11906298245701503,0.5377859745995553,1.1246700699139756,0.036095403134461135,0.8356635588165574,0.0760110415298746,0.16829957390677414,0.5365186170553802,1.1931567500415718,0.047673534587976525,0.8436967032387487,0.038282877053556257,0.07046371266750279,0.5050525186055367,0.9815368197625061,0.02422738492214427,0.8804167944538269,0.05973749654895236,0.11794530882256533,0.5297056299047526,1.0471971075575341,0.03556524931341199,0.8559996213707055,0.06293840959748231,0.12037575180800633,0.5633617700365858,1.200196595647627,0.03646715078177668,0.8499499719377825
transformer_mul97_f0.5_wd1.0_softmax_ce_s3,2100.0,0.053372221671134,0.1351681449106089,0.9178202884132017,1.822292845601252,0.025647593650193267,0.783918929265174,0.0762321347207483,0.2093667436127343,0.9793983415428296,2.11082081773641,0.03402775102555712,0.7792388217043452,0.03699381708542384,0.09145779007918227,0.8724990537670783,1.692695776296034,0.018565328922117395,0.7839702270681689,0.05252946215002447,0.13448723743800714,0.910600896072795,1.8505506002505057,0.025500581760365265,0.7653831195587932,0.054555632238196226,0.13727309239062022,0.9033815037323882,1.7830585386161262,0.025732723236058772,0.7880274405271004
transformer_mul97_f0.5_wd1.0_softmax_ce_s4,2800.0,0.09513099109737923,0.224488239553342,0.8840567697320144,1.8217283196589424,0.03923955319975379,0.7107602633230625,0.12867514881619924,0.28889801234995033,0.8842644234046633,1.8062261870571772,0.05280349436372882,0.7490457600147288,0.06357384011687783,0.14076187008133015,0.8882229182498915,1.7591599034788357,0.025567847115532293,0.6418927302955523,0.0943103844130796,0.22224405416946436,0.8482135059844458,1.8069577763356854,0.038462682342417336,0.709493383376712,0.0968229467870126,0.22925702919766505,0.912964890354171,1.7921872330124284,0.04077669842073106,0.7186507187489994
transformer_sub97_f0.4_wd1.0_softmax_ce_s0,25100.0,0.8095567731302085,3.2010279088051687,1.5708598811231917,5.835858419194436,0.6232865460042978,1.6017848204638123,0.8095567731302085,3.195223933654276,1.5708598811231917,5.835858419194436,0.586118192961261,1.6901141805425692,0.8096862565664896,3.2177128406887103,1.4837316696829277,5.832508271408015,0.6255108945269052,1.5378275605656204,0.8131943516414959,3.214225778416059,1.5728426216884666,5.847829652191962,0.6230834276778127,1.6041504299482239,0.8064185487104141,3.175046069743984,1.5665880070274645,5.7379922519525905,0.6235965955123455,1.5520467859827227
transformer_sub97_f0.4_wd1.0_softmax_ce_s1,24500.0,1.6584325413070935,9.433830051396248,2.2306926891865246,10.239150757385683,0.7971339520318285,0.8343832269505996,1.0477513933247444,3.828601103815606,1.7605013711560369,5.529535481105389,0.6167822052401618,0.7949885430984482,1.6980140333816822,8.519144175761744,2.2918827325665547,10.101418865909837,0.7095420994535536,0.8774480179259159,1.6650751282549219,9.192012956182767,2.235673663289918,10.31442656497317,0.7874640184517494,0.7056133366848716,1.6584325413070935,9.433830051396248,2.2088800757185734,10.239150757385683,0.8107493270365004,0.8984204365320957
transformer_sub97_f0.5_wd1.0_softmax_ce_s0,8100.0,0.9301907314862858,4.172931849276023,1.8062143243642526,8.71385967203903,0.6143411056230991,2.4766859607593656,1.112222522603715,3.7054861124609495,1.8196533221425144,6.002201013305796,0.6771041305937162,2.3857062722078974,0.575959390769363,2.3000441513998298,1.8062143243642526,7.111248878266467,0.3493747733802947,2.4766859607593656,0.9250346822584143,4.244359539185252,1.8062143243642526,8.80446673971212,0.6098449590068326,2.556762212943498,0.9250346822584143,4.070097776453996,1.779547635895065,8.578949458204448,0.6194539969728926,2.424272910646494
transformer_sub97_f0.5_wd1.0_softmax_ce_s1,8200.0,1.1706460562522005,3.113935437659343,2.1292217077038282,5.946993236241444,0.6010061453783176,1.1807503165144042,1.1887735217404427,3.60851803380899,1.6995209452887732,5.3967554272803495,0.759015284418758,1.1837741139145115,0.79523826175316,2.25143561572192,2.2183208050546557,6.479181972325537,0.387432739637267,1.123941206966645,1.1722978164517401,3.404678317379101,2.214735759120656,6.675704724125716,0.5864845112491696,1.134571714953981,1.1667365624160178,2.9957726462429894,2.055984580485054,5.8560896311039325,0.6010061453783176,1.1807503165144042
